seed,condition,training_blocks,p_choose_A,value_A,value_B
0,reward_A,0,0.5,0.0,0.0
0,reward_A,1,0.5932960867043017,0.07999999999999996,0.0044783715012722825
0,reward_A,2,0.6737087775121707,0.15359999999999985,0.008598473282442898
0,reward_A,3,0.7397395232381108,0.22131199999999984,0.012388966921119793
0,reward_A,4,0.7922685206671021,0.2836070399999999,0.015876221068702345
0,reward_A,5,0.8332961073890456,0.34091847679999976,0.019084494884478387
0,reward_A,6,0.8650688509932312,0.3936449986559998,0.02203610679499246
0,reward_A,7,0.8896340999781246,0.4421533987635199,0.024751589752665448
0,reward_A,8,0.908682762273181,0.48678112686243824,0.027249834073724277
0,reward_A,9,0.9235404028799119,0.5278386367134431,0.02954821884909875
0,reward_A,10,0.9352175270980877,0.5656115457763676,0.03166273284244292
0,reward_A,11,0.9444737851277341,0.6003626221142582,0.03360808571631979
0,reward_A,12,0.9518771565899217,0.6323336123451175,0.03539781036028655
0,reward_A,13,0.9578522740348491,0.6617469233575082,0.0370443570327359
0,reward_A,14,0.9627176428728642,0.6888071694889075,0.038559179971389246
0,reward_A,15,0.9667134558912,0.7137025959297949,0.039952817074950575
0,reward_A,16,0.9700220626042723,0.7366063882554112,0.04123496321022657
0,reward_A,17,0.9727829322218691,0.7576778771949784,0.04241453765468084
0,reward_A,18,0.9751035756583744,0.77706364701938,0.043499746143578544
0,reward_A,19,0.9770675328529749,0.7948985552578296,0.04449813795336466
0,reward_A,20,0.9787402373113563,0.8113066708372033,0.04541665841836784
0,reward_A,21,0.9801733451056229,0.826402137170227,0.046261697246170574
0,reward_A,22,0.9814079502160997,0.8402899661966089,0.0470391329677492
0,reward_A,23,0.9824769887282438,0.8530667689008802,0.047754373831601415
0,reward_A,24,0.9834070490570359,0.8648214273888097,0.04841239542634568
0,reward_A,25,0.9842197446007547,0.875635713197705,0.04901777529351037
0,reward_A,26,0.9849327619665327,0.8855848561418885,0.04957472477130165
0,reward_A,27,0.9855606670533368,0.8947380676505374,0.05008711829086987
0,reward_A,28,0.9861155291889925,0.9031590222384944,0.050558520328872425
0,reward_A,29,0.9866074076321028,0.9109063004594149,0.05099221020383504
0,reward_A,30,0.9870447332644343,0.9180337964226617,0.051391204888800446
0,reward_A,31,0.9874346099479044,0.9245910927088488,0.05175827999896854
0,reward_A,32,0.9877830539111345,0.9306238052921408,0.052095989100323425
0,reward_A,33,0.9880951850341646,0.9361739008687696,0.05240668147356986
0,reward_A,34,0.9883753805700876,0.941279988799268,0.05269251845695666
0,reward_A,35,0.9886273993611828,0.9459775896953265,0.05295548848167242
0,reward_A,36,0.9888544827470234,0.9502993825197005,0.05319742090441082
0,reward_A,37,0.9890594369591053,0.9542754319181244,0.053419998733330254
0,reward_A,38,0.9892447007322199,0.9579333973646744,0.053624770335936045
0,reward_A,39,0.9894124010506562,0.9612987255755004,0.053813160210333444
0,reward_A,40,0.9895643993241326,0.9643948275294605,0.053986478894779144
0,reward_B,0,0.5,0.0,0.0
0,reward_B,1,0.40712644384862223,0.004828532235939487,0.07999999999999996
0,reward_B,2,0.3270306056168769,0.009270781893003899,0.15359999999999996
0,reward_B,3,0.2611940388302398,0.01335765157750346,0.22131199999999995
0,reward_B,4,0.2087548343644065,0.017117571687242927,0.28360704000000003
0,reward_B,5,0.16774290898811042,0.020576698188202958,0.34091847679999987
0,reward_B,6,0.13593989175850918,0.023759094569086536,0.3936449986559998
0,reward_B,7,0.11131958266670418,0.026686899239499184,0.4421533987635199
0,reward_B,8,0.09220508257563896,0.02938047953627898,0.48678112686243824
0,reward_B,9,0.07727930998875904,0.03185857340931608,0.5278386367134431
0,reward_B,10,0.0655364815327092,0.03413841977251053,0.5656115457763677
0,reward_B,11,0.05621929984515272,0.036235878426649326,0.6003626221142582
0,reward_B,12,0.04876072970524251,0.0381655403884571,0.6323336123451176
0,reward_B,13,0.042736290021219155,0.03994082939332022,0.6617469233575082
0,reward_B,14,0.037827209779144236,0.04157409527779399,0.6888071694889075
0,reward_B,15,0.033792834666349844,0.043076699891510195,0.7137025959297949
0,reward_B,16,0.030450283171440416,0.04445909613612897,0.7366063882554112
0,reward_B,17,0.027659551630978163,0.045730900681178355,0.7576778771949784
0,reward_B,18,0.02531262659493771,0.04690096086262374,0.7770636470193801
0,reward_B,19,0.023325512664568813,0.04797741622955343,0.7948985552578297
0,reward_B,20,0.021632372472915485,0.048967755167128924,0.8113066708372033
0,reward_B,21,0.020181196593604643,0.04987886698969812,0.826402137170227
0,reward_B,22,0.018930584382820477,0.05071708986646195,0.8402899661966088
0,reward_B,23,0.017847334865255866,0.05148825491308451,0.8530667689008802
0,reward_B,24,0.016904631374394546,0.05219772675597745,0.8648214273888097
0,reward_B,25,0.016080663998740228,0.05285044085143886,0.875635713197705
0,reward_B,26,0.015357576900727627,0.053450937819263356,0.8855848561418885
0,reward_B,27,0.01472065829606134,0.054003395029662116,0.8947380676505374
0,reward_B,28,0.014157712897806627,0.054511655663228686,0.9031590222384944
0,reward_B,29,0.013658572479332469,0.054979255446110264,0.9109063004594149
0,reward_B,30,0.013214711680051797,0.05540944724636099,0.9180337964226617
0,reward_B,31,0.012818944525211172,0.055805223702591666,0.9245910927088488
0,reward_B,32,0.012465183241903842,0.056169338042323935,0.9306238052921408
0,reward_B,33,0.012148245454403758,0.05650432323487764,0.9361739008687696
0,reward_B,34,0.01186369917737236,0.05681250961202711,0.941279988799268
0,reward_B,35,0.011607737512417381,0.05709604107900457,0.9459775896953265
0,reward_B,36,0.011377076819012212,0.057356890028623875,0.9502993825197005
0,reward_B,37,0.01116887353855821,0.057596871062273625,0.9542754319181244
0,reward_B,38,0.010980655918954028,0.05781765361323121,0.9579333973646744
0,reward_B,39,0.010810267702810128,0.05802077356011248,0.9612987255755004
0,reward_B,40,0.010655821468711303,0.05820764391124322,0.9643948275294605
0,no_reward,0,0.5,0.0,0.0
0,no_reward,1,0.5,0.0,0.0
0,no_reward,2,0.5,0.0,0.0
0,no_reward,3,0.5,0.0,0.0
0,no_reward,4,0.5,0.0,0.0
0,no_reward,5,0.5,0.0,0.0
0,no_reward,6,0.5,0.0,0.0
0,no_reward,7,0.5,0.0,0.0
0,no_reward,8,0.5,0.0,0.0
0,no_reward,9,0.5,0.0,0.0
0,no_reward,10,0.5,0.0,0.0
0,no_reward,11,0.5,0.0,0.0
0,no_reward,12,0.5,0.0,0.0
0,no_reward,13,0.5,0.0,0.0
0,no_reward,14,0.5,0.0,0.0
0,no_reward,15,0.5,0.0,0.0
0,no_reward,16,0.5,0.0,0.0
0,no_reward,17,0.5,0.0,0.0
0,no_reward,18,0.5,0.0,0.0
0,no_reward,19,0.5,0.0,0.0
0,no_reward,20,0.5,0.0,0.0
0,no_reward,21,0.5,0.0,0.0
0,no_reward,22,0.5,0.0,0.0
0,no_reward,23,0.5,0.0,0.0
0,no_reward,24,0.5,0.0,0.0
0,no_reward,25,0.5,0.0,0.0
0,no_reward,26,0.5,0.0,0.0
0,no_reward,27,0.5,0.0,0.0
0,no_reward,28,0.5,0.0,0.0
0,no_reward,29,0.5,0.0,0.0
0,no_reward,30,0.5,0.0,0.0
0,no_reward,31,0.5,0.0,0.0
0,no_reward,32,0.5,0.0,0.0
0,no_reward,33,0.5,0.0,0.0
0,no_reward,34,0.5,0.0,0.0
0,no_reward,35,0.5,0.0,0.0
0,no_reward,36,0.5,0.0,0.0
0,no_reward,37,0.5,0.0,0.0
0,no_reward,38,0.5,0.0,0.0
0,no_reward,39,0.5,0.0,0.0
0,no_reward,40,0.5,0.0,0.0
0,frozen,0,0.5,0.0,0.0
0,frozen,1,0.5,0.0,0.0
0,frozen,2,0.5,0.0,0.0
0,frozen,3,0.5,0.0,0.0
0,frozen,4,0.5,0.0,0.0
0,frozen,5,0.5,0.0,0.0
0,frozen,6,0.5,0.0,0.0
0,frozen,7,0.5,0.0,0.0
0,frozen,8,0.5,0.0,0.0
0,frozen,9,0.5,0.0,0.0
0,frozen,10,0.5,0.0,0.0
0,frozen,11,0.5,0.0,0.0
0,frozen,12,0.5,0.0,0.0
0,frozen,13,0.5,0.0,0.0
0,frozen,14,0.5,0.0,0.0
0,frozen,15,0.5,0.0,0.0
0,frozen,16,0.5,0.0,0.0
0,frozen,17,0.5,0.0,0.0
0,frozen,18,0.5,0.0,0.0
0,frozen,19,0.5,0.0,0.0
0,frozen,20,0.5,0.0,0.0
0,frozen,21,0.5,0.0,0.0
0,frozen,22,0.5,0.0,0.0
0,frozen,23,0.5,0.0,0.0
0,frozen,24,0.5,0.0,0.0
0,frozen,25,0.5,0.0,0.0
0,frozen,26,0.5,0.0,0.0
0,frozen,27,0.5,0.0,0.0
0,frozen,28,0.5,0.0,0.0
0,frozen,29,0.5,0.0,0.0
0,frozen,30,0.5,0.0,0.0
0,frozen,31,0.5,0.0,0.0
0,frozen,32,0.5,0.0,0.0
0,frozen,33,0.5,0.0,0.0
0,frozen,34,0.5,0.0,0.0
0,frozen,35,0.5,0.0,0.0
0,frozen,36,0.5,0.0,0.0
0,frozen,37,0.5,0.0,0.0
0,frozen,38,0.5,0.0,0.0
0,frozen,39,0.5,0.0,0.0
0,frozen,40,0.5,0.0,0.0
0,nonselective_reward,0,0.5,0.0,0.0
0,nonselective_reward,1,0.5002100964284353,0.04231769547325093,0.042149618320610704
0,nonselective_reward,2,0.5003953173806386,0.08276097580246922,0.0824447218320612
0,nonselective_reward,3,0.5005579492221598,0.12141906344770359,0.12097270388470238
0,nonselective_reward,4,0.5007000856437235,0.158376495095626,0.15781642621464576
0,nonselective_reward,5,0.5008236432951502,0.1937133966534622,0.19305448142134118
0,nonselective_reward,6,0.5009303761753151,0.2275057403782309,0.2267614385789547
0,nonselective_reward,7,0.5010218888755671,0.2598255853940815,0.25900807315536956
0,nonselective_reward,8,0.5010996487666227,0.2907413027582294,0.28986158232655335
0,nonselective_reward,9,0.5011649972120515,0.32031778615066664,0.3193857866944537
0,nonselective_reward,10,0.5012191598850722,0.34861664918398905,0.34764131934301845
0,nonselective_reward,11,0.5012632562594375,0.3756964102567978,0.3746858030989195
0,nonselective_reward,12,0.5012983083396791,0.40161266580674493,0.40057401680066207
0,nonselective_reward,13,0.501325248690902,0.42641825275701295,0.4253580513216002
0,nonselective_reward,14,0.5013449278236074,0.4501634008923995,0.44908745603857225
0,nonselective_reward,15,0.5013581209846759,0.47289587584791004,0.4718093763881104
0,nonselective_reward,16,0.5013655344016353,0.4946611133434897,0.4935686831061261
0,nonselective_reward,17,0.5013678110236193,0.5155023452529337,0.5144080937043757
0,nonselective_reward,18,0.5013655357990239,0.5354607180528543,0.5343682866975716
0,nonselective_reward,19,0.5013592405267029,0.5545754041585511,0.5534880090585165
0,nonselective_reward,20,0.5013494083146445,0.5728837066175196,0.5718041773448418
0,nonselective_reward,21,0.5013364776773879,0.590421157597905,0.5893519729096587
0,nonselective_reward,22,0.5013208463009768,0.6072216110782604,0.6061649315794477
0,nonselective_reward,23,0.5013028745019618,0.6233173301163146,0.6222750281556892
0,nonselective_reward,24,0.5012828884048781,0.6387390690479218,0.6377127560718705
0,nonselective_reward,25,0.501261182860681,0.6535161509427819,0.6525072025144796
0,nonselective_reward,26,0.5012380241268506,0.6676765406207562,0.6666861192952425
0,nonselective_reward,27,0.5012136523282363,0.6812469135115018,0.6802759897420776
0,nonselective_reward,28,0.5011882837161953,0.6942527206205966,0.6933020918578976
0,nonselective_reward,29,0.5011621127421927,0.7067182498472024,0.7057885579793732
0,nonselective_reward,30,0.5011353139607517,0.7186666838815119,0.717758431152
0,nonselective_reward,31,0.5011080437754533,0.7301201548946383,0.7292337184231643
0,nonselective_reward,32,0.5010804420406011,0.7410997962191581,0.7402354412413301
0,nonselective_reward,33,0.5010526335301719,0.7516257912051052,0.75078368313685
0,nonselective_reward,34,0.5010247292847361,0.7617174194237728,0.7608976348482076
0,nonselective_reward,35,0.5009968278461967,0.7713931003801311,0.7705956370466233
0,nonselective_reward,36,0.5009690163893994,0.7806704348839435,0.7798952208018625
0,nonselective_reward,37,0.5009413717589584,0.7895662442197124,0.7888131459227032
0,nonselective_reward,38,0.5009139614189684,0.7980966072463304,0.7973654372968018
0,nonselective_reward,39,0.5008868443226653,0.8062768955487236,0.8055674193465935
0,nonselective_reward,40,0.5008600717085393,0.8141218067557892,0.813433748710327
1,reward_A,0,0.5,0.0,0.0
1,reward_A,1,0.583660493769529,0.07999999999999985,0.01243631613324614
1,reward_A,2,0.6566974687852238,0.15359999999999974,0.02387772697583268
1,reward_A,3,0.7179956218681137,0.22131199999999973,0.03440382495101235
1,reward_A,4,0.7680968535984208,0.2836070399999998,0.04408783508817771
1,reward_A,5,0.8083937488841784,0.34091847679999965,0.052997124414369545
1,reward_A,6,0.8405406976307237,0.39364499865599967,0.06119367059446634
1,reward_A,7,0.8661217321049163,0.4421533987635198,0.06873449308015533
1,reward_A,8,0.8865067509624696,0.48678112686243813,0.07567204976698905
1,reward_A,9,0.9028166576397437,0.5278386367134431,0.08205460191887615
1,reward_A,10,0.9159403810128799,0.5656115457763676,0.08792654989861237
1,reward_A,11,0.926570842021112,0.6003626221142582,0.09332874203996955
1,reward_A,12,0.9352435863705787,0.6323336123451175,0.09829875881001826
1,reward_A,13,0.9423713051494351,0.6617469233575082,0.10287117423846304
1,reward_A,14,0.9482722308064571,0.6888071694889075,0.10707779643263227
1,reward_A,15,0.9531925046814588,0.7137025959297949,0.11094788885126783
1,reward_A,16,0.9573233823157059,0.7366063882554112,0.11450837387641266
1,reward_A,17,0.9608143005916915,0.7576778771949784,0.1177840200995458
1,reward_A,18,0.9637827423382386,0.7770636470193801,0.12079761462482863
1,reward_A,19,0.9663216700543141,0.7948985552578296,0.12357012158808856
1,reward_A,20,0.9685051333540065,0.8113066708372032,0.1261208279942876
1,reward_A,21,0.9703925107797257,0.826402137170227,0.12846747788799084
1,reward_A,22,0.9720317315601579,0.8402899661966088,0.13062639579019775
1,reward_A,23,0.9734617344712921,0.8530667689008801,0.13261260026022836
1,reward_A,24,0.9747143544981851,0.8648214273888097,0.13443990837265618
1,reward_A,25,0.9758157786446867,0.875635713197705,0.13612103183608992
1,reward_A,26,0.9767876758212485,0.8855848561418885,0.13766766542244913
1,reward_A,27,0.9776480789330823,0.8947380676505374,0.13909056832189937
1,reward_A,28,0.9784120775550863,0.9031590222384944,0.14039963898939367
1,reward_A,29,0.9790923650244311,0.9109063004594149,0.1416039840034884
1,reward_A,30,0.9796996730148868,0.9180337964226617,0.14271198141645558
1,reward_A,31,0.9802431186627091,0.9245910927088488,0.14373133903638535
1,reward_A,32,0.9807304833525724,0.9306238052921408,0.14466914804672082
1,reward_A,33,0.9811684378058815,0.9361739008687696,0.1455319323362294
1,reward_A,34,0.9815627247513408,0.941279988799268,0.1463256938825772
1,reward_A,35,0.9819183079133921,0.9459775896953265,0.14705595450521747
1,reward_A,36,0.9822394941191048,0.9502993825197005,0.14772779427804628
1,reward_A,37,0.9825300338448826,0.9542754319181244,0.1483458868690487
1,reward_A,38,0.9827932043878291,0.9579333973646744,0.14891453205277105
1,reward_A,39,0.983031878968959,0.9612987255755004,0.1494376856217957
1,reward_A,40,0.9832485843943672,0.9643948275294605,0.14991898690529826
1,reward_B,0,0.5,0.0,0.0
1,reward_B,1,0.4166415398886307,0.012684876748834117,0.07999999999999996
1,reward_B,2,0.3438406871165831,0.02435496335776144,0.15359999999999996
1,reward_B,3,0.28270103694519755,0.03509144303797462,0.22131199999999995
1,reward_B,4,0.23268886051307633,0.044969004343770824,0.2836070399999999
1,reward_B,5,0.19242793428864297,0.05405636074510334,0.34091847679999987
1,reward_B,6,0.16028065506023015,0.06241672863432923,0.3936449986559999
1,reward_B,7,0.1346767518019847,0.07010826709241691,0.4421533987635198
1,reward_B,8,0.11425632415433847,0.07718448247385756,0.48678112686243824
1,reward_B,9,0.09790517971517654,0.08369460062478318,0.5278386367134432
1,reward_B,10,0.08473862337084286,0.08968390932363457,0.5656115457763676
1,reward_B,11,0.07406624869099596,0.09519407332657792,0.6003626221142582
1,reward_B,12,0.06535389372940083,0.1002634242092858,0.6323336123451175
1,reward_B,13,0.05818953720283654,0.10492722702137713,0.6617469233575082
1,reward_B,14,0.05225518221454748,0.10921792560850108,0.6888071694889075
1,reward_B,15,0.04730466984730564,0.11316536830865498,0.7137025959297949
1,reward_B,16,0.04314658802072375,0.11679701559279676,0.7366063882554112
1,reward_B,17,0.03963127459942076,0.12013813109420701,0.7576778771949784
1,reward_B,18,0.03664099489417879,0.12321195735550461,0.7770636470193801
1,reward_B,19,0.03408253232999777,0.1260398775158985,0.7948985552578297
1,reward_B,20,0.031881594416779326,0.1286415640634606,0.8113066708372033
1,reward_B,21,0.029978577664015602,0.13103511568721782,0.826402137170227
1,reward_B,22,0.028325348560968813,0.1332371831810747,0.8402899661966089
1,reward_B,23,0.026882785144144203,0.13526308527542286,0.8530667689008802
1,reward_B,24,0.02561888948933354,0.1371269152022232,0.8648214273888097
1,reward_B,25,0.024507330409948402,0.1388416387348793,0.875635713197705
1,reward_B,26,0.02352631180663989,0.14041918438492307,0.8855848561418885
1,reward_B,27,0.022657688763444876,0.14187052638296338,0.8947380676505374
1,reward_B,28,0.021886273124540178,0.14320576102116034,0.9031590222384944
1,reward_B,29,0.021199284782227344,0.14443417688830162,0.9109063004594149
1,reward_B,30,0.020585915638324445,0.14556431948607162,0.9180337964226617
1,reward_B,31,0.020036981174928057,0.14660405067602011,0.9245910927088488
1,reward_B,32,0.019544640520436623,0.1475606033707726,0.9306238052921408
1,reward_B,33,0.019102170357039493,0.14844063184994483,0.9361739008687696
1,reward_B,34,0.018703781375792882,0.1492502580507833,0.941279988799268
1,reward_B,35,0.01834446852908238,0.1499951141555549,0.9459775896953265
1,reward_B,36,0.01801988826578527,0.15068038177194454,0.9502993825197005
1,reward_B,37,0.01772625741470186,0.15131082797902318,0.9542754319181244
1,reward_B,38,0.017460269519644387,0.15189083848953533,0.9579333973646744
1,reward_B,39,0.017219025308561838,0.15242444815920664,0.9612987255755004
1,reward_B,40,0.016999974661466296,0.15291536905530423,0.9643948275294605
1,no_reward,0,0.5,0.0,0.0
1,no_reward,1,0.5,0.0,0.0
1,no_reward,2,0.5,0.0,0.0
1,no_reward,3,0.5,0.0,0.0
1,no_reward,4,0.5,0.0,0.0
1,no_reward,5,0.5,0.0,0.0
1,no_reward,6,0.5,0.0,0.0
1,no_reward,7,0.5,0.0,0.0
1,no_reward,8,0.5,0.0,0.0
1,no_reward,9,0.5,0.0,0.0
1,no_reward,10,0.5,0.0,0.0
1,no_reward,11,0.5,0.0,0.0
1,no_reward,12,0.5,0.0,0.0
1,no_reward,13,0.5,0.0,0.0
1,no_reward,14,0.5,0.0,0.0
1,no_reward,15,0.5,0.0,0.0
1,no_reward,16,0.5,0.0,0.0
1,no_reward,17,0.5,0.0,0.0
1,no_reward,18,0.5,0.0,0.0
1,no_reward,19,0.5,0.0,0.0
1,no_reward,20,0.5,0.0,0.0
1,no_reward,21,0.5,0.0,0.0
1,no_reward,22,0.5,0.0,0.0
1,no_reward,23,0.5,0.0,0.0
1,no_reward,24,0.5,0.0,0.0
1,no_reward,25,0.5,0.0,0.0
1,no_reward,26,0.5,0.0,0.0
1,no_reward,27,0.5,0.0,0.0
1,no_reward,28,0.5,0.0,0.0
1,no_reward,29,0.5,0.0,0.0
1,no_reward,30,0.5,0.0,0.0
1,no_reward,31,0.5,0.0,0.0
1,no_reward,32,0.5,0.0,0.0
1,no_reward,33,0.5,0.0,0.0
1,no_reward,34,0.5,0.0,0.0
1,no_reward,35,0.5,0.0,0.0
1,no_reward,36,0.5,0.0,0.0
1,no_reward,37,0.5,0.0,0.0
1,no_reward,38,0.5,0.0,0.0
1,no_reward,39,0.5,0.0,0.0
1,no_reward,40,0.5,0.0,0.0
1,frozen,0,0.5,0.0,0.0
1,frozen,1,0.5,0.0,0.0
1,frozen,2,0.5,0.0,0.0
1,frozen,3,0.5,0.0,0.0
1,frozen,4,0.5,0.0,0.0
1,frozen,5,0.5,0.0,0.0
1,frozen,6,0.5,0.0,0.0
1,frozen,7,0.5,0.0,0.0
1,frozen,8,0.5,0.0,0.0
1,frozen,9,0.5,0.0,0.0
1,frozen,10,0.5,0.0,0.0
1,frozen,11,0.5,0.0,0.0
1,frozen,12,0.5,0.0,0.0
1,frozen,13,0.5,0.0,0.0
1,frozen,14,0.5,0.0,0.0
1,frozen,15,0.5,0.0,0.0
1,frozen,16,0.5,0.0,0.0
1,frozen,17,0.5,0.0,0.0
1,frozen,18,0.5,0.0,0.0
1,frozen,19,0.5,0.0,0.0
1,frozen,20,0.5,0.0,0.0
1,frozen,21,0.5,0.0,0.0
1,frozen,22,0.5,0.0,0.0
1,frozen,23,0.5,0.0,0.0
1,frozen,24,0.5,0.0,0.0
1,frozen,25,0.5,0.0,0.0
1,frozen,26,0.5,0.0,0.0
1,frozen,27,0.5,0.0,0.0
1,frozen,28,0.5,0.0,0.0
1,frozen,29,0.5,0.0,0.0
1,frozen,30,0.5,0.0,0.0
1,frozen,31,0.5,0.0,0.0
1,frozen,32,0.5,0.0,0.0
1,frozen,33,0.5,0.0,0.0
1,frozen,34,0.5,0.0,0.0
1,frozen,35,0.5,0.0,0.0
1,frozen,36,0.5,0.0,0.0
1,frozen,37,0.5,0.0,0.0
1,frozen,38,0.5,0.0,0.0
1,frozen,39,0.5,0.0,0.0
1,frozen,40,0.5,0.0,0.0
1,nonselective_reward,0,0.5,0.0,0.0
1,nonselective_reward,1,0.5001491363649299,0.04608874083944037,0.04596943174395829
1,nonselective_reward,2,0.5002806149631113,0.08985657476349096,0.0896320827694318
1,nonselective_reward,3,0.500396058772316,0.13143376285966168,0.1311169157755403
1,nonselective_reward,4,0.500496953992144,0.1709424216667873,0.1705448583421607
1,nonselective_reward,5,0.5005846611457783,0.20849707899082126,0.20802934986102095
1,nonselective_reward,6,0.5006604252972495,0.2442051894533428,0.24367684890828722
1,nonselective_reward,7,0.5007253854538264,0.27816761279738655,0.2775873040271929
1,nonselective_reward,8,0.50078058321775,0.3104790577433697,0.30985459066184384
1,nonselective_reward,9,0.5008269707465494,0.3412284939740159,0.3405669167735229
1,nonselective_reward,10,0.5008654180765523,0.3704995346298704,0.3698071994772636
1,nonselective_reward,11,0.5008967198599491,0.39837079151496924,0.39765341485787964
1,nonselective_reward,12,0.5009216015618194,0.4249162050442731,0.4241789229598699
1,nonselective_reward,13,0.5009407251598949,0.4502053508095164,0.4494527697935904
1,nonselective_reward,14,0.5009546943864751,0.4743037244971361,0.47353996805979615
1,nonselective_reward,15,0.5009640595488115,0.49727300676000297,0.49650175816521036
1,nonselective_reward,16,0.5009693219614189,0.5191713095229232,0.5183958509823081
1,nonselective_reward,17,0.5009709380211399,0.5400534050895145,0.5392766536962554
1,nonselective_reward,18,0.500969322953355,0.5599709393143576,0.5591954799801907
1,nonselective_reward,19,0.500964854255491,0.5789726300086183,0.5782007456461167
1,nonselective_reward,20,0.5009578748619284,0.597104451658989,0.5963381508319792
1,nonselective_reward,21,0.5009486960524806,0.6144098074582485,0.6136508497054893
1,nonselective_reward,22,0.5009376001248961,0.6309296895704732,0.6301796085913667
1,nonselective_reward,23,0.5009248428501918,0.6467028284844215,0.6459629533604799
1,nonselective_reward,24,0.5009106557281602,0.6617658322444652,0.6610373068563875
1,nonselective_reward,25,0.5008952480590027,0.6761533162891926,0.6754371170766411
1,nonselective_reward,26,0.5008788088457918,0.6898980245731057,0.6891949767725152
1,nonselective_reward,27,0.5008615085412971,0.7030309425963205,0.7023417350812453
1,nonselective_reward,28,0.5008435006516329,0.7155814029205254,0.7149066017590633
1,nonselective_reward,29,0.5008249232082075,0.7275771837063625,0.7269172445410128
1,nonselective_reward,30,0.5008059001185343,0.7390446007675976,0.7383998801144631
1,nonselective_reward,31,0.5007865424056366,0.7500085936006794,0.7493793591571362
1,nonselective_reward,32,0.5007669493449938,0.7604928058143171,0.7598792458571179
1,nonselective_reward,33,0.5007472095072837,0.7705196603523283,0.769921892301505
1,nonselective_reward,34,0.5007274017144997,0.7801104298740054,0.7795285080918687
1,nonselective_reward,35,0.5007075959164349,0.789285302629451,0.7887192255183958
1,nonselective_reward,36,0.5006878539939628,0.7980634441425669,0.797513160600246
1,nonselective_reward,37,0.5006682304950317,0.806463054991484,0.8059284702771795
1,nonselective_reward,38,0.5006487733088227,0.8145014249550582,0.8139824060167217
1,nonselective_reward,39,0.5006295242830822,0.8221949837744918,0.8216913640819128
1,nonselective_reward,40,0.5006105197892449,0.8295593487610455,0.8290709326869169
2,reward_A,0,0.5,0.0,0.0
2,reward_A,1,0.5808352732434752,0.07999999999999985,0.014759358288770175
2,reward_A,2,0.651652332201241,0.15359999999999985,0.028337967914438433
2,reward_A,3,0.7114442100620733,0.22131199999999973,0.04083028877005346
2,reward_A,4,0.7606814342735823,0.2836070399999996,0.05232322395721922
2,reward_A,5,0.8006096058737393,0.34091847679999965,0.06289672432941174
2,reward_A,6,0.8327304294707027,0.3936449986559999,0.07262434467182888
2,reward_A,7,0.8585013670600267,0.44215339876351967,0.08157375538685274
2,reward_A,8,0.879199304393181,0.48678112686243813,0.08980721324467444
2,reward_A,9,0.8958819416699315,0.5278386367134431,0.09738199447387064
2,reward_A,10,0.9093977700056932,0.5656115457763676,0.10435079320473106
2,reward_A,11,0.9204152672183861,0.6003626221142582,0.11076208803712251
2,reward_A,12,0.9294561852388146,0.6323336123451175,0.11666047928292289
2,reward_A,13,0.936926233855091,0.6617469233575081,0.12208699922905919
2,reward_A,14,0.9431408704555994,0.6888071694889074,0.12707939757950448
2,reward_A,15,0.9483459599135738,0.7137025959297948,0.13167240406191427
2,reward_A,16,0.9527338903915454,0.7366063882554112,0.13589797002573123
2,reward_A,17,0.9564559611328045,0.7576778771949784,0.1397854907124425
2,reward_A,18,0.9596318334491205,0.77706364701938,0.1433620097442172
2,reward_A,19,0.9623567199832749,0.7948985552578296,0.14665240725344986
2,reward_A,20,0.9647068537687008,0.8113066708372032,0.1496795729619439
2,reward_A,21,0.9667436571704111,0.8264021371702269,0.15246456541375852
2,reward_A,22,0.9685169304979946,0.8402899661966088,0.15502675846942782
2,reward_A,23,0.9700673012153112,0.8530667689008801,0.1573839760806437
2,reward_A,24,0.9714281143238344,0.8648214273888097,0.15955261628296236
2,reward_A,25,0.9726268990300061,0.875635713197705,0.1615477652690952
2,reward_A,26,0.9736865128425789,0.8855848561418885,0.1633833023363378
2,reward_A,27,0.9746260389775521,0.8947380676505374,0.16507199643820092
2,reward_A,28,0.9754614941717058,0.9031590222384944,0.16662559501191476
2,reward_A,29,0.9762063900420481,0.9109063004594149,0.1680549056997317
2,reward_A,30,0.9768721807217305,0.9180337964226617,0.16936987153252336
2,reward_A,31,0.9774686217231607,0.9245910927088488,0.17057964009869142
2,reward_A,32,0.9780040591412489,0.9306238052921408,0.17169262717956624
2,reward_A,33,0.978485663910884,0.9361739008687696,0.1727165752939709
2,reward_A,34,0.9789196225032402,0.941279988799268,0.17365860755922335
2,reward_A,35,0.9793112929136887,0.9459775896953265,0.1745252772432555
2,reward_A,36,0.9796653328595835,0.9502993825197005,0.17532261335256516
2,reward_A,37,0.9799858056209618,0.9542754319181244,0.17605616257313006
2,reward_A,38,0.980276267811411,0.9579333973646744,0.17673102785604966
2,reward_A,39,0.980539842478154,0.9612987255755004,0.1773519039163357
2,reward_A,40,0.9807792802386553,0.9643948275294605,0.17792310989179894
2,reward_B,0,0.5,0.0,0.0
2,reward_B,1,0.418134837614031,0.013913043478260834,0.07999999999999996
2,reward_B,2,0.34650564552810237,0.026713043478260534,0.15360000000000007
2,reward_B,3,0.28615856397343037,0.038489043478260654,0.22131199999999995
2,reward_B,4,0.2365983394082607,0.04932296347826082,0.2836070399999999
2,reward_B,5,0.19652735063695828,0.059290169878260635,0.3409184768
2,reward_B,6,0.16438936112432323,0.06845999976626072,0.3936449986559999
2,reward_B,7,0.1386813375729759,0.07689624326322053,0.4421533987635199
2,reward_B,8,0.1180926313946708,0.08465758728042372,0.48678112686243824
2,reward_B,9,0.10154240049429533,0.0917980237762509,0.5278386367134431
2,reward_B,10,0.0881672020944437,0.09836722535241171,0.5656115457763677
2,reward_B,11,0.07728941197148236,0.10441089080247945,0.6003626221142582
2,reward_B,12,0.0683820306219203,0.10997106301654203,0.6323336123451175
2,reward_B,13,0.061036617597237504,0.11508642145347969,0.6617469233575082
2,reward_B,14,0.054936554870554904,0.11979255121546217,0.6888071694889075
2,reward_B,15,0.04983576135269035,0.12412219059648588,0.7137025959297949
2,reward_B,16,0.04554217456116204,0.12810545882702795,0.7366063882554112
2,reward_B,17,0.041905109544642785,0.1317700655991264,0.7576778771949784
2,reward_B,18,0.03880565206050534,0.13514150382945722,0.7770636470193801
2,reward_B,19,0.03614937599720167,0.1382432270013616,0.7948985552578297
2,reward_B,20,0.03386082052811637,0.14109681231951354,0.8113066708372033
2,reward_B,21,0.03187929202052609,0.14372211081221342,0.826402137170227
2,reward_B,22,0.030155661373308756,0.14613738542549715,0.8402899661966089
2,reward_B,23,0.028649909810455225,0.14835943806971819,0.8530667689008802
2,reward_B,24,0.02732923875200104,0.1504037265024014,0.8648214273888097
2,reward_B,25,0.026166606287709802,0.15228447186047045,0.875635713197705
2,reward_B,26,0.025139587657067957,0.15401475758989358,0.8855848561418885
2,reward_B,27,0.024229482985310635,0.15560662046096285,0.8947380676505374
2,reward_B,28,0.023420614664755555,0.15707113430234665,0.9031590222384944
2,reward_B,29,0.02269977096046911,0.1584184870364198,0.9109063004594149
2,reward_B,30,0.022055762965144495,0.15965805155176716,0.9180337964226617
2,reward_B,31,0.02147906989199114,0.16079845090588663,0.9245910927088488
2,reward_B,32,0.020961553581667854,0.16184761831167638,0.9306238052921408
2,reward_B,33,0.02049622752597084,0.1628128523250032,0.9361739008687696
2,reward_B,34,0.020077069054919003,0.16370086761726388,0.941279988799268
2,reward_B,35,0.019698865872056333,0.1645178416861438,0.9459775896953265
2,reward_B,36,0.019357090058817007,0.1652694578295132,0.9502993825197005
2,reward_B,37,0.019047794152820374,0.16596094468141276,0.9542754319181244
2,reward_B,38,0.018767525048114894,0.16659711258516074,0.9579333973646744
2,reward_B,39,0.018513252350275365,0.1671823870566087,0.9612987255755004
2,reward_B,40,0.0182823085075284,0.16772083957034079,0.9643948275294605
2,no_reward,0,0.5,0.0,0.0
2,no_reward,1,0.5,0.0,0.0
2,no_reward,2,0.5,0.0,0.0
2,no_reward,3,0.5,0.0,0.0
2,no_reward,4,0.5,0.0,0.0
2,no_reward,5,0.5,0.0,0.0
2,no_reward,6,0.5,0.0,0.0
2,no_reward,7,0.5,0.0,0.0
2,no_reward,8,0.5,0.0,0.0
2,no_reward,9,0.5,0.0,0.0
2,no_reward,10,0.5,0.0,0.0
2,no_reward,11,0.5,0.0,0.0
2,no_reward,12,0.5,0.0,0.0
2,no_reward,13,0.5,0.0,0.0
2,no_reward,14,0.5,0.0,0.0
2,no_reward,15,0.5,0.0,0.0
2,no_reward,16,0.5,0.0,0.0
2,no_reward,17,0.5,0.0,0.0
2,no_reward,18,0.5,0.0,0.0
2,no_reward,19,0.5,0.0,0.0
2,no_reward,20,0.5,0.0,0.0
2,no_reward,21,0.5,0.0,0.0
2,no_reward,22,0.5,0.0,0.0
2,no_reward,23,0.5,0.0,0.0
2,no_reward,24,0.5,0.0,0.0
2,no_reward,25,0.5,0.0,0.0
2,no_reward,26,0.5,0.0,0.0
2,no_reward,27,0.5,0.0,0.0
2,no_reward,28,0.5,0.0,0.0
2,no_reward,29,0.5,0.0,0.0
2,no_reward,30,0.5,0.0,0.0
2,no_reward,31,0.5,0.0,0.0
2,no_reward,32,0.5,0.0,0.0
2,no_reward,33,0.5,0.0,0.0
2,no_reward,34,0.5,0.0,0.0
2,no_reward,35,0.5,0.0,0.0
2,no_reward,36,0.5,0.0,0.0
2,no_reward,37,0.5,0.0,0.0
2,no_reward,38,0.5,0.0,0.0
2,no_reward,39,0.5,0.0,0.0
2,no_reward,40,0.5,0.0,0.0
2,frozen,0,0.5,0.0,0.0
2,frozen,1,0.5,0.0,0.0
2,frozen,2,0.5,0.0,0.0
2,frozen,3,0.5,0.0,0.0
2,frozen,4,0.5,0.0,0.0
2,frozen,5,0.5,0.0,0.0
2,frozen,6,0.5,0.0,0.0
2,frozen,7,0.5,0.0,0.0
2,frozen,8,0.5,0.0,0.0
2,frozen,9,0.5,0.0,0.0
2,frozen,10,0.5,0.0,0.0
2,frozen,11,0.5,0.0,0.0
2,frozen,12,0.5,0.0,0.0
2,frozen,13,0.5,0.0,0.0
2,frozen,14,0.5,0.0,0.0
2,frozen,15,0.5,0.0,0.0
2,frozen,16,0.5,0.0,0.0
2,frozen,17,0.5,0.0,0.0
2,frozen,18,0.5,0.0,0.0
2,frozen,19,0.5,0.0,0.0
2,frozen,20,0.5,0.0,0.0
2,frozen,21,0.5,0.0,0.0
2,frozen,22,0.5,0.0,0.0
2,frozen,23,0.5,0.0,0.0
2,frozen,24,0.5,0.0,0.0
2,frozen,25,0.5,0.0,0.0
2,frozen,26,0.5,0.0,0.0
2,frozen,27,0.5,0.0,0.0
2,frozen,28,0.5,0.0,0.0
2,frozen,29,0.5,0.0,0.0
2,frozen,30,0.5,0.0,0.0
2,frozen,31,0.5,0.0,0.0
2,frozen,32,0.5,0.0,0.0
2,frozen,33,0.5,0.0,0.0
2,frozen,34,0.5,0.0,0.0
2,frozen,35,0.5,0.0,0.0
2,frozen,36,0.5,0.0,0.0
2,frozen,37,0.5,0.0,0.0
2,frozen,38,0.5,0.0,0.0
2,frozen,39,0.5,0.0,0.0
2,frozen,40,0.5,0.0,0.0
2,nonselective_reward,0,0.5,0.0,0.0
2,nonselective_reward,1,0.49949221128827165,0.04667826086956506,0.047084491978609644
2,nonselective_reward,2,0.4990445455945001,0.09096581565217376,0.091730180106952
2,nonselective_reward,3,0.4986514771802336,0.1329993409224347,0.13407816179405374
2,nonselective_reward,4,0.49830794570706777,0.17290682800281143,0.1742604766045871
2,nonselective_reward,5,0.4980093185853277,0.210808182679739,0.21240073622616717
2,nonselective_reward,6,0.4977513562807122,0.24681578115030145,0.2486147082539204
2,nonselective_reward,7,0.4975301803585448,0.28103498550106554,0.28301085728478204
2,nonselective_reward,8,0.4973422440588934,0.31356462176701183,0.31569084654530544
2,nonselective_reward,9,0.49718430520935364,0.3444974233845389,0.3467500030289379
2,nonselective_reward,10,0.4970534012954653,0.3739204426366892,0.3762777488901422
2,nonselective_reward,11,0.49694682652143624,0.4019154324896512,0.4043580016318812
2,nonselective_reward,12,0.49686211070593916,0.4285592010359137,0.43106954542847864
2,nonselective_reward,13,0.4967969998692082,0.4539239405900112,0.45648637574644146
2,nonselective_reward,14,0.49674943837842866,0.478077533326455,0.48067801926029385
2,nonselective_reward,15,0.4967175525285012,0.5010838352052135,0.5037098309077652
2,nonselective_reward,16,0.4966996354446844,0.5230029397970153,0.5256432697877756
2,nonselective_reward,17,0.49669413320237343,0.5438914234979442,0.5465361554746662
2,nonselective_reward,18,0.4966996320674136,0.5638025735094796,0.5664429062021743
2,nonselective_reward,19,0.49671484676788297,0.5827865998555597,0.585414760259977
2,nonselective_reward,20,0.4967386097152576,0.6008908326117381,0.6034999818434859
2,nonselective_reward,21,0.4967698610993276,0.6181599054324382,0.6207440525033319
2,nonselective_reward,22,0.4968076397871807,0.6346359263800967,0.6371898492539909
2,nonselective_reward,23,0.4968510749620837,0.6503586369841166,0.6528778103207217
2,nonselective_reward,24,0.4968993784431496,0.6653655603874923,0.6678460894298909
2,nonselective_reward,25,0.4969518376313687,0.6796921393743263,0.6821306994793687
2,nonselective_reward,26,0.4970078090318832,0.6933718650117439,0.6957656463625361
2,nonselective_reward,27,0.49706671230636756,0.7064363965846133,0.7087830536611692
2,nonselective_reward,28,0.49712802481302704,0.7189156734505783,0.7212132788686514
2,nonselective_reward,29,0.49719127659510864,0.7308380193959236,0.7330850217552862
2,nonselective_reward,30,0.49725604578191585,0.742230240029399,0.7444254254416114
2,nonselective_reward,31,0.4973219543691858,0.7531177137110453,0.7552601707032509
2,nonselective_reward,32,0.4973886643483157,0.7635244764760525,0.7656135639917275
2,nonselective_reward,33,0.4974558741563581,0.773473301379485,0.7755086196195232
2,nonselective_reward,34,0.4975233154209308,0.7829857726561222,0.7849671365243097
2,nonselective_reward,35,0.49759074997624864,0.7920823550604794,0.7940097699964427
2,nonselective_reward,36,0.49765796712838145,0.8007824587251113,0.8026560987253349
2,nonselective_reward,37,0.4977247811495765,0.809104499850381,0.8109246874940175
2,nonselective_reward,38,0.49779102898310407,0.8170659575158568,0.8188331458268853
2,nonselective_reward,39,0.49785656814154855,0.8246834268822095,0.8263981828731604
2,nonselective_reward,40,0.49792127478284226,0.8319726690328163,0.8336356587878434
3,reward_A,0,0.5,0.0,0.0
3,reward_A,1,0.5878367066879128,0.07999999999999996,0.008994082840236839
3,reward_A,2,0.6641083786818919,0.15359999999999985,0.017268639053254597
3,reward_A,3,0.7275353773833836,0.22131199999999995,0.024881230769230878
3,reward_A,4,0.7787869279040854,0.2836070399999999,0.03188481514792907
3,reward_A,5,0.8194982544970868,0.34091847679999976,0.03832811277633141
3,reward_A,6,0.8515670956354952,0.39364499865599967,0.044255946594461526
3,reward_A,7,0.8767729228892844,0.4421533987635198,0.04970955370714136
3,reward_A,8,0.8966246952353223,0.48678112686243813,0.054726872250806635
3,reward_A,9,0.9123345714467002,0.5278386367134431,0.05934280531097891
3,reward_A,10,0.9248475648922289,0.5656115457763677,0.06358946372633723
3,reward_A,11,0.9348888090651344,0.6003626221142582,0.06749638946846714
3,reward_A,12,0.9430107084669523,0.6323336123451175,0.07109076115122648
3,reward_A,13,0.9496333494387287,0.6617469233575081,0.07439758309936484
3,reward_A,14,0.9550767639588289,0.6888071694889075,0.07743985929165242
3,reward_A,15,0.9595857491210578,0.7137025959297948,0.08023875338855702
3,reward_A,16,0.9633485840481398,0.7366063882554112,0.08281373595770891
3,reward_A,17,0.96651100431176,0.7576778771949784,0.08518271992132909
3,reward_A,18,0.9691865942227569,0.7770636470193801,0.08736218516785932
3,reward_A,19,0.9714645141315257,0.7948985552578296,0.08936729319466741
3,reward_A,20,0.9734152595849647,0.8113066708372033,0.09121199257933066
3,reward_A,21,0.9750949706193701,0.826402137170227,0.09290911601322083
3,reward_A,22,0.9765486723468949,0.8402899661966088,0.0944704695723998
3,reward_A,23,0.9778127257081397,0.8530667689008802,0.09590691484684466
3,reward_A,24,0.9789166921628466,0.8648214273888097,0.09722844449933388
3,reward_A,25,0.9798847613975229,0.875635713197705,0.09844425177962368
3,reward_A,26,0.9807368514325305,0.8855848561418885,0.0995627944774905
3,reward_A,27,0.9814894617085301,0.8947380676505374,0.10059185375952795
3,reward_A,28,0.9821563387972928,0.9031590222384944,0.10153858829900242
3,reward_A,29,0.982748999118142,0.9109063004594149,0.10240958407531897
3,reward_A,30,0.9832771418672211,0.9180337964226617,0.10321090018953005
3,reward_A,31,0.9837489771483409,0.9245910927088488,0.10394811101460422
3,reward_A,32,0.9841714882187129,0.9306238052921408,0.10462634497367262
3,reward_A,33,0.9845506422476386,0.9361739008687696,0.10525032021601555
3,reward_A,34,0.9848915606120169,0.941279988799268,0.105824377438971
3,reward_A,35,0.9851986572170148,0.9459775896953265,0.10635251008408997
3,reward_A,36,0.9854757514143258,0.9502993825197005,0.1068383921175996
3,reward_A,37,0.9857261606346838,0.9542754319181244,0.10728540358842842
3,reward_A,38,0.9859527767391713,0.9579333973646744,0.10769665414159069
3,reward_A,39,0.986158129239635,0.9612987255755004,0.10807500465050013
3,reward_A,40,0.9863444378789918,0.9643948275294605,0.10842308711869686
3,reward_B,0,0.5,0.0,0.0
3,reward_B,1,0.412352795779665,0.00915050167224063,0.07999999999999985
3,reward_B,2,0.33622666802677686,0.017568963210702337,0.15360000000000007
3,reward_B,3,0.27289371611950153,0.02531394782608687,0.22131199999999995
3,reward_B,4,0.2216910975780217,0.03243933367224083,0.28360704000000003
3,reward_B,5,0.180995272979247,0.038994688650702325,0.34091847679999987
3,reward_B,6,0.14891999557356184,0.045025615230886884,0.3936449986559999
3,reward_B,7,0.12369485803032018,0.050574067684656776,0.4421533987635199
3,reward_B,8,0.10381723118131114,0.05567864394212485,0.48678112686243824
3,reward_B,9,0.08807902501265696,0.06037485409899557,0.5278386367134432
3,reward_B,10,0.07553766579329727,0.06469536744331694,0.5656115457763677
3,reward_B,11,0.06546937560406549,0.06867023972009256,0.6003626221142582
3,reward_B,12,0.05732242235200435,0.07232712221472581,0.6323336123451175
3,reward_B,13,0.05067698046696263,0.07569145410978839,0.6617469233575082
3,reward_B,14,0.04521304198905161,0.07878663945324627,0.6888071694889075
3,reward_B,15,0.04068570582543645,0.08163420996922732,0.7137025959297949
3,reward_B,16,0.036906526485996745,0.08425397484392994,0.7366063882554112
3,reward_B,17,0.03372957812339377,0.08666415852865639,0.7576778771949784
3,reward_B,18,0.031041083932433575,0.08888152751860456,0.7770636470193801
3,reward_B,19,0.028751700393357824,0.09092150698935697,0.7948985552578297
3,reward_B,20,0.026790763642227416,0.09279828810244928,0.8113066708372033
3,reward_B,21,0.025101982225674828,0.09452492672649393,0.826402137170227
3,reward_B,22,0.023640196620921997,0.09611343426061536,0.8402899661966088
3,reward_B,23,0.022368927569145904,0.09757486119200698,0.8530667689008802
3,reward_B,24,0.021258509991930248,0.09891937396888717,0.8648214273888097
3,reward_B,25,0.020284663723196074,0.1001563257236171,0.875635713197705
3,reward_B,26,0.019427391846336368,0.10129432133796834,0.8855848561418885
3,reward_B,27,0.01867012614613325,0.10234127730317177,0.8947380676505374
3,reward_B,28,0.01799906007135714,0.10330447679115884,0.9031590222384944
3,reward_B,29,0.01740262483994115,0.10419062032010684,0.9109063004594149
3,reward_B,30,0.016871075477425414,0.1050058723667392,0.9180337964226617
3,reward_B,31,0.01639616179000828,0.10575590424964088,0.9245910927088488
3,reward_B,32,0.0159708653455102,0.10644593358191035,0.9306238052921408
3,reward_B,33,0.015589188049833017,0.1070807605675983,0.9361739008687696
3,reward_B,34,0.015245981281062651,0.10766480139443124,0.941279988799268
3,reward_B,35,0.01493680707994012,0.10820211895511755,0.9459775896953265
3,reward_B,36,0.014657824812692566,0.10869645111094883,0.9502993825197005
3,reward_B,37,0.01440569817937253,0.10915123669431381,0.9542754319181244
3,reward_B,38,0.014177518554354505,0.1095696394310095,0.9579333973646744
3,reward_B,39,0.013970741501090891,0.10995456994876962,0.9612987255755004
3,reward_B,40,0.013783133963886234,0.11030870602510878,0.9643948275294605
3,no_reward,0,0.5,0.0,0.0
3,no_reward,1,0.5,0.0,0.0
3,no_reward,2,0.5,0.0,0.0
3,no_reward,3,0.5,0.0,0.0
3,no_reward,4,0.5,0.0,0.0
3,no_reward,5,0.5,0.0,0.0
3,no_reward,6,0.5,0.0,0.0
3,no_reward,7,0.5,0.0,0.0
3,no_reward,8,0.5,0.0,0.0
3,no_reward,9,0.5,0.0,0.0
3,no_reward,10,0.5,0.0,0.0
3,no_reward,11,0.5,0.0,0.0
3,no_reward,12,0.5,0.0,0.0
3,no_reward,13,0.5,0.0,0.0
3,no_reward,14,0.5,0.0,0.0
3,no_reward,15,0.5,0.0,0.0
3,no_reward,16,0.5,0.0,0.0
3,no_reward,17,0.5,0.0,0.0
3,no_reward,18,0.5,0.0,0.0
3,no_reward,19,0.5,0.0,0.0
3,no_reward,20,0.5,0.0,0.0
3,no_reward,21,0.5,0.0,0.0
3,no_reward,22,0.5,0.0,0.0
3,no_reward,23,0.5,0.0,0.0
3,no_reward,24,0.5,0.0,0.0
3,no_reward,25,0.5,0.0,0.0
3,no_reward,26,0.5,0.0,0.0
3,no_reward,27,0.5,0.0,0.0
3,no_reward,28,0.5,0.0,0.0
3,no_reward,29,0.5,0.0,0.0
3,no_reward,30,0.5,0.0,0.0
3,no_reward,31,0.5,0.0,0.0
3,no_reward,32,0.5,0.0,0.0
3,no_reward,33,0.5,0.0,0.0
3,no_reward,34,0.5,0.0,0.0
3,no_reward,35,0.5,0.0,0.0
3,no_reward,36,0.5,0.0,0.0
3,no_reward,37,0.5,0.0,0.0
3,no_reward,38,0.5,0.0,0.0
3,no_reward,39,0.5,0.0,0.0
3,no_reward,40,0.5,0.0,0.0
3,frozen,0,0.5,0.0,0.0
3,frozen,1,0.5,0.0,0.0
3,frozen,2,0.5,0.0,0.0
3,frozen,3,0.5,0.0,0.0
3,frozen,4,0.5,0.0,0.0
3,frozen,5,0.5,0.0,0.0
3,frozen,6,0.5,0.0,0.0
3,frozen,7,0.5,0.0,0.0
3,frozen,8,0.5,0.0,0.0
3,frozen,9,0.5,0.0,0.0
3,frozen,10,0.5,0.0,0.0
3,frozen,11,0.5,0.0,0.0
3,frozen,12,0.5,0.0,0.0
3,frozen,13,0.5,0.0,0.0
3,frozen,14,0.5,0.0,0.0
3,frozen,15,0.5,0.0,0.0
3,frozen,16,0.5,0.0,0.0
3,frozen,17,0.5,0.0,0.0
3,frozen,18,0.5,0.0,0.0
3,frozen,19,0.5,0.0,0.0
3,frozen,20,0.5,0.0,0.0
3,frozen,21,0.5,0.0,0.0
3,frozen,22,0.5,0.0,0.0
3,frozen,23,0.5,0.0,0.0
3,frozen,24,0.5,0.0,0.0
3,frozen,25,0.5,0.0,0.0
3,frozen,26,0.5,0.0,0.0
3,frozen,27,0.5,0.0,0.0
3,frozen,28,0.5,0.0,0.0
3,frozen,29,0.5,0.0,0.0
3,frozen,30,0.5,0.0,0.0
3,frozen,31,0.5,0.0,0.0
3,frozen,32,0.5,0.0,0.0
3,frozen,33,0.5,0.0,0.0
3,frozen,34,0.5,0.0,0.0
3,frozen,35,0.5,0.0,0.0
3,frozen,36,0.5,0.0,0.0
3,frozen,37,0.5,0.0,0.0
3,frozen,38,0.5,0.0,0.0
3,frozen,39,0.5,0.0,0.0
3,frozen,40,0.5,0.0,0.0
3,nonselective_reward,0,0.5,0.0,0.0
3,nonselective_reward,1,0.5000938512981,0.044392240802675564,0.04431715976331374
3,nonselective_reward,2,0.5001765905972367,0.0866644402943143,0.08652316781065095
3,nonselective_reward,3,0.5002492392378812,0.12692839729898608,0.12672900589216607
3,nonselective_reward,4,0.5003127324829272,0.16528932210954161,0.16503913609057508
3,nonselective_reward,5,0.5003679265055702,0.20184626596859767,0.2015519247110149
3,nonselective_reward,6,0.5004156048200239,0.23669252036060584,0.23636003642801462
3,nonselective_reward,7,0.5004564841990409,0.26991598834252306,0.2695508008818277
3,nonselective_reward,8,0.5004912201187838,0.3015995299715303,0.3012065537500711
3,nonselective_reward,9,0.5005204117684166,0.331821283732221,0.3314049541671492
3,nonselective_reward,10,0.5005446066588416,0.3606549657216551,0.3602192802222848
3,nonselective_reward,11,0.5005643048623176,0.38817014821775586,0.38771870413622456
3,nonselective_reward,12,0.5005799629121991,0.4144325191338153,0.4139685485959763
3,nonselective_reward,13,0.5005919973897203,0.43950412374860237,0.4390305256155226
3,nonselective_reward,14,0.5006007882226604,0.4634435899969951,0.46296295918755737
3,nonselective_reward,15,0.5006066817187322,0.48630633850950244,0.48582099289633307
3,nonselective_reward,16,0.5006099933547692,0.5081447784998984,0.5076567835739776
3,nonselective_reward,17,0.5006110103411016,0.5290084905178656,0.528519682001666
3,nonselective_reward,18,0.5006099939789944,0.5489443970075298,0.5484564015822282
3,nonselective_reward,19,0.5006071818276077,0.5679969215425538,0.5675111758416945
3,nonselective_reward,20,0.5006027896956354,0.5862081375436154,0.5857259055534783
3,nonselective_reward,21,0.500597013471587,0.6036179072241936,0.6031402962199471
3,nonselective_reward,22,0.5005900308055735,0.6202640114552547,0.6197919865916904
3,nonselective_reward,23,0.5005820026544334,0.6361822711883033,0.6357166688544736
3,nonselective_reward,24,0.5005730747011126,0.6514066610290351,0.6509482010673917
3,nonselective_reward,25,0.5005633786583378,0.6659694155101777,0.6655187123927726
3,nonselective_reward,26,0.5005530334658318,0.679901128571766,0.6794587016186812
3,nonselective_reward,27,0.5005421463895894,0.6932308467198223,0.6927971294381783
3,nonselective_reward,28,0.500530814031052,0.7059861562999477,0.7055615049155709
3,nonselective_reward,29,0.5005191232534076,0.7181932652904728,0.7177779665385221
3,nonselective_reward,30,0.5005071520316569,0.7298770799903633,0.7294713582259006
3,nonselective_reward,31,0.5004949702325714,0.7410612769498357,0.7406653006344287
3,nonselective_reward,32,0.50048264033018,0.7517683704664567,0.7513822580823906
3,nonselective_reward,33,0.5004702180619652,0.7620197759461953,0.7616436013857243
3,nonselective_reward,34,0.5004577530305524,0.7718358694073499,0.7714696668805969
3,nonselective_reward,35,0.500445289255283,0.7812360433853366,0.7808798118869309
3,nonselective_reward,36,0.5004328656777204,0.7902387594778681,0.7898924668491775
3,nonselective_reward,37,0.5004205166248149,0.7988615977529877,0.7985251843738166
3,nonselective_reward,38,0.5004082722331508,0.8071213032266102,0.8067946853674994
3,nonselective_reward,39,0.5003961588374375,0.8150338296016028,0.8147169024653339
3,nonselective_reward,40,0.5003841993261412,0.8226143804468774,0.8223070209254724
4,reward_A,0,0.5,0.0,0.0
4,reward_A,1,0.5920054024556828,0.07999999999999985,0.0055476344782890985
4,reward_A,2,0.6714482769245604,0.15359999999999974,0.010651458198315034
4,reward_A,3,0.7368819902729322,0.22131199999999984,0.01534697602073909
4,reward_A,4,0.7891319460813011,0.2836070399999998,0.019666852417368874
4,reward_A,5,0.8301071282615308,0.34091847679999976,0.02364113870226836
4,reward_A,6,0.8619685922995419,0.3936449986559998,0.02729748208437588
4,reward_A,7,0.8866992832425601,0.4421533987635198,0.030661317995915094
4,reward_A,8,0.9059472596143365,0.48678112686243824,0.033756047034530834
4,reward_A,9,0.9210120052034085,0.5278386367134431,0.03660319775005738
4,reward_A,10,0.9328894125233299,0.5656115457763676,0.039222576408341814
4,reward_A,11,0.9423317749978153,0.6003626221142583,0.04163240477396357
4,reward_A,12,0.9499040506842935,0.6323336123451175,0.04384944687033554
4,reward_A,13,0.9560303059699385,0.6617469233575082,0.045889125598997715
4,reward_A,14,0.9610297824327347,0.6888071694889075,0.04776563002936707
4,reward_A,15,0.9651440297700808,0.7137025959297949,0.04949201410530646
4,reward_A,16,0.9685569863517134,0.7366063882554112,0.051080287455171236
4,reward_A,17,0.9714097298641414,0.7576778771949784,0.05254149893704663
4,reward_A,18,0.9738112908166717,0.7770636470193801,0.053885813500371915
4,reward_A,19,0.9758465909680969,0.7948985552578296,0.055122582898631145
4,reward_A,20,0.9775822921801874,0.8113066708372032,0.05626041074502963
4,reward_A,21,0.9790711274157303,0.826402137170227,0.05730721236371639
4,reward_A,22,0.9803551267967429,0.8402899661966088,0.058270269852908285
4,reward_A,23,0.9814680361646054,0.8530667689008802,0.05915628274296458
4,reward_A,24,0.9824371425361665,0.8648214273888097,0.05997141460181654
4,reward_A,25,0.9832846614129873,0.875635713197705,0.06072133591196027
4,reward_A,26,0.984028798404806,0.8855848561418885,0.061411263517292425
4,reward_A,27,0.9846845671985338,0.8947380676505374,0.0620459969141981
4,reward_A,28,0.9852644240452237,0.9031590222384944,0.06262995163935126
4,reward_A,29,0.9857787631679626,0.9109063004594149,0.06316718998649218
4,reward_A,30,0.9862363060599535,0.9180337964226617,0.06366144926586192
4,reward_A,31,0.9866444093063934,0.9245910927088488,0.06411616780288198
4,reward_A,32,0.9870093094514472,0.9306238052921408,0.06453450885694056
4,reward_A,33,0.987336318922892,0.9361739008687696,0.0649193826266744
4,reward_A,34,0.9876299836811078,0.941279988799268,0.06527346649482935
4,reward_A,35,0.9878942107611058,0.9459775896953265,0.06559922365353221
4,reward_A,36,0.9881323720001752,0.9502993825197005,0.0658989202395388
4,reward_A,37,0.9883473888263465,0.9542754319181244,0.06617464109866467
4,reward_A,38,0.9885418019058244,0.9579333973646744,0.06642830428906066
4,reward_A,39,0.9887178286244771,0.9612987255755004,0.06666167442422477
4,reward_A,40,0.988877410745991,0.9643948275294605,0.06687637494857568
4,reward_B,0,0.5,0.0,0.0
4,reward_B,1,0.40872690790900684,0.006153846153846065,0.08000000000000007
4,reward_B,2,0.32983684447683587,0.011815384615384672,0.15360000000000007
4,reward_B,3,0.2647470009145017,0.017023999999999928,0.22131199999999995
4,reward_B,4,0.21266166766461256,0.021815926153846088,0.2836070399999999
4,reward_B,5,0.17172229353440038,0.02622449821538453,0.3409184768
4,reward_B,6,0.1398155161245653,0.03028038451199999,0.3936449986559999
4,reward_B,7,0.11499465919523126,0.03401179990488612,0.4421533987635199
4,reward_B,8,0.09563604255509106,0.03744470206634132,0.48678112686243824
4,reward_B,9,0.0804551951117461,0.04060297205488039,0.5278386367134432
4,reward_B,10,0.06846476215460374,0.04350858044433592,0.5656115457763677
4,reward_B,11,0.05891684786662393,0.04618174016263521,0.6003626221142583
4,reward_B,12,0.05124838983366126,0.0486410471034705,0.6323336123451175
4,reward_B,13,0.045035780839502514,0.05090360948903905,0.6617469233575082
4,reward_B,14,0.039959462283948984,0.05298516688376209,0.6888071694889075
4,reward_B,15,0.03577718578765637,0.05490019968690718,0.7137025959297949
4,reward_B,16,0.03230416051803303,0.05666202986580082,0.7366063882554112
4,reward_B,17,0.029398429005435885,0.05828291363038296,0.7576778771949784
4,reward_B,18,0.026950119825360646,0.05977412669379856,0.7770636470193801
4,reward_B,19,0.02487354035334615,0.061146042712140636,0.7948985552578297
4,reward_B,20,0.023101339312312452,0.0624082054490156,0.8113066708372033
4,reward_B,21,0.021580176428760783,0.06356939516694049,0.826402137170227
4,reward_B,22,0.020267491558811006,0.06463768970743133,0.8402899661966089
4,reward_B,23,0.019129078865072244,0.06562052068468294,0.8530667689008802
4,reward_B,24,0.018137253334765326,0.06652472518375452,0.8648214273888097
4,reward_B,25,0.017269455580352557,0.06735659332290034,0.875635713197705
4,reward_B,26,0.016507182904700508,0.06812191201091433,0.8855848561418885
4,reward_B,27,0.015835164784026298,0.06882600520388749,0.8947380676505374
4,reward_B,28,0.015240722638421524,0.0694737709414226,0.9031590222384944
4,reward_B,29,0.01471326945485765,0.07006971541995488,0.9109063004594149
4,reward_B,30,0.014243916226038572,0.07061798434020461,0.9180337964226617
4,reward_B,31,0.013825160490956875,0.07112239174683443,0.9245910927088488
4,reward_B,32,0.013450638374127124,0.07158644656093383,0.9306238052921408
4,reward_B,33,0.013114926034098197,0.0720133769899054,0.9361739008687696
4,reward_B,34,0.012813379785396687,0.07240615298455899,0.941279988799268
4,reward_B,35,0.012542006664529272,0.0727675068996404,0.9459775896953265
4,reward_B,36,0.012297359095126806,0.07309995250151546,0.9502993825197005
4,reward_B,37,0.01207644873239736,0.07340580245524031,0.9542754319181244
4,reward_B,38,0.011876675650943176,0.0736871844126672,0.9579333973646744
4,reward_B,39,0.011695769869019308,0.07394605581349989,0.9612987255755006
4,reward_B,40,0.01153174283988506,0.07418421750226623,0.9643948275294605
4,no_reward,0,0.5,0.0,0.0
4,no_reward,1,0.5,0.0,0.0
4,no_reward,2,0.5,0.0,0.0
4,no_reward,3,0.5,0.0,0.0
4,no_reward,4,0.5,0.0,0.0
4,no_reward,5,0.5,0.0,0.0
4,no_reward,6,0.5,0.0,0.0
4,no_reward,7,0.5,0.0,0.0
4,no_reward,8,0.5,0.0,0.0
4,no_reward,9,0.5,0.0,0.0
4,no_reward,10,0.5,0.0,0.0
4,no_reward,11,0.5,0.0,0.0
4,no_reward,12,0.5,0.0,0.0
4,no_reward,13,0.5,0.0,0.0
4,no_reward,14,0.5,0.0,0.0
4,no_reward,15,0.5,0.0,0.0
4,no_reward,16,0.5,0.0,0.0
4,no_reward,17,0.5,0.0,0.0
4,no_reward,18,0.5,0.0,0.0
4,no_reward,19,0.5,0.0,0.0
4,no_reward,20,0.5,0.0,0.0
4,no_reward,21,0.5,0.0,0.0
4,no_reward,22,0.5,0.0,0.0
4,no_reward,23,0.5,0.0,0.0
4,no_reward,24,0.5,0.0,0.0
4,no_reward,25,0.5,0.0,0.0
4,no_reward,26,0.5,0.0,0.0
4,no_reward,27,0.5,0.0,0.0
4,no_reward,28,0.5,0.0,0.0
4,no_reward,29,0.5,0.0,0.0
4,no_reward,30,0.5,0.0,0.0
4,no_reward,31,0.5,0.0,0.0
4,no_reward,32,0.5,0.0,0.0
4,no_reward,33,0.5,0.0,0.0
4,no_reward,34,0.5,0.0,0.0
4,no_reward,35,0.5,0.0,0.0
4,no_reward,36,0.5,0.0,0.0
4,no_reward,37,0.5,0.0,0.0
4,no_reward,38,0.5,0.0,0.0
4,no_reward,39,0.5,0.0,0.0
4,no_reward,40,0.5,0.0,0.0
4,frozen,0,0.5,0.0,0.0
4,frozen,1,0.5,0.0,0.0
4,frozen,2,0.5,0.0,0.0
4,frozen,3,0.5,0.0,0.0
4,frozen,4,0.5,0.0,0.0
4,frozen,5,0.5,0.0,0.0
4,frozen,6,0.5,0.0,0.0
4,frozen,7,0.5,0.0,0.0
4,frozen,8,0.5,0.0,0.0
4,frozen,9,0.5,0.0,0.0
4,frozen,10,0.5,0.0,0.0
4,frozen,11,0.5,0.0,0.0
4,frozen,12,0.5,0.0,0.0
4,frozen,13,0.5,0.0,0.0
4,frozen,14,0.5,0.0,0.0
4,frozen,15,0.5,0.0,0.0
4,frozen,16,0.5,0.0,0.0
4,frozen,17,0.5,0.0,0.0
4,frozen,18,0.5,0.0,0.0
4,frozen,19,0.5,0.0,0.0
4,frozen,20,0.5,0.0,0.0
4,frozen,21,0.5,0.0,0.0
4,frozen,22,0.5,0.0,0.0
4,frozen,23,0.5,0.0,0.0
4,frozen,24,0.5,0.0,0.0
4,frozen,25,0.5,0.0,0.0
4,frozen,26,0.5,0.0,0.0
4,frozen,27,0.5,0.0,0.0
4,frozen,28,0.5,0.0,0.0
4,frozen,29,0.5,0.0,0.0
4,frozen,30,0.5,0.0,0.0
4,frozen,31,0.5,0.0,0.0
4,frozen,32,0.5,0.0,0.0
4,frozen,33,0.5,0.0,0.0
4,frozen,34,0.5,0.0,0.0
4,frozen,35,0.5,0.0,0.0
4,frozen,36,0.5,0.0,0.0
4,frozen,37,0.5,0.0,0.0
4,frozen,38,0.5,0.0,0.0
4,frozen,39,0.5,0.0,0.0
4,frozen,40,0.5,0.0,0.0
4,nonselective_reward,0,0.5,0.0,0.0
4,nonselective_reward,1,0.5003637269411737,0.04295384615384601,0.042662864549578905
4,nonselective_reward,2,0.5006843883058243,0.08395795692307673,0.0834104459364875
4,nonselective_reward,3,0.5009659422629749,0.12310847771569233,0.12233572294395878
4,nonselective_reward,4,0.5012120134989269,0.16049628469355115,0.1595266719952887
4,nonselective_reward,5,0.5014259202434728,0.19620730713911538,0.19506656785178844
4,nonselective_reward,6,0.5016106991568678,0.2303228281783256,0.229034264395502
4,nonselective_reward,7,0.5017691282417811,0.26291976541130535,0.26150445691165625
4,nonselective_reward,8,0.5019037479328335,0.2940709328867327,0.2925479271807536
4,nonselective_reward,9,0.5020168805053835,0.32384528574873983,0.322231772593115
4,nonselective_reward,10,0.5021106479347556,0.3523081487863524,0.35061962040901395
4,nonselective_reward,11,0.5021869883273571,0.3795214300242037,0.3777718282046585
4,nonselective_reward,12,0.5022476710359336,0.40554382040889936,0.4037456714676958
4,nonselective_reward,13,0.5022943105626598,0.4304309805674912,0.42859551923513994
4,nonselective_reward,14,0.5023283793458017,0.4542357155425034,0.45237299860119595
4,nonselective_reward,15,0.5023512195182649,0.47700813834141453,0.4751271488619895
4,nonselective_reward,16,0.5023640537195004,0.4987958230769933,0.4969045660082917
4,nonselective_reward,17,0.5023679950358668,0.5196439484180408,0.5177495382256405
4,nonselective_reward,18,0.5023640561386764,0.5395954320175389,0.5377041730134533
4,nonselective_reward,19,0.5023531576837189,0.5586910565366174,0.5568085164905133
4,nonselective_reward,20,0.502336136031034,0.57696958783783,0.5751006654133195
4,nonselective_reward,21,0.5023137503390825,0.5944678858796802,0.5926168723959511
4,nonselective_reward,22,0.5022866890831821,0.611221008805916,0.6093916447851027
4,nonselective_reward,23,0.5022555760441451,0.6272623106875668,0.6254578376115453
4,nonselective_reward,24,0.5022209758094226,0.6426235333428146,0.6408467410092908
4,nonselective_reward,25,0.5021833988257018,0.6573348926293651,0.6555881624659936
4,nonselective_reward,26,0.5021433060388338,0.6714251595758247,0.6697105042424176
4,nonselective_reward,27,0.5021011131541203,0.684921736692538,0.6832408362750197
4,nonselective_reward,28,0.5020571945473647,0.6978507297782025,0.6962049648536575
4,nonselective_reward,29,0.502011886854694,0.7102370155162567,0.708627497346026
4,nonselective_reward,30,0.5019654922669213,0.7221043051343408,0.7205319032215171
4,nonselective_reward,31,0.5019182815521895,0.7334752043809847,0.7319405716096729
4,nonselective_reward,32,0.5018704968287335,0.7443712700559246,0.7428748656121683
4,nonselective_reward,33,0.5018223541078795,0.754813063314013,0.7533551735722004
4,nonselective_reward,34,0.50177404562579,0.7648201999474483,0.7634009574912048
4,nonselective_reward,35,0.5017257419809974,0.774411397836932,0.7730307987698768
4,nonselective_reward,36,0.5016775940934095,0.7836045217492658,0.7822624414384616
4,nonselective_reward,37,0.5016297349992233,0.7924166256467625,0.7911128330301437
4,nonselective_reward,38,0.5015822814950337,0.80086399266259,0.7995981632410195
4,nonselective_reward,39,0.5015353356433642,0.8089621728857154,0.8077339005105452
4,nonselective_reward,40,0.5014889861508721,0.8167260190894327,0.815534826647435
5,reward_A,0,0.5,0.0,0.0
5,reward_A,1,0.5861331155540532,0.07999999999999985,0.010399492707672708
5,reward_A,2,0.6610921211886398,0.15359999999999985,0.019967025998731902
5,reward_A,3,0.7236649073236865,0.22131199999999984,0.028769156626506143
5,reward_A,4,0.7744654375683655,0.2836070399999999,0.03686711680405852
5,reward_A,5,0.8150262175825049,0.34091847679999976,0.04431724016740657
5,reward_A,6,0.8471432016472504,0.3936449986559999,0.05117135366168668
5,reward_A,7,0.8725150187035668,0.4421533987635198,0.05747713807642463
5,reward_A,8,0.8925937652930426,0.48678112686243824,0.06327845973798352
5,reward_A,9,0.9085547572762906,0.5278386367134431,0.06861567566661764
5,reward_A,10,0.9213207050631516,0.5656115457763677,0.07352591432096112
5,reward_A,11,0.9316041881496485,0.6003626221142582,0.07804333388295681
5,reward_A,12,0.9399512490083674,0.6323336123451175,0.08219935987999316
5,reward_A,13,0.9467793756796504,0.6617469233575082,0.08602290379726663
5,reward_A,14,0.9524081900065737,0.6888071694889075,0.08954056420115786
5,reward_A,15,0.9570832801958596,0.7137025959297949,0.09277681177273822
5,reward_A,16,0.9609943170646774,0.7366063882554112,0.09575415953859201
5,reward_A,17,0.964288673235244,0.7576778771949784,0.0984933194831773
5,reward_A,18,0.9670816126480335,0.7770636470193801,0.10101334663219586
5,reward_A,19,0.9694639079989774,0.7948985552578297,0.10333177160929308
5,reward_A,20,0.971507545595144,0.8113066708372032,0.10546472258822259
5,reward_A,21,0.973270012814553,0.826402137170227,0.10742703748883753
5,reward_A,22,0.9747975352251814,0.8402899661966088,0.10923236719740326
5,reward_A,23,0.9761275337322025,0.8530667689008802,0.11089327052928366
5,reward_A,24,0.9772905004766064,0.8648214273888097,0.11242130159461394
5,reward_A,25,0.9783114396299304,0.875635713197705,0.1138270901747176
5,reward_A,26,0.9792109808172993,0.8855848561418885,0.11512041566841302
5,reward_A,27,0.9800062448695067,0.8947380676505374,0.11631027512261272
5,reward_A,28,0.980711521126624,0.9031590222384944,0.11740494582047656
5,reward_A,29,0.981338800516432,0.9109063004594149,0.11841204286251128
5,reward_A,30,0.9818981976050327,0.9180337964226617,0.11933857214118326
5,reward_A,31,0.9823982866767687,0.9245910927088488,0.12019097907756127
5,reward_A,32,0.9828463708620487,0.9306238052921408,0.12097519345902918
5,reward_A,33,0.9832486988294041,0.9361739008687696,0.1216966706899798
5,reward_A,34,0.983610640183588,0.941279988799268,0.1223604297424542
5,reward_A,35,0.9839368281687161,0.9459775896953265,0.12297108807073065
5,reward_A,36,0.9842312763490315,0.9502993825197005,0.1235328937327449
5,reward_A,37,0.9844974744725864,0.9542754319181244,0.12404975494179804
5,reward_A,38,0.9847384675996195,0.9579333973646744,0.12452526725412694
5,reward_A,39,0.9849569217125954,0.9612987255755004,0.12496273858146967
5,reward_A,40,0.9851551783557874,0.9643948275294605,0.12536521220262486
5,reward_B,0,0.5,0.0,0.0
5,reward_B,1,0.4144880500133225,0.010911510312707873,0.08000000000000018
5,reward_B,2,0.34001003443470207,0.02095009980039919,0.15360000000000007
5,reward_B,3,0.2777535951500864,0.030185602129075284,0.22131199999999995
5,reward_B,4,0.22712375762692316,0.038682264271457045,0.28360704000000003
5,reward_B,5,0.1866241780509697,0.04649919344244846,0.3409184768
5,reward_B,6,0.15449515632655145,0.05369076827976038,0.393644998656
5,reward_B,7,0.12906716785710534,0.06030701713008746,0.4421533987635199
5,reward_B,8,0.108908813628394,0.06639396607238857,0.48678112686243835
5,reward_B,9,0.0928583508677384,0.07199395909930517,0.5278386367134432
5,reward_B,10,0.08000140355644897,0.07714595268406876,0.5656115457763677
5,reward_B,11,0.06963017302379791,0.08188578678205116,0.6003626221142582
5,reward_B,12,0.06120111367958994,0.08624643415219502,0.6323336123451176
5,reward_B,13,0.05429782781855558,0.09025822973272724,0.6617469233575082
5,reward_B,14,0.04860095315896027,0.09394908166681704,0.6888071694889075
5,reward_B,15,0.043864695026878696,0.09734466544617959,0.7137025959297949
5,reward_B,16,0.039898934788969,0.10046860252319312,0.7366063882554112
5,reward_B,17,0.03655574538097767,0.10334262463404564,0.7576778771949784
5,reward_B,18,0.033719280052170765,0.1059867249760299,0.7770636470193801
5,reward_B,19,0.03129819838856291,0.10841929729065536,0.7948985552578297
5,reward_B,20,0.029219983850181087,0.11065726382011087,0.8113066708372033
5,reward_B,21,0.02742666620905233,0.11271619302720992,0.826402137170227
5,reward_B,22,0.025871587121386652,0.1146104078977409,0.8402899661966089
5,reward_B,23,0.02451694168970376,0.11635308557862967,0.8530667689008802
5,reward_B,24,0.023331899231534062,0.11795634904504737,0.8648214273888097
5,reward_B,25,0.022291158255663496,0.1194313514341514,0.875635713197705
5,reward_B,26,0.021373828572435225,0.12078835363212725,0.8855848561418885
5,reward_B,27,0.02056256120008603,0.12203679565426506,0.8947380676505374
5,reward_B,28,0.019842867029621982,0.12318536231463151,0.9031590222384944
5,reward_B,29,0.01920258010509894,0.12424204364216906,0.9109063004594149
5,reward_B,30,0.018631432341935154,0.12521419046350335,0.9180337964226617
5,reward_B,31,0.018120714613080076,0.12610856553913097,0.9245910927088488
5,reward_B,32,0.01766300515466878,0.1269313906087085,0.9306238052921408
5,reward_B,33,0.017251950737938872,0.12768838967271956,0.9361739008687696
5,reward_B,34,0.016882089427095716,0.12838482881161006,0.941279988799268
5,reward_B,35,0.016548706287028665,0.129025552819389,0.9459775896953265
5,reward_B,36,0.016247715334121938,0.12961501890654592,0.9502993825197005
5,reward_B,37,0.015975562494235745,0.13015732770673027,0.9542754319181244
5,reward_B,38,0.0157291454591285,0.13065625180289975,0.9579333973646744
5,reward_B,39,0.015505747200915694,0.13111526197137557,0.9612987255755004
5,reward_B,40,0.01530298057648028,0.13153755132637357,0.9643948275294605
5,no_reward,0,0.5,0.0,0.0
5,no_reward,1,0.5,0.0,0.0
5,no_reward,2,0.5,0.0,0.0
5,no_reward,3,0.5,0.0,0.0
5,no_reward,4,0.5,0.0,0.0
5,no_reward,5,0.5,0.0,0.0
5,no_reward,6,0.5,0.0,0.0
5,no_reward,7,0.5,0.0,0.0
5,no_reward,8,0.5,0.0,0.0
5,no_reward,9,0.5,0.0,0.0
5,no_reward,10,0.5,0.0,0.0
5,no_reward,11,0.5,0.0,0.0
5,no_reward,12,0.5,0.0,0.0
5,no_reward,13,0.5,0.0,0.0
5,no_reward,14,0.5,0.0,0.0
5,no_reward,15,0.5,0.0,0.0
5,no_reward,16,0.5,0.0,0.0
5,no_reward,17,0.5,0.0,0.0
5,no_reward,18,0.5,0.0,0.0
5,no_reward,19,0.5,0.0,0.0
5,no_reward,20,0.5,0.0,0.0
5,no_reward,21,0.5,0.0,0.0
5,no_reward,22,0.5,0.0,0.0
5,no_reward,23,0.5,0.0,0.0
5,no_reward,24,0.5,0.0,0.0
5,no_reward,25,0.5,0.0,0.0
5,no_reward,26,0.5,0.0,0.0
5,no_reward,27,0.5,0.0,0.0
5,no_reward,28,0.5,0.0,0.0
5,no_reward,29,0.5,0.0,0.0
5,no_reward,30,0.5,0.0,0.0
5,no_reward,31,0.5,0.0,0.0
5,no_reward,32,0.5,0.0,0.0
5,no_reward,33,0.5,0.0,0.0
5,no_reward,34,0.5,0.0,0.0
5,no_reward,35,0.5,0.0,0.0
5,no_reward,36,0.5,0.0,0.0
5,no_reward,37,0.5,0.0,0.0
5,no_reward,38,0.5,0.0,0.0
5,no_reward,39,0.5,0.0,0.0
5,no_reward,40,0.5,0.0,0.0
5,frozen,0,0.5,0.0,0.0
5,frozen,1,0.5,0.0,0.0
5,frozen,2,0.5,0.0,0.0
5,frozen,3,0.5,0.0,0.0
5,frozen,4,0.5,0.0,0.0
5,frozen,5,0.5,0.0,0.0
5,frozen,6,0.5,0.0,0.0
5,frozen,7,0.5,0.0,0.0
5,frozen,8,0.5,0.0,0.0
5,frozen,9,0.5,0.0,0.0
5,frozen,10,0.5,0.0,0.0
5,frozen,11,0.5,0.0,0.0
5,frozen,12,0.5,0.0,0.0
5,frozen,13,0.5,0.0,0.0
5,frozen,14,0.5,0.0,0.0
5,frozen,15,0.5,0.0,0.0
5,frozen,16,0.5,0.0,0.0
5,frozen,17,0.5,0.0,0.0
5,frozen,18,0.5,0.0,0.0
5,frozen,19,0.5,0.0,0.0
5,frozen,20,0.5,0.0,0.0
5,frozen,21,0.5,0.0,0.0
5,frozen,22,0.5,0.0,0.0
5,frozen,23,0.5,0.0,0.0
5,frozen,24,0.5,0.0,0.0
5,frozen,25,0.5,0.0,0.0
5,frozen,26,0.5,0.0,0.0
5,frozen,27,0.5,0.0,0.0
5,frozen,28,0.5,0.0,0.0
5,frozen,29,0.5,0.0,0.0
5,frozen,30,0.5,0.0,0.0
5,frozen,31,0.5,0.0,0.0
5,frozen,32,0.5,0.0,0.0
5,frozen,33,0.5,0.0,0.0
5,frozen,34,0.5,0.0,0.0
5,frozen,35,0.5,0.0,0.0
5,frozen,36,0.5,0.0,0.0
5,frozen,37,0.5,0.0,0.0
5,frozen,38,0.5,0.0,0.0
5,frozen,39,0.5,0.0,0.0
5,frozen,40,0.5,0.0,0.0
5,nonselective_reward,0,0.5,0.0,0.0
5,nonselective_reward,1,0.5003072105243621,0.045237524950099806,0.04499175649968312
5,nonselective_reward,2,0.5005780471378499,0.08825492694610793,0.08779248902980352
5,nonselective_reward,3,0.5008158530104017,0.12917320366754503,0.12852052067997488
5,nonselective_reward,4,0.5010236896160079,0.168105988974261,0.16728703613716833
5,nonselective_reward,5,0.5012043595740178,0.20516004533396048,0.20419655581137774
5,nonselective_reward,6,0.5013604276783956,0.24043572103924826,0.23934737621083468
5,nonselective_reward,7,0.501494240255229,0.2740273748388625,0.27283197907597134
5,nonselective_reward,8,0.5016079429785726,0.30602377040742335,0.3047374115900787
5,nonselective_reward,9,0.5017034972650743,0.3365084428931723,0.3351456398081334
5,nonselective_reward,10,0.5017826953587944,0.3655600396126104,0.3641338772824241
5,nonselective_reward,11,0.5018471742091829,0.39325263680355427,0.3917748907133204
5,nonselective_reward,12,0.5018984282372957,0.4196560342028651,0.41813728431484076
5,nonselective_reward,13,0.5019378210780217,0.4448360290810819,0.4432857644566641
5,nonselective_reward,14,0.5019665963792866,0.4688546712424574,0.4672813860260844
5,nonselective_reward,15,0.5019858877329144,0.4917705003847278,0.49018178184434924
5,nonselective_reward,16,0.5019967278059804,0.5136387671075371,0.5120413763711538
5,nonselective_reward,17,0.5020000567361211,0.534511638761159,0.5329115848381206
5,nonselective_reward,18,0.501996729849274,0.5544383912373431,0.5528409988662988
5,nonselective_reward,19,0.5019875247537255,0.573465587721192,0.5718755595434881
5,nonselective_reward,20,0.5019731478601035,0.5916372453464329,0.5900587188640536
5,nonselective_reward,21,0.5019542403730419,0.6089949906257516,0.6074315903663359
5,nonselective_reward,22,0.5019313837966249,0.6255782044625925,0.6240330897403901
5,nonselective_reward,23,0.5019051049923989,0.641424157490549,0.6399000661211676
5,nonselective_reward,24,0.501875880825678,0.6565681364308009,0.6550674247290351
5,nonselective_reward,25,0.5018441424330284,0.6710435621066366,0.6695682414703751
5,nonselective_reward,26,0.5018102791412281,0.6848820997066063,0.6834338700655902
5,nonselective_reward,27,0.5017746420655901,0.6981137618439732,0.6966940422298807
5,nonselective_reward,28,0.5017375474133303,0.710767004919596,0.7093769613933936
5,nonselective_reward,29,0.5016992795156239,0.7228688192579222,0.7215093904115137
5,nonselective_reward,30,0.5016600936101219,0.734444813451163,0.7331167336829586
5,nonselective_reward,31,0.5016202183939636,0.745519293314731,0.744223114062734
5,nonselective_reward,32,0.5015798583657445,0.7561153358274697,0.7548514449287141
5,nonselective_reward,33,0.501539195973415,0.7662548584028652,0.7650234977344615
5,nonselective_reward,34,0.5014983935837519,0.775958683812179,0.774759965356712
5,nonselective_reward,35,0.5014575952877914,0.7852466010570787,0.7840805215235928
5,nonselective_reward,36,0.5014169285554726,0.7941374224677472,0.7930038765889562
5,nonselective_reward,37,0.5013765057516824,0.8026490372824775,0.8015478298990826
5,nonselective_reward,38,0.501336425524925,0.8107984619462849,0.809729318980307
5,nonselective_reward,39,0.5012967740789441,0.8186018873489798,0.817564465759751
5,nonselective_reward,40,0.5012576263367989,0.8260747232073319,0.8250686200161865
6,reward_A,0,0.5,0.0,0.0
6,reward_A,1,0.5928153218454204,0.08000000000000007,0.004876783398183981
6,reward_A,2,0.6728674419689672,0.15359999999999996,0.009363424124513409
6,reward_A,3,0.7386771493787135,0.22131199999999984,0.01349113359273657
6,reward_A,4,0.7911038596424284,0.2836070399999998,0.01728862630350181
6,reward_A,5,0.832113512862867,0.34091847679999987,0.02078231959740595
6,reward_A,6,0.8639206092420978,0.3936449986559998,0.023996517427797515
6,reward_A,7,0.8885484388849538,0.4421533987635199,0.026953579431758024
6,reward_A,8,0.9076719686736201,0.48678112686243824,0.029674076475401323
6,reward_A,9,0.9226071066529646,0.5278386367134431,0.032176933755553416
6,reward_A,10,0.9343589806587245,0.5656115457763677,0.03447956245329342
6,reward_A,11,0.9436845595321346,0.6003626221142582,0.03659798085521404
6,reward_A,12,0.951150744922375,0.6323336123451175,0.03854692578498109
6,reward_A,13,0.9571819944711871,0.6617469233575082,0.04033995512036681
6,reward_A,14,0.9620971139333374,0.6888071694889075,0.041989542108921585
6,reward_A,15,0.9661368199209398,0.7137025959297949,0.04350716213839201
6,reward_A,16,0.969484066372874,0.7366063882554112,0.04490337256550492
6,reward_A,17,0.972278930019771,0.7576778771949784,0.04618788615844871
6,reward_A,18,0.9746294931934786,0.7770636470193801,0.047369638663956826
6,reward_A,19,0.9766198138354883,0.7948985552578297,0.048456850969024634
6,reward_A,20,0.9783157848465323,0.8113066708372032,0.0494570862896867
6,reward_A,21,0.9797694642950492,0.826402137170227,0.050377302784695877
6,reward_A,22,0.9810222950778645,0.8402899661966088,0.05122390196010451
6,reward_A,23,0.9821075146956902,0.8530667689008802,0.05200277320148028
6,reward_A,24,0.9830519713093834,0.8648214273888097,0.052719334743546065
6,reward_A,25,0.9838775019613601,0.875635713197705,0.05337857136224644
6,reward_A,26,0.9846019858655498,0.8855848561418885,0.05398506905145095
6,reward_A,27,0.9852401549672776,0.8947380676505374,0.05454304692551892
6,reward_A,28,0.9858042219680945,0.9031590222384944,0.05505638656966172
6,reward_A,29,0.9863043701659131,0.9109063004594149,0.05552865904227278
6,reward_A,30,0.9867491379932026,0.9180337964226617,0.05596314971707517
6,reward_A,31,0.9871457227893347,0.9245910927088488,0.05636288113789334
6,reward_A,32,0.9875002222320665,0.9306238052921408,0.05673063404504608
6,reward_A,33,0.9878178273516331,0.9361739008687696,0.05706896671962647
6,reward_A,34,0.9881029777147194,0.941279988799268,0.057380232780240514
6,reward_A,35,0.98835948687788,0.9459775896953265,0.05766659755600556
6,reward_A,36,0.9885906443437161,0.9502993825197005,0.057930053149709226
6,reward_A,37,0.9887992988446823,0.9542754319181244,0.05817243229591673
6,reward_A,38,0.9889879267102321,0.9579333973646744,0.05839542111042739
6,reward_A,39,0.9891586882567508,0.9612987255755004,0.05860057081977754
6,reward_A,40,0.98931347451302,0.9643948275294605,0.058789308552379405
6,reward_B,0,0.5,0.0,0.0
6,reward_B,1,0.40718467815458,0.0048767833981840925,0.07999999999999985
6,reward_B,2,0.327132558031033,0.00936342412451352,0.15359999999999985
6,reward_B,3,0.26132285062128674,0.013491133592736793,0.22131199999999973
6,reward_B,4,0.20889614035757173,0.01728862630350192,0.2836070399999998
6,reward_B,5,0.1678864871371329,0.02078231959740584,0.34091847679999976
6,reward_B,6,0.13607939075790224,0.023996517427797515,0.3936449986559998
6,reward_B,7,0.11145156111504635,0.026953579431757912,0.44215339876351967
6,reward_B,8,0.09232803132637997,0.029674076475401545,0.48678112686243813
6,reward_B,9,0.07739289334703547,0.03217693375555353,0.5278386367134431
6,reward_B,10,0.0656410193412755,0.03447956245329342,0.5656115457763675
6,reward_B,11,0.05631544046786534,0.03659798085521404,0.6003626221142582
6,reward_B,12,0.04884925507762514,0.0385469257849812,0.6323336123451175
6,reward_B,13,0.04281800552881301,0.04033995512036692,0.6617469233575081
6,reward_B,14,0.03790288606666274,0.04198954210892181,0.6888071694889074
6,reward_B,15,0.03386318007906022,0.04350716213839212,0.7137025959297948
6,reward_B,16,0.030515933627126058,0.04490337256550492,0.7366063882554112
6,reward_B,17,0.027721069980228913,0.04618788615844871,0.7576778771949784
6,reward_B,18,0.02537050680652144,0.04736963866395694,0.7770636470193801
6,reward_B,19,0.023380186164511617,0.048456850969024634,0.7948985552578296
6,reward_B,20,0.021684215153467655,0.049457086289686814,0.8113066708372032
6,reward_B,21,0.02023053570495085,0.0503773027846961,0.826402137170227
6,reward_B,22,0.018977704922135564,0.05122390196010451,0.8402899661966088
6,reward_B,23,0.017892485304309837,0.05200277320148028,0.8530667689008802
6,reward_B,24,0.01694802869061663,0.052719334743546065,0.8648214273888097
6,reward_B,25,0.016122498038639826,0.05337857136224655,0.875635713197705
6,reward_B,26,0.015398014134450211,0.05398506905145095,0.8855848561418885
6,reward_B,27,0.01475984503272247,0.054543046925519145,0.8947380676505374
6,reward_B,28,0.014195778031905573,0.05505638656966194,0.9031590222384944
6,reward_B,29,0.013695629834086823,0.05552865904227311,0.9109063004594149
6,reward_B,30,0.013250862006797313,0.05596314971707528,0.9180337964226617
6,reward_B,31,0.012854277210665396,0.05636288113789334,0.9245910927088488
6,reward_B,32,0.012499777767933672,0.05673063404504619,0.9306238052921408
6,reward_B,33,0.012182172648366928,0.05706896671962658,0.9361739008687696
6,reward_B,34,0.01189702228528053,0.057380232780240514,0.941279988799268
6,reward_B,35,0.011640513122119967,0.05766659755600578,0.9459775896953265
6,reward_B,36,0.011409355656283773,0.05793005314970934,0.9502993825197005
6,reward_B,37,0.011200701155317818,0.05817243229591673,0.9542754319181244
6,reward_B,38,0.011012073289767837,0.058395421110427725,0.9579333973646744
6,reward_B,39,0.010841311743249189,0.05860057081977765,0.9612987255755004
6,reward_B,40,0.010686525486980023,0.058789308552379405,0.9643948275294605
6,no_reward,0,0.5,0.0,0.0
6,no_reward,1,0.5,0.0,0.0
6,no_reward,2,0.5,0.0,0.0
6,no_reward,3,0.5,0.0,0.0
6,no_reward,4,0.5,0.0,0.0
6,no_reward,5,0.5,0.0,0.0
6,no_reward,6,0.5,0.0,0.0
6,no_reward,7,0.5,0.0,0.0
6,no_reward,8,0.5,0.0,0.0
6,no_reward,9,0.5,0.0,0.0
6,no_reward,10,0.5,0.0,0.0
6,no_reward,11,0.5,0.0,0.0
6,no_reward,12,0.5,0.0,0.0
6,no_reward,13,0.5,0.0,0.0
6,no_reward,14,0.5,0.0,0.0
6,no_reward,15,0.5,0.0,0.0
6,no_reward,16,0.5,0.0,0.0
6,no_reward,17,0.5,0.0,0.0
6,no_reward,18,0.5,0.0,0.0
6,no_reward,19,0.5,0.0,0.0
6,no_reward,20,0.5,0.0,0.0
6,no_reward,21,0.5,0.0,0.0
6,no_reward,22,0.5,0.0,0.0
6,no_reward,23,0.5,0.0,0.0
6,no_reward,24,0.5,0.0,0.0
6,no_reward,25,0.5,0.0,0.0
6,no_reward,26,0.5,0.0,0.0
6,no_reward,27,0.5,0.0,0.0
6,no_reward,28,0.5,0.0,0.0
6,no_reward,29,0.5,0.0,0.0
6,no_reward,30,0.5,0.0,0.0
6,no_reward,31,0.5,0.0,0.0
6,no_reward,32,0.5,0.0,0.0
6,no_reward,33,0.5,0.0,0.0
6,no_reward,34,0.5,0.0,0.0
6,no_reward,35,0.5,0.0,0.0
6,no_reward,36,0.5,0.0,0.0
6,no_reward,37,0.5,0.0,0.0
6,no_reward,38,0.5,0.0,0.0
6,no_reward,39,0.5,0.0,0.0
6,no_reward,40,0.5,0.0,0.0
6,frozen,0,0.5,0.0,0.0
6,frozen,1,0.5,0.0,0.0
6,frozen,2,0.5,0.0,0.0
6,frozen,3,0.5,0.0,0.0
6,frozen,4,0.5,0.0,0.0
6,frozen,5,0.5,0.0,0.0
6,frozen,6,0.5,0.0,0.0
6,frozen,7,0.5,0.0,0.0
6,frozen,8,0.5,0.0,0.0
6,frozen,9,0.5,0.0,0.0
6,frozen,10,0.5,0.0,0.0
6,frozen,11,0.5,0.0,0.0
6,frozen,12,0.5,0.0,0.0
6,frozen,13,0.5,0.0,0.0
6,frozen,14,0.5,0.0,0.0
6,frozen,15,0.5,0.0,0.0
6,frozen,16,0.5,0.0,0.0
6,frozen,17,0.5,0.0,0.0
6,frozen,18,0.5,0.0,0.0
6,frozen,19,0.5,0.0,0.0
6,frozen,20,0.5,0.0,0.0
6,frozen,21,0.5,0.0,0.0
6,frozen,22,0.5,0.0,0.0
6,frozen,23,0.5,0.0,0.0
6,frozen,24,0.5,0.0,0.0
6,frozen,25,0.5,0.0,0.0
6,frozen,26,0.5,0.0,0.0
6,frozen,27,0.5,0.0,0.0
6,frozen,28,0.5,0.0,0.0
6,frozen,29,0.5,0.0,0.0
6,frozen,30,0.5,0.0,0.0
6,frozen,31,0.5,0.0,0.0
6,frozen,32,0.5,0.0,0.0
6,frozen,33,0.5,0.0,0.0
6,frozen,34,0.5,0.0,0.0
6,frozen,35,0.5,0.0,0.0
6,frozen,36,0.5,0.0,0.0
6,frozen,37,0.5,0.0,0.0
6,frozen,38,0.5,0.0,0.0
6,frozen,39,0.5,0.0,0.0
6,frozen,40,0.5,0.0,0.0
6,nonselective_reward,0,0.5,0.0,0.0
6,nonselective_reward,1,0.5,0.04234085603112836,0.04234085603112836
6,nonselective_reward,2,0.5000000000000004,0.08280455470817127,0.08280455470817094
6,nonselective_reward,3,0.5,0.12148057053733852,0.12148057053733852
6,nonselective_reward,4,0.4999999999999998,0.15845367100876773,0.15845367100876784
6,nonselective_reward,5,0.5000000000000003,0.1938041933151745,0.1938041933151743
6,nonselective_reward,6,0.5000000000000003,0.22760830306821944,0.22760830306821922
6,nonselective_reward,7,0.5,0.2599382362762671,0.2599382362762671
6,nonselective_reward,8,0.5000000000000001,0.29086252575406024,0.29086252575406013
6,nonselective_reward,9,0.5,0.32044621304872023,0.32044621304872023
6,nonselective_reward,10,0.5000000000000001,0.3487510468869277,0.3487510468869276
6,nonselective_reward,11,0.5000000000000001,0.3758356690745708,0.37583566907457067
6,nonselective_reward,12,0.5000000000000003,0.40175578871215945,0.4017557887121592
6,nonselective_reward,13,0.5000000000000001,0.4265643455264396,0.4265643455264395
6,nonselective_reward,14,0.5,0.45031166306050774,0.45031166306050774
6,nonselective_reward,15,0.5000000000000003,0.47304559241097144,0.4730455924109712
6,nonselective_reward,16,0.5000000000000003,0.49481164715098236,0.49481164715098214
6,nonselective_reward,17,0.5000000000000001,0.5156531300319752,0.5156531300319751
6,nonselective_reward,18,0.5000000000000001,0.535611252014393,0.5356112520143929
6,nonselective_reward,19,0.5000000000000001,0.5547252441383123,0.5547252441383121
6,nonselective_reward,20,0.5000000000000001,0.5730324627084423,0.5730324627084422
6,nonselective_reward,21,0.5,0.5905684882342512,0.5905684882342512
6,nonselective_reward,22,0.5000000000000001,0.6073672185347507,0.6073672185347506
6,nonselective_reward,23,0.5,0.6234609563885685,0.6234609563885685
6,nonselective_reward,24,0.5,0.6388804920831692,0.6388804920831692
6,nonselective_reward,25,0.5,0.6536551811922946,0.6536551811922946
6,nonselective_reward,26,0.5,0.6678130178877268,0.6678130178877268
6,nonselective_reward,27,0.5,0.6813807040702008,0.6813807040702008
6,nonselective_reward,28,0.5,0.6943837145845739,0.6943837145845739
6,nonselective_reward,29,0.5,0.7068463587660812,0.7068463587660812
6,nonselective_reward,30,0.5,0.7187918385475607,0.7187918385475607
6,nonselective_reward,31,0.5,0.7302423033418226,0.7302423033418226
6,nonselective_reward,32,0.5000000000000001,0.7412189018987588,0.7412189018987587
6,nonselective_reward,33,0.5,0.7517418313232738,0.7517418313232738
6,nonselective_reward,34,0.5,0.7618303834275717,0.7618303834275717
6,nonselective_reward,35,0.5,0.7715029885796909,0.7715029885796909
6,nonselective_reward,36,0.5000000000000001,0.7807772571993704,0.7807772571993703
6,nonselective_reward,37,0.5,0.7896700190422938,0.7896700190422938
6,nonselective_reward,38,0.5000000000000001,0.798197360404438,0.7981973604044379
6,nonselective_reward,39,0.5,0.8063746593695876,0.8063746593695876
6,nonselective_reward,40,0.4999999999999998,0.8142166192150352,0.8142166192150353
7,reward_A,0,0.5,0.0,0.0
7,reward_A,1,0.5904449718282033,0.0800000000000003,0.0068389662027832365
7,reward_A,2,0.6687076884448048,0.15360000000000018,0.013130815109343885
7,reward_A,3,0.7334042177519137,0.22131200000000006,0.018919316103379602
7,reward_A,4,0.7852978771704207,0.28360704000000003,0.024244737017892537
7,reward_A,5,0.826191398659889,0.3409184768,0.029144124259244397
7,reward_A,6,0.8581449411949188,0.393644998656,0.03365156052128804
7,reward_A,7,0.8830644216008461,0.44215339876352,0.03779840188236827
7,reward_A,8,0.9025459092289768,0.48678112686243835,0.041613495934562095
7,reward_A,9,0.917856720814393,0.5278386367134433,0.04512338246258063
7,reward_A,10,0.929974345892133,0.5656115457763677,0.04835247806835741
7,reward_A,11,0.939641513815791,0.6003626221142584,0.051323246025672176
7,reward_A,12,0.9474189846355299,0.6323336123451178,0.05405635254640173
7,reward_A,13,0.9537297243890692,0.6617469233575082,0.05657081054547286
7,reward_A,14,0.9588935603956708,0.6888071694889075,0.058884111904618286
7,reward_A,15,0.96315346705002,0.7137025959297949,0.061012349155032175
7,reward_A,16,0.9666951546293183,0.7366063882554115,0.06297032742541298
7,reward_A,17,0.9696615453125496,0.7576778771949785,0.06477166743416318
7,reward_A,18,0.9721634416244002,0.7770636470193801,0.06642890024221337
7,reward_A,19,0.9742873953981852,0.7948985552578297,0.06795355442561968
7,reward_A,20,0.9761015301241974,0.8113066708372033,0.06935623627435328
7,reward_A,21,0.9776598689603433,0.826402137170227,0.07064670357518843
7,reward_A,22,0.9790055699172966,0.8402899661966089,0.07183393349195644
7,reward_A,23,0.9801733590940336,0.8530667689008802,0.07292618501538317
7,reward_A,24,0.9811913726746199,0.8648214273888097,0.07393105641693598
7,reward_A,25,0.9820825606601348,0.875635713197705,0.07485553810636436
7,reward_A,26,0.9828657638028149,0.8855848561418885,0.0757060612606385
7,reward_A,27,0.9835565453447617,0.8947380676505374,0.07648854256257076
7,reward_A,28,0.9841678376182337,0.9031590222384944,0.07720842536034855
7,reward_A,29,0.9847104479609367,0.9109063004594149,0.07787071753430364
7,reward_A,30,0.9851934570463586,0.9180337964226617,0.07848002633434292
7,reward_A,31,0.9856245344253604,0.9245910927088488,0.07904059043037859
7,reward_A,32,0.9860101899681081,0.9306238052921408,0.0795563093987316
7,reward_A,33,0.9863559753781493,0.9361739008687696,0.08003077084961663
7,reward_A,34,0.9866666465895639,0.941279988799268,0.08046727538443055
7,reward_A,35,0.9869462953429841,0.9459775896953265,0.0808688595564594
7,reward_A,36,0.9871984563430543,0.9502993825197005,0.08123831699472583
7,reward_A,37,0.987426194966582,0.9542754319181244,0.08157821783793096
7,reward_A,38,0.9876321793993332,0.9579333973646744,0.08189092661368003
7,reward_A,39,0.9878187402439014,0.9612987255755004,0.08217861868736875
7,reward_A,40,0.9879879199979182,0.9643948275294605,0.08244329539516249
7,reward_B,0,0.5,0.0,0.0
7,reward_B,1,0.40980340295947965,0.007044368600682804,0.07999999999999985
7,reward_B,2,0.3317292988148801,0.013525187713310793,0.15359999999999996
7,reward_B,3,0.26715165446016687,0.019487541296928534,0.22131199999999973
7,reward_B,4,0.21531662604969393,0.02497290659385687,0.2836070399999998
7,reward_B,5,0.1744379738223806,0.030019442667030827,0.34091847679999987
7,reward_B,6,0.1424713437311793,0.03466225585435112,0.3936449986559998
7,reward_B,7,0.11752298891856063,0.03893364398668553,0.4421533987635199
7,reward_B,8,0.09800512818565052,0.04286332106843338,0.48678112686243813
7,reward_B,9,0.08265562525301179,0.04647862398364133,0.5278386367134431
7,reward_B,10,0.07049999225370239,0.04980470266563253,0.5656115457763677
7,reward_B,11,0.06079708920972848,0.05286469505306446,0.6003626221142582
7,reward_B,12,0.05298687950579648,0.05567988804950197,0.6323336123451175
7,reward_B,13,0.046646614837836754,0.05826986560622449,0.6617469233575081
7,reward_B,14,0.04145640611892014,0.06065264495840905,0.6888071694889075
7,reward_B,15,0.037173074717130605,0.06284480196241926,0.7137025959297949
7,reward_B,16,0.033610644041675915,0.06486158640610806,0.7366063882554112
7,reward_B,17,0.030625909019366276,0.06671702809430213,0.7576778771949784
7,reward_B,18,0.028107792138166325,0.0684240344474405,0.77706364701938
7,reward_B,19,0.0259694865933053,0.06999448029232791,0.7948985552578297
7,reward_B,20,0.02414263893060187,0.07143929046962427,0.8113066708372032
7,reward_B,21,0.02257302206953792,0.07276851583273702,0.826402137170227
7,reward_B,22,0.02121729906389082,0.07399140316680064,0.8402899661966088
7,reward_B,23,0.02004058781231281,0.07511645951413914,0.8530667689008802
7,reward_B,24,0.019014616626801054,0.07615151135369069,0.8648214273888097
7,reward_B,25,0.018116318024814348,0.07710375904607791,0.875635713197705
7,reward_B,26,0.01732674945355152,0.07797982692307437,0.8855848561418885
7,reward_B,27,0.01663025942480435,0.07878580936991098,0.8947380676505374
7,reward_B,28,0.01601383903064186,0.0795273132210007,0.9031590222384944
7,reward_B,29,0.015466614384819442,0.08020949676400335,0.9109063004594149
7,reward_B,30,0.01497944687353362,0.08083710562356583,0.9180337964226617
7,reward_B,31,0.01454461639661546,0.08141450577436293,0.9245910927088488
7,reward_B,32,0.014155568885606436,0.08194571391309657,0.9306238052921408
7,reward_B,33,0.013806713903162291,0.08243442540073154,0.9361739008687696
7,reward_B,34,0.01349326149100293,0.08288403996935556,0.941279988799268
7,reward_B,35,0.013211089951164472,0.08329768537248983,0.9459775896953265
7,reward_B,36,0.012956638141023652,0.08367823914337302,0.9502993825197005
7,reward_B,37,0.0127268172982515,0.0840283486125859,0.9542754319181244
7,reward_B,38,0.012518938505302791,0.08435044932426161,0.9579333973646744
7,reward_B,39,0.012330652740466904,0.08464678197900344,0.9612987255755004
7,reward_B,40,0.012159901107321115,0.08491940802136566,0.9643948275294605
7,no_reward,0,0.5,0.0,0.0
7,no_reward,1,0.5,0.0,0.0
7,no_reward,2,0.5,0.0,0.0
7,no_reward,3,0.5,0.0,0.0
7,no_reward,4,0.5,0.0,0.0
7,no_reward,5,0.5,0.0,0.0
7,no_reward,6,0.5,0.0,0.0
7,no_reward,7,0.5,0.0,0.0
7,no_reward,8,0.5,0.0,0.0
7,no_reward,9,0.5,0.0,0.0
7,no_reward,10,0.5,0.0,0.0
7,no_reward,11,0.5,0.0,0.0
7,no_reward,12,0.5,0.0,0.0
7,no_reward,13,0.5,0.0,0.0
7,no_reward,14,0.5,0.0,0.0
7,no_reward,15,0.5,0.0,0.0
7,no_reward,16,0.5,0.0,0.0
7,no_reward,17,0.5,0.0,0.0
7,no_reward,18,0.5,0.0,0.0
7,no_reward,19,0.5,0.0,0.0
7,no_reward,20,0.5,0.0,0.0
7,no_reward,21,0.5,0.0,0.0
7,no_reward,22,0.5,0.0,0.0
7,no_reward,23,0.5,0.0,0.0
7,no_reward,24,0.5,0.0,0.0
7,no_reward,25,0.5,0.0,0.0
7,no_reward,26,0.5,0.0,0.0
7,no_reward,27,0.5,0.0,0.0
7,no_reward,28,0.5,0.0,0.0
7,no_reward,29,0.5,0.0,0.0
7,no_reward,30,0.5,0.0,0.0
7,no_reward,31,0.5,0.0,0.0
7,no_reward,32,0.5,0.0,0.0
7,no_reward,33,0.5,0.0,0.0
7,no_reward,34,0.5,0.0,0.0
7,no_reward,35,0.5,0.0,0.0
7,no_reward,36,0.5,0.0,0.0
7,no_reward,37,0.5,0.0,0.0
7,no_reward,38,0.5,0.0,0.0
7,no_reward,39,0.5,0.0,0.0
7,no_reward,40,0.5,0.0,0.0
7,frozen,0,0.5,0.0,0.0
7,frozen,1,0.5,0.0,0.0
7,frozen,2,0.5,0.0,0.0
7,frozen,3,0.5,0.0,0.0
7,frozen,4,0.5,0.0,0.0
7,frozen,5,0.5,0.0,0.0
7,frozen,6,0.5,0.0,0.0
7,frozen,7,0.5,0.0,0.0
7,frozen,8,0.5,0.0,0.0
7,frozen,9,0.5,0.0,0.0
7,frozen,10,0.5,0.0,0.0
7,frozen,11,0.5,0.0,0.0
7,frozen,12,0.5,0.0,0.0
7,frozen,13,0.5,0.0,0.0
7,frozen,14,0.5,0.0,0.0
7,frozen,15,0.5,0.0,0.0
7,frozen,16,0.5,0.0,0.0
7,frozen,17,0.5,0.0,0.0
7,frozen,18,0.5,0.0,0.0
7,frozen,19,0.5,0.0,0.0
7,frozen,20,0.5,0.0,0.0
7,frozen,21,0.5,0.0,0.0
7,frozen,22,0.5,0.0,0.0
7,frozen,23,0.5,0.0,0.0
7,frozen,24,0.5,0.0,0.0
7,frozen,25,0.5,0.0,0.0
7,frozen,26,0.5,0.0,0.0
7,frozen,27,0.5,0.0,0.0
7,frozen,28,0.5,0.0,0.0
7,frozen,29,0.5,0.0,0.0
7,frozen,30,0.5,0.0,0.0
7,frozen,31,0.5,0.0,0.0
7,frozen,32,0.5,0.0,0.0
7,frozen,33,0.5,0.0,0.0
7,frozen,34,0.5,0.0,0.0
7,frozen,35,0.5,0.0,0.0
7,frozen,36,0.5,0.0,0.0
7,frozen,37,0.5,0.0,0.0
7,frozen,38,0.5,0.0,0.0
7,frozen,39,0.5,0.0,0.0
7,frozen,40,0.5,0.0,0.0
7,nonselective_reward,0,0.5,0.0,0.0
7,nonselective_reward,1,0.5001232414362441,0.04338129692832782,0.043282703777335896
7,nonselective_reward,2,0.5002318910745067,0.08476224830034162,0.08457673542743538
7,nonselective_reward,3,0.5003272900927852,0.12424365128274162,0.12398181917111728
7,nonselective_reward,4,0.5004106666377923,0.16192064174135568,0.1615921083572469
7,nonselective_reward,5,0.5004831450001628,0.1978830484392471,0.19749653231881803
7,nonselective_reward,6,0.5005457540583599,0.2322157230516072,0.23177911963153097
7,nonselective_reward,7,0.5005994350489272,0.2649988477499585,0.2645192994810668
7,nonselective_reward,8,0.5006450487162396,0.29630822197653517,0.29579218271725316
7,nonselective_reward,9,0.5006833818907691,0.3262155299081413,0.32566882405510245
7,nonselective_reward,10,0.5007151535410397,0.35478858999652674,0.354216466773549
7,nonselective_reward,11,0.5007410203409136,0.3820915878686555,0.3814987711618947
7,nonselective_reward,12,0.5007615817905816,0.4081852937744951,0.40757602787085834
7,nonselective_reward,13,0.5007773849266186,0.43312726568152715,0.432505357239117
7,nonselective_reward,14,0.5007889286536832,0.4569720390334898,0.45634089558677093
7,nonselective_reward,15,0.50079666772788,0.4797713041154028,0.47913396939376074
7,nonselective_reward,16,0.500801016419434,0.5015740718972084,0.5009332582134428
7,nonselective_reward,17,0.5008023518801519,0.5224268291639422,0.5217849471088557
7,nonselective_reward,18,0.5008010172391382,0.5423736836808251,0.5417328693412944
7,nonselective_reward,19,0.5007973244483739,0.5614565000866509,0.5608186399872789
7,nonselective_reward,20,0.5007915568980686,0.5797150271580038,0.5790817811105244
7,nonselective_reward,21,0.500783971820122,0.597187017039837,0.5965598390697777
7,nonselective_reward,22,0.5007748024965786,0.6139083369944935,0.6132884945010928
7,nonselective_reward,23,0.50076426028863,0.6299130741810817,0.6293016654740173
7,nonselective_reward,24,0.5007525365004865,0.6452336339399631,0.6446316042849922
7,nonselective_reward,25,0.5007398040913048,0.6599008320227613,0.6593089883178211
7,nonselective_reward,26,0.500726219247321,0.6739439811765202,0.6733630053701254
7,nonselective_reward,27,0.5007119228253705,0.6873909724612508,0.6868214338160721
7,nonselective_reward,28,0.500697041678092,0.7002683516528998,0.6997107179491782
7,nonselective_reward,29,0.5006816898703007,0.7126013910586189,0.7120560388244771
7,nonselective_reward,30,0.5006659697952572,0.7244141570479175,0.723881380896652
7,nonselective_reward,31,0.5006499731988725,0.7357295735817233,0.7352095947297279
7,nonselective_reward,32,0.5006337821192486,0.7465694820014241,0.7460624560344757
7,nonselective_reward,33,0.5006174697483678,0.7569546973214802,0.756460721271669
7,nonselective_reward,34,0.5006011012221996,0.7669050612520851,0.7664241800426543
7,nonselective_reward,35,0.5005847343450017,0.7764394921625063,0.7759717044732471
7,nonselective_reward,36,0.5005684202531268,0.785576032181047,0.7851212957826441
7,nonselective_reward,37,0.5005522040232274,0.794331891613971,0.7938901282157802
7,nonselective_reward,38,0.5005361252293576,0.8027234908531169,0.8022945905052588
7,nonselective_reward,39,0.5005202184531214,0.8107664999302465,0.8103503250175783
7,nonselective_reward,40,0.5005045137506711,0.8184758758653287,0.8180722647278147
8,reward_A,0,0.5,0.0,0.0
8,reward_A,1,0.5896876025027277,0.07999999999999996,0.007465181058496029
8,reward_A,2,0.6673745303484189,0.15359999999999985,0.014333147632311971
8,reward_A,3,0.7317072202394792,0.22131199999999995,0.020651676880222847
8,reward_A,4,0.7834204453255162,0.2836070399999998,0.026464723788300892
8,reward_A,5,0.8242670058573052,0.34091847679999976,0.031812726943732605
8,reward_A,6,0.8562590877062073,0.3936449986559999,0.036732889846729844
8,reward_A,7,0.8812655795955397,0.4421533987635199,0.041259439717487245
8,reward_A,8,0.9008572702825951,0.48678112686243824,0.04542386559858402
8,reward_A,9,0.9162856303572118,0.5278386367134431,0.049255137409193184
8,reward_A,10,0.9285189354823778,0.5656115457763677,0.05277990747495365
8,reward_A,11,0.9382950114233751,0.6003626221142582,0.05602269593545317
8,reward_A,12,0.9461723647788165,0.6323336123451175,0.05900606131911246
8,reward_A,13,0.9525732607524724,0.6617469233575082,0.06175075747207959
8,reward_A,14,0.9578176875546571,0.6888071694889075,0.06427587793280909
8,reward_A,15,0.9621492225571582,0.7137025959297949,0.06659898875668002
8,reward_A,16,0.9657543741841809,0.7366063882554112,0.06873625071464151
8,reward_A,17,0.9687769176907389,0.7576778771949784,0.07070253171596597
8,reward_A,18,0.9713284877417508,0.77706364701938,0.0725115102371845
8,reward_A,19,0.973496409544344,0.7948985552578296,0.07417577047670554
8,reward_A,20,0.9753495053051755,0.8113066708372033,0.07570688989706487
8,reward_A,21,0.9769424186023034,0.826402137170227,0.07711551976379571
8,reward_A,22,0.978318852435589,0.8402899661966088,0.07841145924118786
8,reward_A,23,0.9795140084765697,0.8530667689008801,0.0796037235603887
8,reward_A,24,0.9805564363139584,0.8648214273888097,0.08070060673405333
8,reward_A,25,0.9814694446124016,0.875635713197705,0.08170973925382485
8,reward_A,26,0.9822721851011248,0.8855848561418885,0.08263814117201473
8,reward_A,27,0.9829804907377229,0.8947380676505374,0.08349227093674927
8,reward_A,28,0.9836075280131646,0.9031590222384944,0.08427807032030521
8,reward_A,29,0.9841643078510478,0.9109063004594149,0.0850010057531766
8,reward_A,30,0.9846600882469918,0.9180337964226617,0.08566610635141836
8,reward_A,31,0.9851026935107909,0.9245910927088488,0.08627799890180077
8,reward_A,32,0.9854987688730222,0.9306238052921408,0.08684094004815246
8,reward_A,33,0.9858539846989405,0.9361739008687696,0.08735884590279597
8,reward_A,34,0.9861732011862129,0.941279988799268,0.08783531928906829
8,reward_A,35,0.9864606019008954,0.9459775896953265,0.0882736748044386
8,reward_A,36,0.9867198026054359,0.9502993825197005,0.08867696187857943
8,reward_A,37,0.986953940392108,0.9542754319181244,0.08904798598678876
8,reward_A,38,0.9871657470375188,0.9579333973646744,0.08938932816634149
8,reward_A,39,0.9873576096526073,0.9612987255755004,0.08970336297153014
8,reward_A,40,0.9875316210544091,0.9643948275294605,0.08999227499230344
8,reward_B,0,0.5,0.0,0.0
8,reward_B,1,0.4105978976438006,0.007701149425287213,0.07999999999999996
8,reward_B,2,0.33312852371128554,0.014786206896551635,0.15359999999999985
8,reward_B,3,0.2689340089386928,0.021304459770114637,0.22131199999999995
8,reward_B,4,0.2172900769096524,0.02730125241379311,0.2836070399999999
8,reward_B,5,0.1764624739785363,0.03281830164597699,0.34091847679999987
8,reward_B,6,0.14445692721567893,0.03789398693958601,0.3936449986559999
8,reward_B,7,0.11941844191074831,0.04256361740970649,0.4421533987635199
8,reward_B,8,0.09978576400396591,0.04685967744221731,0.48678112686243835
8,reward_B,9,0.08431343379260872,0.050812052672127184,0.5278386367134431
8,reward_B,10,0.07203669557154203,0.05444823788364461,0.5656115457763677
8,reward_B,11,0.06221961602423165,0.05779352827824036,0.6003626221142582
8,reward_B,12,0.054304574705721906,0.0608711954412684,0.6323336123451175
8,reward_B,13,0.04786959918708653,0.06370264923125435,0.6617469233575082
8,reward_B,14,0.042594661932545304,0.06630758671804127,0.6888071694889075
8,reward_B,15,0.03823597368831225,0.06870412920588531,0.7137025959297949
8,reward_B,16,0.034606736026169704,0.07090894829470185,0.7366063882554112
8,reward_B,17,0.03156285959178944,0.07293738185641296,0.7576778771949784
8,reward_B,18,0.028992401045484464,0.07480354073318751,0.7770636470193801
8,reward_B,19,0.026807746891507854,0.07652040689981965,0.7948985552578296
8,reward_B,20,0.024939813530129026,0.07809992377312158,0.8113066708372032
8,reward_B,21,0.023333724635281484,0.07955307929655919,0.826402137170227
8,reward_B,22,0.02194557229582001,0.08088998237812162,0.8402899661966089
8,reward_B,23,0.0207399756921808,0.08211993321315947,0.8530667689008802
8,reward_B,24,0.019688229255452758,0.08325148798139392,0.8648214273888097
8,reward_B,25,0.018766888805298233,0.08429251836816976,0.875635713197705
8,reward_B,26,0.017956684969198913,0.08525026632400357,0.8855848561418885
8,reward_B,27,0.017241682643087213,0.08613139444337048,0.8947380676505374
8,reward_B,28,0.016608626567609478,0.08694203231318831,0.9031590222384944
8,reward_B,29,0.016046428571438762,0.08768781915342061,0.9109063004594149
8,reward_B,30,0.0155457633215511,0.08837394304643431,0.9180337964226617
8,reward_B,31,0.015098747694995028,0.08900517702800692,0.9245910927088488
8,reward_B,32,0.014698684984648838,0.08958591229105373,0.9306238052921408
8,reward_B,33,0.014339859670462123,0.0901201887330566,0.9361739008687696
8,reward_B,34,0.014017371855670776,0.09061172305969944,0.941279988799268
8,reward_B,35,0.013727002992052923,0.0910639346402109,0.9459775896953265
8,reward_B,36,0.013465106421514557,0.09147996929428137,0.9502993825197005
8,reward_B,37,0.013228517704237091,0.09186272117602623,0.9542754319181244
8,reward_B,38,0.01301448080372193,0.09221485290723141,0.9579333973646744
8,reward_B,39,0.012820587042395337,0.09253881409994047,0.9612987255755004
8,reward_B,40,0.012644724391395735,0.09283685839723244,0.9643948275294605
8,no_reward,0,0.5,0.0,0.0
8,no_reward,1,0.5,0.0,0.0
8,no_reward,2,0.5,0.0,0.0
8,no_reward,3,0.5,0.0,0.0
8,no_reward,4,0.5,0.0,0.0
8,no_reward,5,0.5,0.0,0.0
8,no_reward,6,0.5,0.0,0.0
8,no_reward,7,0.5,0.0,0.0
8,no_reward,8,0.5,0.0,0.0
8,no_reward,9,0.5,0.0,0.0
8,no_reward,10,0.5,0.0,0.0
8,no_reward,11,0.5,0.0,0.0
8,no_reward,12,0.5,0.0,0.0
8,no_reward,13,0.5,0.0,0.0
8,no_reward,14,0.5,0.0,0.0
8,no_reward,15,0.5,0.0,0.0
8,no_reward,16,0.5,0.0,0.0
8,no_reward,17,0.5,0.0,0.0
8,no_reward,18,0.5,0.0,0.0
8,no_reward,19,0.5,0.0,0.0
8,no_reward,20,0.5,0.0,0.0
8,no_reward,21,0.5,0.0,0.0
8,no_reward,22,0.5,0.0,0.0
8,no_reward,23,0.5,0.0,0.0
8,no_reward,24,0.5,0.0,0.0
8,no_reward,25,0.5,0.0,0.0
8,no_reward,26,0.5,0.0,0.0
8,no_reward,27,0.5,0.0,0.0
8,no_reward,28,0.5,0.0,0.0
8,no_reward,29,0.5,0.0,0.0
8,no_reward,30,0.5,0.0,0.0
8,no_reward,31,0.5,0.0,0.0
8,no_reward,32,0.5,0.0,0.0
8,no_reward,33,0.5,0.0,0.0
8,no_reward,34,0.5,0.0,0.0
8,no_reward,35,0.5,0.0,0.0
8,no_reward,36,0.5,0.0,0.0
8,no_reward,37,0.5,0.0,0.0
8,no_reward,38,0.5,0.0,0.0
8,no_reward,39,0.5,0.0,0.0
8,no_reward,40,0.5,0.0,0.0
8,frozen,0,0.5,0.0,0.0
8,frozen,1,0.5,0.0,0.0
8,frozen,2,0.5,0.0,0.0
8,frozen,3,0.5,0.0,0.0
8,frozen,4,0.5,0.0,0.0
8,frozen,5,0.5,0.0,0.0
8,frozen,6,0.5,0.0,0.0
8,frozen,7,0.5,0.0,0.0
8,frozen,8,0.5,0.0,0.0
8,frozen,9,0.5,0.0,0.0
8,frozen,10,0.5,0.0,0.0
8,frozen,11,0.5,0.0,0.0
8,frozen,12,0.5,0.0,0.0
8,frozen,13,0.5,0.0,0.0
8,frozen,14,0.5,0.0,0.0
8,frozen,15,0.5,0.0,0.0
8,frozen,16,0.5,0.0,0.0
8,frozen,17,0.5,0.0,0.0
8,frozen,18,0.5,0.0,0.0
8,frozen,19,0.5,0.0,0.0
8,frozen,20,0.5,0.0,0.0
8,frozen,21,0.5,0.0,0.0
8,frozen,22,0.5,0.0,0.0
8,frozen,23,0.5,0.0,0.0
8,frozen,24,0.5,0.0,0.0
8,frozen,25,0.5,0.0,0.0
8,frozen,26,0.5,0.0,0.0
8,frozen,27,0.5,0.0,0.0
8,frozen,28,0.5,0.0,0.0
8,frozen,29,0.5,0.0,0.0
8,frozen,30,0.5,0.0,0.0
8,frozen,31,0.5,0.0,0.0
8,frozen,32,0.5,0.0,0.0
8,frozen,33,0.5,0.0,0.0
8,frozen,34,0.5,0.0,0.0
8,frozen,35,0.5,0.0,0.0
8,frozen,36,0.5,0.0,0.0
8,frozen,37,0.5,0.0,0.0
8,frozen,38,0.5,0.0,0.0
8,frozen,39,0.5,0.0,0.0
8,frozen,40,0.5,0.0,0.0
8,nonselective_reward,0,0.5,0.0,0.0
8,nonselective_reward,1,0.5001415810162905,0.04369655172413778,0.04358328690807811
8,nonselective_reward,2,0.500266398822165,0.08535543172413795,0.08514231264623973
8,nonselective_reward,3,0.5003759941749665,0.1250808679459311,0.12478007254925927
8,nonselective_reward,4,0.500471777982335,0.16297113788517692,0.16259371538730272
8,nonselective_reward,5,0.500555041841923,0.19911894626173776,0.19867491260580716
8,nonselective_reward,6,0.5006269677412941,0.23361177663810595,0.23311020218218625
8,nonselective_reward,7,0.5006886369841343,0.2665322188824353,0.2659813089467903
8,nonselective_reward,8,0.5007410384037689,0.29795827423349874,0.2973654430764219
8,nonselective_reward,9,0.5007850759202461,0.3279636395925811,0.32733557834024796
8,nonselective_reward,10,0.500821575492849,0.3566179725451518,0.3559607115593493
8,nonselective_reward,11,0.5008512915158545,0.383987138502376,0.38330610463163406
8,nonselective_reward,12,0.5008749127016024,0.41013344124836293,0.40943351037271014
8,nonselective_reward,13,0.5008930674914918,0.4351158380828818,0.43440138332991796
8,nonselective_reward,14,0.5009063290323162,0.45899014066043875,0.4582650766404637
8,nonselective_reward,15,0.500915219752431,0.48180920254458504,0.4810770259249181
8,nonselective_reward,16,0.5009202155695027,0.5036230944205371,0.5028869211337487
8,nonselective_reward,17,0.5009217497591166,0.5244792678391967,0.523741867196553
8,nonselective_reward,18,0.5009202165111867,0.5444227083009843,0.5436865342608461
8,nonselective_reward,19,0.50091597419901,0.5634960784281524,0.5627632982491984
8,nonselective_reward,20,0.500909348383824,0.581739851919032,0.5810123724098877
8,nonselective_reward,21,0.5009006345759391,0.5991924389266408,0.5984719304866419
8,nonselective_reward,22,0.5008901007718444,0.6158903034569305,0.6151782220872312
8,nonselective_reward,23,0.5008779897851513,0.6318680733383601,0.6311656807883044
8,nonselective_reward,24,0.50086452138783,0.6471586432741874,0.6464670254747051
8,nonselective_reward,25,0.5008498942768957,0.6617932714516237,0.6611133553752837
8,nonselective_reward,26,0.500834287880487,0.6758016701475437,0.6751342392237454
8,nonselective_reward,27,0.5008178640161994,0.6892120907385945,0.6885577989420921
8,nonselective_reward,28,0.5008007684134897,0.7020514034940821,0.7014107882155809
8,nonselective_reward,29,0.5007831321110571,0.7143451725027637,0.7137186663016062
8,nonselective_reward,30,0.5007650727392219,0.7261177260594601,0.7255056673904021
8,nonselective_reward,31,0.5007466956965415,0.737392222814075,0.7367948658127628
8,nonselective_reward,32,0.5007280952291613,0.7481907139640209,0.7476082373689796
8,nonselective_reward,33,0.5007093554207294,0.7585342017510683,0.7579667170337515
8,nonselective_reward,34,0.5006905511000781,0.7684426945051381,0.7678902532738254
8,nonselective_reward,35,0.5006717486733068,0.7779352584604348,0.7773978591984566
8,nonselective_reward,36,0.500653006886367,0.7870300665534562,0.7865076607473448
8,nonselective_reward,37,0.5006343775237726,0.795744444397732,0.7952369421063983
8,nonselective_reward,38,0.5006159060486045,0.8040949136165337,0.8036021885284361
8,nonselective_reward,39,0.5005976321885699,0.8120972327021981,0.811619126723659
8,nonselective_reward,40,0.5005795904724962,0.8197664355590184,0.8193027629733424
9,reward_A,0,0.5,0.0,0.0
9,reward_A,1,0.5973874262397006,0.07999999999999996,0.001081777205408807
9,reward_A,2,0.680835687364415,0.15359999999999985,0.002077012234384945
9,reward_A,3,0.7486823010403255,0.22131199999999984,0.002992628461043201
9,reward_A,4,0.8020029608745157,0.2836070399999999,0.003834995389568552
9,reward_A,5,0.8431086780574272,0.34091847679999976,0.004609972963811826
9,reward_A,6,0.8745289376828479,0.3936449986559998,0.005322952332115771
9,reward_A,7,0.8985186593001269,0.4421533987635198,0.005978893350955583
9,reward_A,8,0.9169030573002848,0.48678112686243824,0.006582359088287859
9,reward_A,9,0.931086843721019,0.5278386367134431,0.007137547566633762
9,reward_A,10,0.9421230192913129,0.5656115457763677,0.0076483209667118635
9,reward_A,11,0.9507911970669554,0.6003626221142582,0.008118232494783939
9,reward_A,12,0.9576662747813912,0.6323336123451175,0.008550551100610093
9,reward_A,13,0.9631726958334265,0.6617469233575082,0.008948284217970115
9,reward_A,14,0.9676252117222123,0.6888071694889074,0.00931419868594141
9,reward_A,15,0.9712587288433596,0.7137025959297949,0.00965083999647498
9,reward_A,16,0.9742498964950359,0.7366063882554112,0.00996055000216578
9,reward_A,17,0.9767326520327575,0.7576778771949784,0.010245483207401374
9,reward_A,18,0.9788094182177085,0.7770636470193801,0.01050762175621811
9,reward_A,19,0.9805591954146238,0.7948985552578296,0.01074878922112954
9,reward_A,20,0.982043440033388,0.8113066708372032,0.010970663288848104
9,reward_A,21,0.9833103619472296,0.826402137170227,0.011174787431149191
9,reward_A,22,0.9843980882673187,0.8402899661966088,0.01136258164206616
9,reward_A,23,0.9853370098575874,0.8530667689008802,0.011535352316109582
9,reward_A,24,0.986151534959338,0.8648214273888097,0.01169430133622995
9,reward_A,25,0.9868614097536909,0.875635713197705,0.011840534434740424
9,reward_A,26,0.9874827203469332,0.8855848561418885,0.01197506888536981
9,reward_A,27,0.9880286586961488,0.8947380676505374,0.012098840579949255
9,reward_A,28,0.9885101123464716,0.9031590222384944,0.012212710538962335
9,reward_A,29,0.9889361217185356,0.9109063004594149,0.012317470901254235
9,reward_A,30,0.9893142371212518,0.9180337964226617,0.012413850434562668
9,reward_A,31,0.9896507993232352,0.9245910927088488,0.01250251960520643
9,reward_A,32,0.989951161458646,0.9306238052921408,0.012584095242198834
9,reward_A,33,0.9902198656150162,0.9361739008687696,0.012659144828231828
9,reward_A,34,0.9904607841919831,0.941279988799268,0.01272819044738227
9,reward_A,35,0.9906772337060281,0.9459775896953265,0.0127917124170005
9,reward_A,36,0.990872066916705,0.9502993825197005,0.012850152629049316
9,reward_A,37,0.9910477477996095,0.9542754319181244,0.012903917624134231
9,reward_A,38,0.9912064128719816,0.9579333973646744,0.012953381419612442
9,reward_A,39,0.9913499216026264,0.9612987255755004,0.012998888111452223
9,reward_A,40,0.99147989804634,0.9643948275294605,0.013040754267945043
9,reward_B,0,0.5,0.0,0.0
9,reward_B,1,0.40265674699997633,0.0011185086551264156,0.07999999999999985
9,reward_B,2,0.31924094171870443,0.002147536617842727,0.15359999999999974
9,reward_B,3,0.2514133079115394,0.003094242343541831,0.22131199999999984
9,reward_B,4,0.19810044736609134,0.0039652116111851266,0.2836070399999997
9,reward_B,5,0.15699487614415897,0.004766503337416794,0.34091847679999987
9,reward_B,6,0.12557025681228073,0.005503691725549875,0.3936449986559998
9,reward_B,7,0.10157393409954663,0.006181905042632385,0.4421533987635198
9,reward_B,8,0.0831821276004925,0.006805861294348237,0.48678112686243824
9,reward_B,9,0.068990948911141,0.0073799010459270065,0.5278386367134431
9,reward_B,10,0.05794782407170609,0.007908017617379248,0.5656115457763677
9,reward_B,11,0.049273328158531686,0.00839388486311543,0.6003626221142582
9,reward_B,12,0.04239261685047363,0.0088408827291927,0.6323336123451175
9,reward_B,13,0.03688122911292264,0.009252120765983696,0.6617469233575081
9,reward_B,14,0.032424361942931974,0.009630459759831567,0.6888071694889074
9,reward_B,15,0.02878704439485322,0.009978531634171506,0.7137025959297949
9,reward_B,16,0.02579256069470062,0.010298757758564259,0.7366063882554112
9,reward_B,17,0.02330691062478561,0.010593365793005627,0.7576778771949784
9,reward_B,18,0.021227614594877178,0.010864405184691672,0.77706364701938
9,reward_B,19,0.01947562217872527,0.011113761425042723,0.7948985552578297
9,reward_B,20,0.017989433541948666,0.011343169166165845,0.8113066708372032
9,reward_B,21,0.01672080148776435,0.011554224287999237,0.826402137170227
9,reward_B,22,0.015631566991457492,0.01174839500008562,0.8402899661966088
9,reward_B,23,0.014691311971411799,0.0119270320552054,0.8530667689008802
9,reward_B,24,0.013875604991825954,0.012091378145915432,0.8648214273888097
9,reward_B,25,0.013164680096849317,0.012242576549368667,0.875635713197705
9,reward_B,26,0.012542434299130907,0.01238167908054566,0.8855848561418885
9,reward_B,27,0.011995661203428836,0.012509653409228494,0.8947380676505374
9,reward_B,28,0.011513460887320585,0.012627389791616705,0.9031590222384944
9,reward_B,29,0.011086782292125267,0.012735707263413776,0.9109063004594149
9,reward_B,30,0.010708065940414263,0.012835359337467267,0.9180337964226617
9,reward_B,31,0.010370963138856645,0.01292703924559635,0.9245910927088488
9,reward_B,32,0.010070113883585086,0.013011384761075107,0.9306238052921408
9,reward_B,33,0.009800970114413972,0.01308898263531566,0.9361739008687696
9,reward_B,34,0.00955965422381606,0.013160372679616894,0.941279988799268
9,reward_B,35,0.00934284514121461,0.013226051520374038,0.9459775896953265
9,reward_B,36,0.0091476861134907,0.013286476053870455,0.9502993825197005
9,reward_B,37,0.008971709653456474,0.013342066624687399,0.9542754319181244
9,reward_B,38,0.008812776147918974,0.013393209949838947,0.9579333973646744
9,reward_B,39,0.008669023391608095,0.013440261808978282,0.9612987255755004
9,reward_B,40,0.008538824905086501,0.013483549519386573,0.9643948275294605
9,no_reward,0,0.5,0.0,0.0
9,no_reward,1,0.5,0.0,0.0
9,no_reward,2,0.5,0.0,0.0
9,no_reward,3,0.5,0.0,0.0
9,no_reward,4,0.5,0.0,0.0
9,no_reward,5,0.5,0.0,0.0
9,no_reward,6,0.5,0.0,0.0
9,no_reward,7,0.5,0.0,0.0
9,no_reward,8,0.5,0.0,0.0
9,no_reward,9,0.5,0.0,0.0
9,no_reward,10,0.5,0.0,0.0
9,no_reward,11,0.5,0.0,0.0
9,no_reward,12,0.5,0.0,0.0
9,no_reward,13,0.5,0.0,0.0
9,no_reward,14,0.5,0.0,0.0
9,no_reward,15,0.5,0.0,0.0
9,no_reward,16,0.5,0.0,0.0
9,no_reward,17,0.5,0.0,0.0
9,no_reward,18,0.5,0.0,0.0
9,no_reward,19,0.5,0.0,0.0
9,no_reward,20,0.5,0.0,0.0
9,no_reward,21,0.5,0.0,0.0
9,no_reward,22,0.5,0.0,0.0
9,no_reward,23,0.5,0.0,0.0
9,no_reward,24,0.5,0.0,0.0
9,no_reward,25,0.5,0.0,0.0
9,no_reward,26,0.5,0.0,0.0
9,no_reward,27,0.5,0.0,0.0
9,no_reward,28,0.5,0.0,0.0
9,no_reward,29,0.5,0.0,0.0
9,no_reward,30,0.5,0.0,0.0
9,no_reward,31,0.5,0.0,0.0
9,no_reward,32,0.5,0.0,0.0
9,no_reward,33,0.5,0.0,0.0
9,no_reward,34,0.5,0.0,0.0
9,no_reward,35,0.5,0.0,0.0
9,no_reward,36,0.5,0.0,0.0
9,no_reward,37,0.5,0.0,0.0
9,no_reward,38,0.5,0.0,0.0
9,no_reward,39,0.5,0.0,0.0
9,no_reward,40,0.5,0.0,0.0
9,frozen,0,0.5,0.0,0.0
9,frozen,1,0.5,0.0,0.0
9,frozen,2,0.5,0.0,0.0
9,frozen,3,0.5,0.0,0.0
9,frozen,4,0.5,0.0,0.0
9,frozen,5,0.5,0.0,0.0
9,frozen,6,0.5,0.0,0.0
9,frozen,7,0.5,0.0,0.0
9,frozen,8,0.5,0.0,0.0
9,frozen,9,0.5,0.0,0.0
9,frozen,10,0.5,0.0,0.0
9,frozen,11,0.5,0.0,0.0
9,frozen,12,0.5,0.0,0.0
9,frozen,13,0.5,0.0,0.0
9,frozen,14,0.5,0.0,0.0
9,frozen,15,0.5,0.0,0.0
9,frozen,16,0.5,0.0,0.0
9,frozen,17,0.5,0.0,0.0
9,frozen,18,0.5,0.0,0.0
9,frozen,19,0.5,0.0,0.0
9,frozen,20,0.5,0.0,0.0
9,frozen,21,0.5,0.0,0.0
9,frozen,22,0.5,0.0,0.0
9,frozen,23,0.5,0.0,0.0
9,frozen,24,0.5,0.0,0.0
9,frozen,25,0.5,0.0,0.0
9,frozen,26,0.5,0.0,0.0
9,frozen,27,0.5,0.0,0.0
9,frozen,28,0.5,0.0,0.0
9,frozen,29,0.5,0.0,0.0
9,frozen,30,0.5,0.0,0.0
9,frozen,31,0.5,0.0,0.0
9,frozen,32,0.5,0.0,0.0
9,frozen,33,0.5,0.0,0.0
9,frozen,34,0.5,0.0,0.0
9,frozen,35,0.5,0.0,0.0
9,frozen,36,0.5,0.0,0.0
9,frozen,37,0.5,0.0,0.0
9,frozen,38,0.5,0.0,0.0
9,frozen,39,0.5,0.0,0.0
9,frozen,40,0.5,0.0,0.0
9,nonselective_reward,0,0.5,0.0,0.0
9,nonselective_reward,1,0.5000220388698163,0.04053688415446066,0.04051925305859616
9,nonselective_reward,2,0.5000414683373781,0.07941020122503317,0.07937702655505463
9,nonselective_reward,3,0.5000585282419837,0.11668979388574174,0.1166429712919409
9,nonselective_reward,4,0.5000734382090689,0.1524424523843806,0.15238370181670302
9,nonselective_reward,5,0.5000863992913814,0.18673205692315475,0.18666293748936158
9,nonselective_reward,6,0.5000975954792362,0.21961971275386094,0.21954163636948043
9,nonselective_reward,7,0.5001071950902,0.25116387840370036,0.2510781223302265
9,nonselective_reward,8,0.5001153520477497,0.2814204874214026,0.2813282057815656
9,nonselective_reward,9,0.500122207057687,0.310443064008735,0.3103452983606386
9,nonselective_reward,10,0.5001278886904055,0.3382828328795736,0.33818052192501813
9,nonselective_reward,11,0.500132514376469,0.3649888236673736,0.3648828121637163
9,nonselective_reward,12,0.5001361913223719,0.3906079701819878,0.3904990171213958
9,nonselective_reward,13,0.5001390173528055,0.41518520479825083,0.4150739909131407
9,nonselective_reward,14,0.500141081685265,0.43876354824145747,0.4386506828902501
9,nonselective_reward,15,0.5001424656423633,0.46138419501874117,0.4612702225017662
9,nonselective_reward,16,0.500143243306799,0.48308659473030935,0.482972000081735
9,nonselective_reward,17,0.5001434821235352,0.5039085294804491,0.5037937437784701
9,nonselective_reward,18,0.5001432434533845,0.5238861875950979,0.5237715928292552
9,nonselective_reward,19,0.5001425830818644,0.5430542338405216,0.5429401673719382
9,nonselective_reward,20,0.5001415516868858,0.5614458763261889,0.5613326349736549
9,nonselective_reward,21,0.5001401952685502,0.5790929302642295,0.5789807740464501
9,nonselective_reward,22,0.5001385555440763,0.5960258787478471,0.5959150343097488
9,nonselective_reward,23,0.5001366703106364,0.6122739307016956,0.6121645944504635
9,nonselective_reward,24,0.5001345737786674,0.6278650761484554,0.6277574171229219
9,nonselective_reward,25,0.5001322968780045,0.6428261389276382,0.6427203014227647
9,nonselective_reward,26,0.5001298675390241,0.6571828269949642,0.6570789329614086
9,nonselective_reward,27,0.5001273109507817,0.6709597804234417,0.6708579316606154
9,nonselective_reward,28,0.5001246497979955,0.6841806172205314,0.684080897380069
9,nonselective_reward,29,0.5001219044785671,0.6968679770694377,0.6967704534846517
9,nonselective_reward,30,0.5001190933032004,0.7090435630966299,0.7089482884522679
9,nonselective_reward,31,0.500116232678559,0.7207281817621127,0.7206351956175905
9,nonselective_reward,32,0.5001133372752825,0.7319417809637314,0.7318511111419524
9,nonselective_reward,33,0.5001104201820789,0.7427034864418725,0.7426151502947733
9,nonselective_reward,34,0.5001074930470192,0.7530316365662992,0.752945642127359
9,nonselective_reward,35,0.5001045662070635,0.7629438155825123,0.762860162615642
9,nonselective_reward,36,0.5001016488067656,0.7724568853909338,0.7723755663444011
9,nonselective_reward,37,0.50009874890704,0.7815870159283714,0.7815080168017123
9,nonselective_reward,38,0.5000958735847856,0.7903497142175905,0.790273015348822
9,nonselective_reward,39,0.5000930290241153,0.7987598521474146,0.7986854289272636
9,nonselective_reward,40,0.5000902205998675,0.8068316930425612,0.8067595165618838
10,reward_A,0,0.5,0.0,0.0
10,reward_A,1,0.5888891307678319,0.07999999999999985,0.008124999999999938
10,reward_A,2,0.66596692675182,0.15359999999999996,0.01560000000000017
10,reward_A,3,0.7299117738583777,0.22131199999999984,0.022476999999999858
10,reward_A,4,0.7814294457370183,0.2836070399999998,0.028803840000000025
10,reward_A,5,0.8222212500297884,0.34091847679999987,0.03462453280000022
10,reward_A,6,0.854249511513185,0.3936449986559998,0.03997957017600007
10,reward_A,7,0.8793443519833798,0.4421533987635198,0.04490620456191996
10,reward_A,8,0.8990498899825455,0.48678112686243824,0.049438708196966386
10,reward_A,9,0.9146007354067496,0.5278386367134431,0.053608611541209106
10,reward_A,10,0.9269552562580022,0.5656115457763676,0.057444922617912675
10,reward_A,11,0.9368459254609195,0.6003626221142582,0.060974328808479306
10,reward_A,12,0.9448287207739805,0.6323336123451175,0.06422138250380094
10,reward_A,13,0.9513250490300552,0.6617469233575081,0.06720867190349689
10,reward_A,14,0.9566549787742631,0.6888071694889075,0.06995697815121726
10,reward_A,15,0.9610626584202638,0.7137025959297949,0.07248541989911983
10,reward_A,16,0.9647353922022791,0.7366063882554112,0.07481158630719031
10,reward_A,17,0.967817823273089,0.7576778771949784,0.07695165940261506
10,reward_A,18,0.9704224424601188,0.77706364701938,0.07892052665040594
10,reward_A,19,0.9726373765881946,0.7948985552578296,0.08073188451837343
10,reward_A,20,0.9745321760133772,0.8113066708372033,0.08239833375690364
10,reward_A,21,0.976162133576934,0.826402137170227,0.08393146705635135
10,reward_A,22,0.9775715245375134,0.8402899661966088,0.08534194969184317
10,reward_A,23,0.9787960513488748,0.8530667689008802,0.08663959371649554
10,reward_A,24,0.9798646999716017,0.8648214273888097,0.087833426219176
10,reward_A,25,0.9808011584565409,0.875635713197705,0.08893175212164206
10,reward_A,26,0.9816249080877718,0.8855848561418885,0.08994221195191043
10,reward_A,27,0.9823520681241955,0.8947380676505374,0.09087183499575768
10,reward_A,28,0.9829960539846748,0.9031590222384944,0.09172708819609698
10,reward_A,29,0.9835680933112865,0.9109063004594149,0.09251392114040935
10,reward_A,30,0.98407763309199,0.9180337964226617,0.09323780744917665
10,reward_A,31,0.9845326627661579,0.9245910927088488,0.09390378285324275
10,reward_A,32,0.984939972144661,0.9306238052921408,0.09451648022498305
10,reward_A,33,0.9853053584575825,0.9361739008687696,0.09508016180698442
10,reward_A,34,0.9856337934720026,0.941279988799268,0.0955987488624257
10,reward_A,35,0.9859295590936952,0.9459775896953265,0.09607584895343169
10,reward_A,36,0.9861963579588899,0.9502993825197005,0.09651478103715716
10,reward_A,37,0.9864374040748819,0.9542754319181244,0.09691859855418439
10,reward_A,38,0.986655497464069,0.9579333973646744,0.09729011066984994
10,reward_A,39,0.9868530859189912,0.9612987255755004,0.09763190181626169
10,reward_A,40,0.9870323163227512,0.9643948275294605,0.09794634967096094
10,reward_B,0,0.5,0.0,0.0
10,reward_B,1,0.410458820158965,0.0075862068965516505,0.08000000000000007
10,reward_B,2,0.33288343351619415,0.014565517241379333,0.15359999999999996
10,reward_B,3,0.26862153886745,0.020986482758620806,0.22131199999999995
10,reward_B,4,0.21694376432339635,0.02689377103448265,0.2836070399999997
10,reward_B,5,0.17610684032427312,0.03232847624827584,0.34091847679999987
10,reward_B,6,0.14410777964373725,0.037328405044965374,0.3936449986559998
10,reward_B,7,0.11908482376568247,0.041928339537919745,0.4421533987635198
10,reward_B,8,0.09947207367624071,0.046160279271438065,0.48678112686243824
10,reward_B,9,0.08402113903968227,0.05005366382627474,0.5278386367134431
10,reward_B,10,0.07176554628746967,0.05363557761672444,0.5656115457763676
10,reward_B,11,0.06196843722483171,0.05693093830393825,0.6003626221142582
10,reward_B,12,0.054071757219152354,0.059962670136174845,0.6323336123451175
10,reward_B,13,0.047653389258358256,0.06275186342183259,0.6617469233575082
10,reward_B,14,0.04239332349591965,0.06531792124463787,0.6888071694889075
10,reward_B,15,0.03804787282942357,0.06767869444161845,0.7137025959297949
10,reward_B,16,0.03443037934993951,0.06985060578284064,0.7366063882554112
10,reward_B,17,0.03139690619300581,0.07184876421676534,0.7576778771949784
10,reward_B,18,0.028835660036276346,0.07368706997597574,0.7770636470193801
10,reward_B,19,0.02665916759249479,0.07537831127444927,0.7948985552578297
10,reward_B,20,0.02479847245497802,0.07693425326904513,0.8113066708372033
10,reward_B,21,0.023198811597017182,0.07836571990407326,0.826402137170227
10,reward_B,22,0.021816376888171354,0.07968266920829925,0.8402899661966088
10,reward_B,23,0.02061587476760592,0.08089426256818677,0.8530667689008802
10,reward_B,24,0.01956867565800154,0.08200892845928365,0.8648214273888097
10,reward_B,25,0.01865140141367718,0.08303442107909265,0.875635713197705
10,reward_B,26,0.017844839997872584,0.08397787428931691,0.8855848561418885
10,reward_B,27,0.017133106097370197,0.08484585124272337,0.8947380676505374
10,reward_B,28,0.016502987728648624,0.08564439003985713,0.9031590222384944
10,reward_B,29,0.015943434384517882,0.0863790457332203,0.9109063004594149
10,reward_B,30,0.015445153567854872,0.08705492897111455,0.9180337964226617
10,reward_B,31,0.015000290837947393,0.08767674154997696,0.9245910927088488
10,reward_B,32,0.014602174594406683,0.08824880912253064,0.9306238052921408
10,reward_B,33,0.014245111342574024,0.08877511128927973,0.9361739008687696
10,reward_B,34,0.013924220551525876,0.08925930928268921,0.941279988799268
10,reward_B,35,0.013635300739197194,0.08970477143662581,0.9459775896953265
10,reward_B,36,0.013374720321101296,0.09011459661824739,0.9502993825197005
10,reward_B,37,0.013139328200832686,0.09049163578533936,0.9542754319181244
10,reward_B,38,0.012926380179503967,0.090838511819064,0.9579333973646744
10,reward_B,39,0.012733478103578937,0.09115763777009056,0.9612987255755004
10,reward_B,40,0.012558519319636596,0.09145123364503505,0.9643948275294605
10,no_reward,0,0.5,0.0,0.0
10,no_reward,1,0.5,0.0,0.0
10,no_reward,2,0.5,0.0,0.0
10,no_reward,3,0.5,0.0,0.0
10,no_reward,4,0.5,0.0,0.0
10,no_reward,5,0.5,0.0,0.0
10,no_reward,6,0.5,0.0,0.0
10,no_reward,7,0.5,0.0,0.0
10,no_reward,8,0.5,0.0,0.0
10,no_reward,9,0.5,0.0,0.0
10,no_reward,10,0.5,0.0,0.0
10,no_reward,11,0.5,0.0,0.0
10,no_reward,12,0.5,0.0,0.0
10,no_reward,13,0.5,0.0,0.0
10,no_reward,14,0.5,0.0,0.0
10,no_reward,15,0.5,0.0,0.0
10,no_reward,16,0.5,0.0,0.0
10,no_reward,17,0.5,0.0,0.0
10,no_reward,18,0.5,0.0,0.0
10,no_reward,19,0.5,0.0,0.0
10,no_reward,20,0.5,0.0,0.0
10,no_reward,21,0.5,0.0,0.0
10,no_reward,22,0.5,0.0,0.0
10,no_reward,23,0.5,0.0,0.0
10,no_reward,24,0.5,0.0,0.0
10,no_reward,25,0.5,0.0,0.0
10,no_reward,26,0.5,0.0,0.0
10,no_reward,27,0.5,0.0,0.0
10,no_reward,28,0.5,0.0,0.0
10,no_reward,29,0.5,0.0,0.0
10,no_reward,30,0.5,0.0,0.0
10,no_reward,31,0.5,0.0,0.0
10,no_reward,32,0.5,0.0,0.0
10,no_reward,33,0.5,0.0,0.0
10,no_reward,34,0.5,0.0,0.0
10,no_reward,35,0.5,0.0,0.0
10,no_reward,36,0.5,0.0,0.0
10,no_reward,37,0.5,0.0,0.0
10,no_reward,38,0.5,0.0,0.0
10,no_reward,39,0.5,0.0,0.0
10,no_reward,40,0.5,0.0,0.0
10,frozen,0,0.5,0.0,0.0
10,frozen,1,0.5,0.0,0.0
10,frozen,2,0.5,0.0,0.0
10,frozen,3,0.5,0.0,0.0
10,frozen,4,0.5,0.0,0.0
10,frozen,5,0.5,0.0,0.0
10,frozen,6,0.5,0.0,0.0
10,frozen,7,0.5,0.0,0.0
10,frozen,8,0.5,0.0,0.0
10,frozen,9,0.5,0.0,0.0
10,frozen,10,0.5,0.0,0.0
10,frozen,11,0.5,0.0,0.0
10,frozen,12,0.5,0.0,0.0
10,frozen,13,0.5,0.0,0.0
10,frozen,14,0.5,0.0,0.0
10,frozen,15,0.5,0.0,0.0
10,frozen,16,0.5,0.0,0.0
10,frozen,17,0.5,0.0,0.0
10,frozen,18,0.5,0.0,0.0
10,frozen,19,0.5,0.0,0.0
10,frozen,20,0.5,0.0,0.0
10,frozen,21,0.5,0.0,0.0
10,frozen,22,0.5,0.0,0.0
10,frozen,23,0.5,0.0,0.0
10,frozen,24,0.5,0.0,0.0
10,frozen,25,0.5,0.0,0.0
10,frozen,26,0.5,0.0,0.0
10,frozen,27,0.5,0.0,0.0
10,frozen,28,0.5,0.0,0.0
10,frozen,29,0.5,0.0,0.0
10,frozen,30,0.5,0.0,0.0
10,frozen,31,0.5,0.0,0.0
10,frozen,32,0.5,0.0,0.0
10,frozen,33,0.5,0.0,0.0
10,frozen,34,0.5,0.0,0.0
10,frozen,35,0.5,0.0,0.0
10,frozen,36,0.5,0.0,0.0
10,frozen,37,0.5,0.0,0.0
10,frozen,38,0.5,0.0,0.0
10,frozen,39,0.5,0.0,0.0
10,frozen,40,0.5,0.0,0.0
10,nonselective_reward,0,0.5,0.0,0.0
10,nonselective_reward,1,0.49967672418297704,0.04364137931034473,0.04390000000000005
10,nonselective_reward,2,0.49939172443801305,0.08525161931034475,0.08573824000000008
10,nonselective_reward,3,0.49914148277473136,0.12493434752882748,0.12562116198400008
10,nonselective_reward,4,0.4989227776212327,0.16278729164808492,0.16364907088445446
10,nonselective_reward,5,0.49873265979238673,0.19890265306977162,0.1999165274071133
10,nonselective_reward,6,0.4985684303634732,0.23336745475252219,0.23451271359119563
10,nonselective_reward,7,0.4984276203019795,0.2662638651960084,0.267521773101134
10,nonselective_reward,8,0.4983079717209997,0.2976695003048818,0.29902312809527354
10,nonselective_reward,9,0.4982074206277192,0.3276577047356102,0.3290917743776619
10,nonselective_reward,10,0.49812408104990985,0.3562978142087839,0.35779855641050873
10,nonselective_reward,11,0.4980562304322077,0.38365540015828314,0.38521042364621805
10,nonselective_reward,12,0.4980022962021799,0.4097924979860028,0.41139066952831604
10,nonselective_reward,13,0.49796084341388724,0.4347678200960243,0.4363991544094191
10,nonselective_reward,14,0.4979305633837621,0.45863695479453503,0.4602925135409588
10,nonselective_reward,15,0.4979102632402481,0.48145255206092086,0.48312435120309627
10,nonselective_reward,16,0.4978988563147653,0.5032644971207312,0.5049454219635723
10,nonselective_reward,17,0.4978953533072335,0.5241200726821966,0.5258037999806349
10,nonselective_reward,18,0.4978988541646227,0.5440641106342141,0.5457450371971997
10,nonselective_reward,19,0.4979085406158301,0.5631391339447812,0.5648123112105838
10,nonselective_reward,20,0.49792366931065507,0.5813854894444286,0.5830465635441326
10,nonselective_reward,21,0.49794356551474633,0.5988414721288666,0.6004866289934332
10,nonselective_reward,22,0.49796761731621914,0.6155434415685694,0.6171693566702621
10,nonselective_reward,23,0.497995270303105,0.6315259309700154,0.6331297233216311
10,nonselective_reward,24,0.498026022674058,0.6468217493935712,0.6484009394589598
10,nonselective_reward,25,0.4980594207476939,0.6614620775962559,0.6630145487932925
10,nonselective_reward,26,0.4980950548386926,0.6754765579336446,0.6770005214362967
10,nonselective_reward,27,0.49813255547130286,0.6888933787237446,0.6903873412933534
10,nonselective_reward,28,0.4981715899032349,0.7017393534466168,0.7032020880441106
10,nonselective_reward,29,0.49821185893505343,0.7140399951266232,0.715470514077282
10,nonselective_reward,30,0.49825309398216205,0.7258195862193084,0.7272171167200197
10,nonselective_reward,31,0.4982950543882901,0.7371012443019025,0.7384652060777108
10,nonselective_reward,32,0.4983375249610692,0.7479069838451338,0.7492369687774172
10,nonselective_reward,33,0.4983803137118182,0.7582577743243157,0.7595535278872189
10,nonselective_reward,34,0.4984232497830922,0.768173594909424,0.7694349992643339
10,nonselective_reward,35,0.49846618154884487,0.7776734859569746,0.7789005445669442
10,nonselective_reward,36,0.49850897487326545,0.7867755975108592,0.7879684211480326
10,nonselective_reward,37,0.498551511515461,0.7954972350048027,0.7966560290341581
10,nonselective_reward,38,0.49859368766817547,0.8038549023456694,0.8049799551778462
10,nonselective_reward,39,0.49863541261967514,0.8118643425444023,0.8129560151590705
10,nonselective_reward,40,0.4986766075288035,0.8195405760498492,0.8205992924990799
11,reward_A,0,0.5,0.0,0.0
11,reward_A,1,0.5874995345847146,0.07999999999999996,0.009272376046361774
11,reward_A,2,0.6635121646947006,0.15359999999999996,0.017802962009014767
11,reward_A,3,0.7267716614804793,0.22131199999999995,0.025651101094655404
11,reward_A,4,0.7779359351771026,0.2836070399999998,0.03287138905344489
11,reward_A,5,0.8186194649358888,0.34091847679999987,0.03951405397553098
11,reward_A,6,0.8506995718915935,0.3936449986559999,0.04562530570385048
11,reward_A,7,0.8759396122086419,0.4421533987635199,0.05124765729390435
11,reward_A,8,0.8958372830774111,0.48678112686243824,0.0564202207567539
11,reward_A,9,0.9115974986061713,0.5278386367134431,0.06117897914257553
11,reward_A,10,0.9241609241592179,0.5656115457763676,0.06555703685753123
11,reward_A,11,0.9342502741778129,0.6003626221142582,0.06958484995529057
11,reward_A,12,0.9424167506507527,0.6323336123451176,0.07329043800522916
11,reward_A,13,0.9490799710569351,0.6617469233575082,0.07669957901117286
11,reward_A,14,0.9545599209203336,0.6888071694889075,0.07983598873664077
11,reward_A,15,0.9591015796318288,0.7137025959297949,0.08272148568407134
11,reward_A,16,0.9628935203494374,0.7366063882554112,0.0853761428757076
11,reward_A,17,0.9660818158031075,0.7576778771949784,0.08781842749201285
11,reward_A,18,0.9687803918425426,0.7770636470193801,0.09006532933901379
11,reward_A,19,0.971078734080911,0.7948985552578297,0.0921324790382545
11,reward_A,20,0.9730476371285712,0.8113066708372033,0.09403425676155597
11,reward_A,21,0.9747435101770312,0.826402137170227,0.09578389226699346
11,reward_A,22,0.9762116173479913,0.8402899661966089,0.09739355693199592
11,reward_A,23,0.9774885300375331,0.8530667689008802,0.09887444842379789
11,reward_A,24,0.9786039940601051,0.8648214273888097,0.10023686859625602
11,reward_A,25,0.9795823601147599,0.875635713197705,0.10149029515491748
11,reward_A,26,0.9804436866477129,0.8855848561418885,0.10264344758888588
11,reward_A,27,0.9812045955304984,0.8947380676505374,0.10370434782813698
11,reward_A,28,0.9818789401248822,0.9031590222384944,0.10468037604824787
11,reward_A,29,0.9824783300916355,0.9109063004594149,0.1055783220107499
11,reward_A,30,0.9830125461535626,0.9180337964226617,0.10640443229625185
11,reward_A,31,0.9834898698187818,0.9245910927088488,0.10716445375891337
11,reward_A,32,0.9839173470010896,0.9306238052921408,0.10786367350456227
11,reward_A,33,0.9843009999608149,0.9361739008687696,0.10850695567055924
11,reward_A,34,0.9846459986147581,0.941279988799268,0.10909877526327627
11,reward_A,35,0.9849567997264672,0.9459775896953265,0.10964324928857616
11,reward_A,36,0.9852372605698112,0.9502993825197005,0.11014416539185201
11,reward_A,37,0.9854907322005778,0.9542754319181244,0.11060500820686558
11,reward_A,38,0.9857201363562855,0.9579333973646744,0.11102898359667812
11,reward_A,39,0.985928029147982,0.9612987255755004,0.11141904095530575
11,reward_A,40,0.986116654046288,0.9643948275294605,0.11177789372524316
11,reward_B,0,0.5,0.0,0.0
11,reward_B,1,0.41295206666469186,0.00964501004688545,0.07999999999999996
11,reward_B,2,0.337286980353167,0.01851841929002007,0.15359999999999974
11,reward_B,3,0.2742530418358661,0.026681955793703915,0.22131199999999973
11,reward_B,4,0.2232072012090495,0.034192409377093,0.2836070399999998
11,reward_B,5,0.1825624427645781,0.04110202667381124,0.34091847679999987
11,reward_B,6,0.15046858190660603,0.047458874586791544,0.3936449986559998
11,reward_B,7,0.12518375940831114,0.053307174666733737,0.44215339876351967
11,reward_B,8,0.10522535728686347,0.058687610740280505,0.48678112686243813
11,reward_B,9,0.08939820227459346,0.0636376119279436,0.5278386367134431
11,reward_B,10,0.0767675043580041,0.0681916130205934,0.5656115457763677
11,reward_B,11,0.06661384010484396,0.07238129402583149,0.6003626221142582
11,reward_B,12,0.058387661984912846,0.07623580055065049,0.6323336123451175
11,reward_B,13,0.051670015514862645,0.07978194655348392,0.6617469233575082
11,reward_B,14,0.0461410040948505,0.08304440087609066,0.6888071694889074
11,reward_B,15,0.04155542389838047,0.08604585885288885,0.7137025959297949
11,reward_B,16,0.0377243221646578,0.0888072001915432,0.7366063882554112
11,reward_B,17,0.03450118461331352,0.09134763422310521,0.7576778771949784
11,reward_B,18,0.031771634866831336,0.0936848335321423,0.7770636470193801
11,reward_B,19,0.029445756315074293,0.09583505689645622,0.7948985552578296
11,reward_B,20,0.02745235680823071,0.09781326239162524,0.8113066708372032
11,reward_B,21,0.025734668511749898,0.09963321144718074,0.826402137170227
11,reward_B,22,0.024247108220004993,0.10130756457829171,0.8402899661966088
11,reward_B,23,0.022952823130171045,0.10284796945891395,0.8530667689008802
11,reward_B,24,0.0218218205920985,0.1042651419490862,0.8648214273888097
11,reward_B,25,0.020829534075780254,0.10556894064004474,0.875635713197705
11,reward_B,26,0.019955716709532462,0.10676843543572667,0.8855848561418885
11,reward_B,27,0.01918358219506837,0.107871970647754,0.8947380676505374
11,reward_B,28,0.01849913363473582,0.10888722304281917,0.9031590222384944
11,reward_B,29,0.01789063595163805,0.10982125524627906,0.9109063004594149
11,reward_B,30,0.01734819869190708,0.11068056487346223,0.9180337964226617
11,reward_B,31,0.01686344418287265,0.11147112973047069,0.9245910927088488
11,reward_B,32,0.016429242080843405,0.11219844939891854,0.9306238052921408
11,reward_B,33,0.016039495852634936,0.11286758349389048,0.9361739008687696
11,reward_B,34,0.015688970110173523,0.1134831868612648,0.941279988799268
11,reward_B,35,0.015373150257016565,0.11404954195924899,0.9459775896953265
11,reward_B,36,0.015088127826859131,0.11457058864939473,0.9502993825197005
11,reward_B,37,0.014830506355504905,0.11504995160432852,0.9542754319181244
11,reward_B,38,0.014597323745424655,0.11549096552286775,0.9579333973646744
11,reward_B,39,0.014385987941307096,0.11589669832792371,0.9612987255755004
11,reward_B,40,0.01419422339909571,0.11626997250857529,0.9643948275294605
11,no_reward,0,0.5,0.0,0.0
11,no_reward,1,0.5,0.0,0.0
11,no_reward,2,0.5,0.0,0.0
11,no_reward,3,0.5,0.0,0.0
11,no_reward,4,0.5,0.0,0.0
11,no_reward,5,0.5,0.0,0.0
11,no_reward,6,0.5,0.0,0.0
11,no_reward,7,0.5,0.0,0.0
11,no_reward,8,0.5,0.0,0.0
11,no_reward,9,0.5,0.0,0.0
11,no_reward,10,0.5,0.0,0.0
11,no_reward,11,0.5,0.0,0.0
11,no_reward,12,0.5,0.0,0.0
11,no_reward,13,0.5,0.0,0.0
11,no_reward,14,0.5,0.0,0.0
11,no_reward,15,0.5,0.0,0.0
11,no_reward,16,0.5,0.0,0.0
11,no_reward,17,0.5,0.0,0.0
11,no_reward,18,0.5,0.0,0.0
11,no_reward,19,0.5,0.0,0.0
11,no_reward,20,0.5,0.0,0.0
11,no_reward,21,0.5,0.0,0.0
11,no_reward,22,0.5,0.0,0.0
11,no_reward,23,0.5,0.0,0.0
11,no_reward,24,0.5,0.0,0.0
11,no_reward,25,0.5,0.0,0.0
11,no_reward,26,0.5,0.0,0.0
11,no_reward,27,0.5,0.0,0.0
11,no_reward,28,0.5,0.0,0.0
11,no_reward,29,0.5,0.0,0.0
11,no_reward,30,0.5,0.0,0.0
11,no_reward,31,0.5,0.0,0.0
11,no_reward,32,0.5,0.0,0.0
11,no_reward,33,0.5,0.0,0.0
11,no_reward,34,0.5,0.0,0.0
11,no_reward,35,0.5,0.0,0.0
11,no_reward,36,0.5,0.0,0.0
11,no_reward,37,0.5,0.0,0.0
11,no_reward,38,0.5,0.0,0.0
11,no_reward,39,0.5,0.0,0.0
11,no_reward,40,0.5,0.0,0.0
11,frozen,0,0.5,0.0,0.0
11,frozen,1,0.5,0.0,0.0
11,frozen,2,0.5,0.0,0.0
11,frozen,3,0.5,0.0,0.0
11,frozen,4,0.5,0.0,0.0
11,frozen,5,0.5,0.0,0.0
11,frozen,6,0.5,0.0,0.0
11,frozen,7,0.5,0.0,0.0
11,frozen,8,0.5,0.0,0.0
11,frozen,9,0.5,0.0,0.0
11,frozen,10,0.5,0.0,0.0
11,frozen,11,0.5,0.0,0.0
11,frozen,12,0.5,0.0,0.0
11,frozen,13,0.5,0.0,0.0
11,frozen,14,0.5,0.0,0.0
11,frozen,15,0.5,0.0,0.0
11,frozen,16,0.5,0.0,0.0
11,frozen,17,0.5,0.0,0.0
11,frozen,18,0.5,0.0,0.0
11,frozen,19,0.5,0.0,0.0
11,frozen,20,0.5,0.0,0.0
11,frozen,21,0.5,0.0,0.0
11,frozen,22,0.5,0.0,0.0
11,frozen,23,0.5,0.0,0.0
11,frozen,24,0.5,0.0,0.0
11,frozen,25,0.5,0.0,0.0
11,frozen,26,0.5,0.0,0.0
11,frozen,27,0.5,0.0,0.0
11,frozen,28,0.5,0.0,0.0
11,frozen,29,0.5,0.0,0.0
11,frozen,30,0.5,0.0,0.0
11,frozen,31,0.5,0.0,0.0
11,frozen,32,0.5,0.0,0.0
11,frozen,33,0.5,0.0,0.0
11,frozen,34,0.5,0.0,0.0
11,frozen,35,0.5,0.0,0.0
11,frozen,36,0.5,0.0,0.0
11,frozen,37,0.5,0.0,0.0
11,frozen,38,0.5,0.0,0.0
11,frozen,39,0.5,0.0,0.0
11,frozen,40,0.5,0.0,0.0
11,nonselective_reward,0,0.5,0.0,0.0
11,nonselective_reward,1,0.5002235803854121,0.04462960482250489,0.04445074050225373
11,nonselective_reward,2,0.5004206887819606,0.0871110644340255,0.0867745133290404
11,nonselective_reward,3,0.5005937582907668,0.1275587607868186,0.12708375393092086
11,nonselective_reward,4,0.5007450169756834,0.16608026959337596,0.16548425557173863
11,nonselective_reward,5,0.5008765044989701,0.20277680748340932,0.20207560316595619
11,nonselective_reward,6,0.5009900874337625,0.23774364756181787,0.23695157657954558
11,nonselective_reward,7,0.5010874733568167,0.271070505706675,0.2702005256494373
11,nonselective_reward,8,0.5011702238171913,0.3028418997684271,0.3019057190053006
11,nonselective_reward,9,0.5012397662692362,0.33313748366737184,0.332145668619393
11,nonselective_reward,10,0.5012974050514509,0.36203235823500746,0.3609944318643761
11,nonselective_reward,11,0.5013443314865005,0.38959736050505434,0.3885218927243629
11,nonselective_reward,12,0.50138163317181,0.41589933303090254,0.41479402368020046
11,nonselective_reward,13,0.5014103025247768,0.4410013746871465,0.43987312967528336
11,nonselective_reward,14,0.5014312446416223,0.4649630743029062,0.46381807546228726
11,nonselective_reward,15,0.5014452845242908,0.4878407283731412,0.48668449753344833
11,nonselective_reward,16,0.5014531737255368,0.5096875440004465,0.5085250017467342
11,nonselective_reward,17,0.5014555964583959,0.5305538281333007,0.529389347676902
11,nonselective_reward,18,0.5014531752126076,0.5504871640868393,0.5493246206434603
11,nonselective_reward,19,0.5014464759171993,0.5695325762584531,0.5683753922964633
11,nonselective_reward,20,0.5014360126853475,0.5877326838823713,0.5865838705754127
11,nonselective_reward,21,0.5014222521747931,0.6051278446044713,0.6039900397958929
11,nonselective_reward,22,0.5014056175944415,0.6217562886004195,0.6206317915625439
11,nonselective_reward,23,0.5013864923853789,0.6376542439065678,0.6365450471552232
11,nonselective_reward,24,0.5013652236022834,0.6528560535834171,0.6517638719873893
11,nonselective_reward,25,0.501342125019171,0.6673942852856367,0.6663205826915483
11,nonselective_reward,26,0.5013174799815101,0.6812998337702756,0.6802458473457822
11,nonselective_reward,27,0.501291544025001,0.6946020168356777,0.6935687793176342
11,nonselective_reward,28,0.5012645472797029,0.7073286651474326,0.7063170251667426
11,nonselective_reward,29,0.5012366966767163,0.719506206374279,0.7185168470153763
11,nonselective_reward,30,0.5012081779732593,0.7311597440259645,0.730193199766209
11,nonselective_reward,31,0.5011791576107191,0.7423131313565006,0.7413698035191028
11,nonselective_reward,32,0.501149784419111,0.7529890406698357,0.7520692115131873
11,nonselective_reward,33,0.5011201911803002,0.7632090283405382,0.7623128738969361
11,nonselective_reward,34,0.5010904960613624,0.7729935958394888,0.7721211976071438
11,nonselective_reward,35,0.5010608039285654,0.7823622470336877,0.7815136026175221
11,nonselective_reward,36,0.5010312075516031,0.7913335420099408,0.7905085747989755
11,nonselective_reward,37,0.5010017887069601,0.7999251476543079,0.7991237156163364
11,nonselective_reward,38,0.5009726191885742,0.8081538852026389,0.8073757888703521
11,nonselective_reward,39,0.5009437617333082,0.8160357749622034,0.8152807646789196
11,nonselective_reward,40,0.5009152708681569,0.82358607839024,0.8228538608778553
12,reward_A,0,0.5,0.0,0.0
12,reward_A,1,0.5905232860551148,0.07999999999999996,0.006774193548387042
12,reward_A,2,0.6688454300152219,0.15360000000000007,0.01300645161290337
12,reward_A,3,0.7335793566107259,0.22131199999999984,0.01874012903225819
12,reward_A,4,0.7854913933139415,0.2836070399999999,0.02401511225806474
12,reward_A,5,0.8263894960009083,0.34091847679999987,0.02886809682580649
12,reward_A,6,0.8583388216526457,0.3936449986559999,0.03333284262812919
12,reward_A,7,0.8832491296996582,0.4421533987635198,0.037440408766265754
12,reward_A,8,0.9027191022164196,0.48678112686243824,0.04121936961335171
12,reward_A,9,0.9180176860337369,0.5278386367134431,0.044696013592670725
12,reward_A,10,0.9301233130603842,0.5656115457763677,0.04789452605364419
12,reward_A,11,0.9397792099897788,0.6003626221142582,0.05083715751773965
12,reward_A,12,0.9475463618263018,0.6323336123451175,0.05354437846470761
12,reward_A,13,0.9538478008198369,0.6617469233575082,0.05603502173591801
12,reward_A,14,0.9590033330024228,0.6888071694889075,0.05832641354543178
12,reward_A,15,0.9632558670682236,0.7137025959297949,0.06043449401018419
12,reward_A,16,0.9667910284102871,0.7366063882554112,0.062373928037756654
12,reward_A,17,0.9697516493841702,0.7576778771949784,0.06415820734312316
12,reward_A,18,0.972248445393481,0.7770636470193801,0.06579974430406055
12,reward_A,19,0.9743678876107743,0.7948985552578297,0.06730995830812259
12,reward_A,20,0.9761780268555011,0.8113066708372033,0.0686993551918601
12,reward_A,21,0.9777328218984637,0.826402137170227,0.0699776003248983
12,reward_A,22,0.9790753742915544,0.8402899661966088,0.07115358584729337
12,reward_A,23,0.9802403609393493,0.8530667689008802,0.07223549252789718
12,reward_A,24,0.9812558753166848,0.8648214273888097,0.07323084667405255
12,reward_A,25,0.982144830411839,0.875635713197705,0.0741465724885153
12,reward_A,26,0.9829260349167641,0.8855848561418885,0.07498904023782127
12,reward_A,27,0.9836150242914657,0.8947380676505374,0.07576411056718257
12,reward_A,28,0.9842247067676403,0.9031590222384944,0.07647717527019504
12,reward_A,29,0.9847658687440769,0.9109063004594149,0.07713319479696656
12,reward_A,30,0.9852475726684691,0.9180337964226617,0.07773673276159632
12,reward_A,31,0.9856774721945007,0.9245910927088488,0.07829198768905576
12,reward_A,32,0.9860620632954505,0.9306238052921408,0.07880282222231849
12,reward_A,33,0.9864068854985312,0.9361739008687696,0.07927278999292009
12,reward_A,34,0.9867166840439409,0.941279988799268,0.07970516034187358
12,reward_A,35,0.9869955412582443,0.9459775896953265,0.08010294106291094
12,reward_A,36,0.9872469835392733,0.9502993825197005,0.080468899326265
12,reward_A,37,0.9874740689171733,0.9542754319181244,0.08080558092855106
12,reward_A,38,0.987679459065612,0.9579333973646744,0.08111532800265397
12,reward_A,39,0.9878654788022494,0.9612987255755004,0.08140029531082871
12,reward_A,40,0.9880341654749134,0.9643948275294605,0.0816624652343495
12,reward_B,0,0.5,0.0,0.0
12,reward_B,1,0.4099360012870483,0.0071540099361249165,0.08000000000000007
12,reward_B,2,0.3319626761561401,0.01373569907735972,0.15359999999999985
12,reward_B,3,0.26744867369997005,0.01979085308729589,0.22131199999999984
12,reward_B,4,0.21564516250544585,0.02536159477643707,0.2836070399999999
12,reward_B,5,0.17477466043949952,0.03048667713044717,0.34091847679999987
12,reward_B,6,0.14280122223693734,0.03520175289613614,0.3936449986559999
12,reward_B,7,0.11783758751316138,0.0395396226005702,0.4421533987635199
12,reward_B,8,0.09830040087834949,0.04353046272864958,0.48678112686243824
12,reward_B,9,0.08293029823496001,0.0472020356464824,0.5278386367134432
12,reward_B,10,0.07075440220487378,0.05057988273088876,0.5656115457763677
12,reward_B,11,0.06103242881342692,0.05368750204854256,0.6003626221142583
12,reward_B,12,0.05320473388185203,0.05654651182078407,0.6323336123451175
12,reward_B,13,0.046848690174325296,0.05917680081124632,0.6617469233575082
12,reward_B,14,0.041644379216886365,0.061596666682471435,0.6888071694889075
12,reward_B,15,0.037348515927949515,0.06382294328399873,0.7137025959297949
12,reward_B,16,0.03377498335684345,0.06587111775740362,0.7366063882554112
12,reward_B,17,0.030780426647235376,0.06775543827293651,0.7576778771949784
12,reward_B,18,0.02825362231038765,0.06948901314722633,0.7770636470193801
12,reward_B,19,0.026107627954579368,0.07108390203157322,0.7948985552578296
12,reward_B,20,0.024273967680955643,0.07255119980517222,0.8113066708372032
12,reward_B,21,0.02269830572207855,0.07390111375688335,0.826402137170227
12,reward_B,22,0.02133720968537865,0.07514303459245764,0.8402899661966089
12,reward_B,23,0.020155714199674206,0.07628560176118582,0.8530667689008802
12,reward_B,24,0.01912547520670491,0.07733676355641594,0.8648214273888097
12,reward_B,25,0.018223362447457227,0.07830383240802774,0.875635713197705
12,reward_B,26,0.01743037894750429,0.07919353575151034,0.8855848561418885
12,reward_B,27,0.016730826024304937,0.0800120628275145,0.8947380676505374
12,reward_B,28,0.01611165380229716,0.08076510773743828,0.9031590222384944
12,reward_B,29,0.015561952780498265,0.08145790905456807,0.9109063004594149
12,reward_B,30,0.015072553328031965,0.08209528626632756,0.9180337964226617
12,reward_B,31,0.014635708276921285,0.08268167330114606,0.9245910927088488
12,reward_B,32,0.014244839885791671,0.08322114937317937,0.9306238052921408
12,reward_B,33,0.013894336966429027,0.08371746735944985,0.9361739008687696
12,reward_B,34,0.013579391328877628,0.0841740799068188,0.941279988799268
12,reward_B,35,0.01329586521954206,0.08459416345039839,0.9459775896953265
12,reward_B,36,0.013040183323773144,0.08498064031049135,0.9502993825197005
12,reward_B,37,0.012809244341350048,0.08533619902177692,0.9542754319181244
12,reward_B,38,0.012600348237854636,0.0856633130361596,0.9579333973646744
12,reward_B,39,0.012411136113357124,0.08596425792939177,0.9612987255755004
12,reward_B,40,0.012239540275518391,0.0862411272311654,0.9643948275294605
12,no_reward,0,0.5,0.0,0.0
12,no_reward,1,0.5,0.0,0.0
12,no_reward,2,0.5,0.0,0.0
12,no_reward,3,0.5,0.0,0.0
12,no_reward,4,0.5,0.0,0.0
12,no_reward,5,0.5,0.0,0.0
12,no_reward,6,0.5,0.0,0.0
12,no_reward,7,0.5,0.0,0.0
12,no_reward,8,0.5,0.0,0.0
12,no_reward,9,0.5,0.0,0.0
12,no_reward,10,0.5,0.0,0.0
12,no_reward,11,0.5,0.0,0.0
12,no_reward,12,0.5,0.0,0.0
12,no_reward,13,0.5,0.0,0.0
12,no_reward,14,0.5,0.0,0.0
12,no_reward,15,0.5,0.0,0.0
12,no_reward,16,0.5,0.0,0.0
12,no_reward,17,0.5,0.0,0.0
12,no_reward,18,0.5,0.0,0.0
12,no_reward,19,0.5,0.0,0.0
12,no_reward,20,0.5,0.0,0.0
12,no_reward,21,0.5,0.0,0.0
12,no_reward,22,0.5,0.0,0.0
12,no_reward,23,0.5,0.0,0.0
12,no_reward,24,0.5,0.0,0.0
12,no_reward,25,0.5,0.0,0.0
12,no_reward,26,0.5,0.0,0.0
12,no_reward,27,0.5,0.0,0.0
12,no_reward,28,0.5,0.0,0.0
12,no_reward,29,0.5,0.0,0.0
12,no_reward,30,0.5,0.0,0.0
12,no_reward,31,0.5,0.0,0.0
12,no_reward,32,0.5,0.0,0.0
12,no_reward,33,0.5,0.0,0.0
12,no_reward,34,0.5,0.0,0.0
12,no_reward,35,0.5,0.0,0.0
12,no_reward,36,0.5,0.0,0.0
12,no_reward,37,0.5,0.0,0.0
12,no_reward,38,0.5,0.0,0.0
12,no_reward,39,0.5,0.0,0.0
12,no_reward,40,0.5,0.0,0.0
12,frozen,0,0.5,0.0,0.0
12,frozen,1,0.5,0.0,0.0
12,frozen,2,0.5,0.0,0.0
12,frozen,3,0.5,0.0,0.0
12,frozen,4,0.5,0.0,0.0
12,frozen,5,0.5,0.0,0.0
12,frozen,6,0.5,0.0,0.0
12,frozen,7,0.5,0.0,0.0
12,frozen,8,0.5,0.0,0.0
12,frozen,9,0.5,0.0,0.0
12,frozen,10,0.5,0.0,0.0
12,frozen,11,0.5,0.0,0.0
12,frozen,12,0.5,0.0,0.0
12,frozen,13,0.5,0.0,0.0
12,frozen,14,0.5,0.0,0.0
12,frozen,15,0.5,0.0,0.0
12,frozen,16,0.5,0.0,0.0
12,frozen,17,0.5,0.0,0.0
12,frozen,18,0.5,0.0,0.0
12,frozen,19,0.5,0.0,0.0
12,frozen,20,0.5,0.0,0.0
12,frozen,21,0.5,0.0,0.0
12,frozen,22,0.5,0.0,0.0
12,frozen,23,0.5,0.0,0.0
12,frozen,24,0.5,0.0,0.0
12,frozen,25,0.5,0.0,0.0
12,frozen,26,0.5,0.0,0.0
12,frozen,27,0.5,0.0,0.0
12,frozen,28,0.5,0.0,0.0
12,frozen,29,0.5,0.0,0.0
12,frozen,30,0.5,0.0,0.0
12,frozen,31,0.5,0.0,0.0
12,frozen,32,0.5,0.0,0.0
12,frozen,33,0.5,0.0,0.0
12,frozen,34,0.5,0.0,0.0
12,frozen,35,0.5,0.0,0.0
12,frozen,36,0.5,0.0,0.0
12,frozen,37,0.5,0.0,0.0
12,frozen,38,0.5,0.0,0.0
12,frozen,39,0.5,0.0,0.0
12,frozen,40,0.5,0.0,0.0
12,nonselective_reward,0,0.5,0.0,0.0
12,nonselective_reward,1,0.5002278898168621,0.04343392476933994,0.0432516129032261
12,nonselective_reward,2,0.5004287974039783,0.08486127284599021,0.08451823483870968
12,nonselective_reward,3,0.500605202758593,0.12438341412228826,0.12389925167896798
12,nonselective_reward,4,0.5007593768898142,0.16209600891982767,0.16148850694088535
12,nonselective_reward,5,0.5008933987743854,0.19808936610665095,0.19737464632652635
12,nonselective_reward,6,0.501009170963943,0.23244877671858177,0.23164143885114097
12,nonselective_reward,7,0.5011084339491791,0.2652548248619494,0.26436807624996117
12,nonselective_reward,8,0.5011927793783698,0.29658367754135295,0.29562945222852377
12,nonselective_reward,9,0.5012636622203014,0.3265073549327481,0.325496423004105
12,nonselective_reward,10,0.5013224119547268,0.3550939825082323,0.3540360504776684
12,nonselective_reward,11,0.5013702428670513,0.38240802631371007,0.3813118292758212
12,nonselective_reward,12,0.5014082635180199,0.4085105126034735,0.4073838988099747
12,nonselective_reward,13,0.5014374854536554,0.43345923294600897,0.4323092414146755
12,nonselective_reward,14,0.5014588312156122,0.4573089358324639,0.45614186754831154
12,nonselective_reward,15,0.501473141707394,0.48011150574264394,0.4789329889666488
12,nonselective_reward,16,0.5014811829675456,0.501916130552688,0.5007311807124234
12,nonselective_reward,17,0.5014836523969015,0.5227694581032138,0.5215825327020989
12,nonselective_reward,18,0.5014811844832785,0.5427157426863441,0.5415307916334826
12,nonselective_reward,19,0.5014743560635796,0.5617969821542204,0.5606174938848366
12,nonselective_reward,20,0.5014636911601215,0.5800530463000355,0.5788820900270678
12,nonselective_reward,21,0.5014496654251025,0.5975217971149505,0.596362061525236
12,nonselective_reward,22,0.5014327102244357,0.6142392014801827,0.6130930301636961
12,nonselective_reward,23,0.5014132163897168,0.6302394368128189,0.6291088606904195
12,nonselective_reward,24,0.5013915376648159,0.6455549901462292,0.6444417571401854
12,nonselective_reward,25,0.5013679938714841,0.6602167510911185,0.6591223532631738
12,nonselective_reward,26,0.5013428738164443,0.6742540990910346,0.6731797974548089
12,nonselective_reward,27,0.5013164379606445,0.6876949853563388,0.6866418325543211
12,nonselective_reward,28,0.5012889208697245,0.7005660098330814,0.6995348708532327
12,nonselective_reward,29,0.5012605334632294,0.7128924935377002,0.7118840646306628
12,nonselective_reward,30,0.5012314650787161,0.7246985465648557,0.7237133725098495
12,nonselective_reward,31,0.5012018853656188,0.7360071320538617,0.7350456219094588
12,nonselective_reward,32,0.5011719460225591,0.746840126378942,0.7459025678439632
12,nonselective_reward,33,0.5011417823906935,0.7572183758098119,0.7563049483095144
12,nonselective_reward,34,0.5011115149147063,0.7671617498717425,0.7662725364751857
12,nonselective_reward,35,0.5010812504821108,0.7766891916182008,0.7758241898841428
12,nonselective_reward,36,0.5010510836506965,0.7858187650142808,0.7849778968550933
12,nonselective_reward,37,0.5010210977731587,0.7945676996153502,0.7937508202612065
12,nonselective_reward,38,0.5009913660272395,0.8029524327125682,0.8021593388514984
12,nonselective_reward,39,0.5009619523590393,0.8109886491050818,0.8102190862683605
12,nonselective_reward,40,0.5009329123465488,0.8186913186477353,0.8179449879044279
13,reward_A,0,0.5,0.0,0.0
13,reward_A,1,0.588534045976348,0.07999999999999996,0.008418300653594613
13,reward_A,2,0.6653402708910866,0.15360000000000007,0.016163137254901816
13,reward_A,3,0.729111241837682,0.22131199999999984,0.023288386928104532
13,reward_A,4,0.7805401905825637,0.2836070399999998,0.02984361662745083
13,reward_A,5,0.8213059022284891,0.34091847679999987,0.03587442795084961
13,reward_A,6,0.8533487657022218,0.3936449986559998,0.04142277436837638
13,reward_A,7,0.8784817555887175,0.4421533987635199,0.04652725307250105
13,reward_A,8,0.8982371274122539,0.48678112686243824,0.05122337348029571
13,reward_A,9,0.913841944275485,0.5278386367134431,0.05554380425546679
13,reward_A,10,0.9262501055163074,0.5656115457763677,0.05951860056862435
13,reward_A,11,0.9361916436933296,0.6003626221142582,0.06317541317672914
13,reward_A,12,0.9442213614781596,0.6323336123451175,0.06653968077618566
13,reward_A,13,0.9507602443057173,0.6617469233575081,0.06963480696768531
13,reward_A,14,0.9561283666259959,0.6888071694889074,0.07248232306386537
13,reward_A,15,0.9605701090774155,0.7137025959297949,0.07510203787235081
13,reward_A,16,0.9642731143658009,0.7366063882554112,0.07751217549615763
13,reward_A,17,0.9673824008925925,0.7576778771949784,0.07972950211005969
13,reward_A,18,0.9700108329737087,0.7770636470193801,0.08176944259484964
13,reward_A,19,0.9722468891582633,0.7948985552578296,0.08364618784085642
13,reward_A,20,0.9741604406264253,0.8113066708372033,0.08537279346718285
13,reward_A,21,0.9758070672062732,0.826402137170227,0.08696127064340287
13,reward_A,22,0.9772312977610466,0.8402899661966089,0.08842266964552536
13,reward_A,23,0.9784690571514729,0.8530667689008802,0.08976715672747837
13,reward_A,24,0.9795495254951015,0.8648214273888097,0.09100408484287481
13,reward_A,25,0.9804965599138469,0.875635713197705,0.09214205870903935
13,reward_A,26,0.9813297887618468,0.8855848561418885,0.09318899466591124
13,reward_A,27,0.982065459224897,0.8947380676505374,0.09415217574623302
13,reward_A,28,0.982717098074093,0.9031590222384944,0.09503830234012922
13,reward_A,29,0.9832960299939745,0.9109063004594149,0.09585353880651348
13,reward_A,30,0.9838117866778772,0.9180337964226617,0.09660355635558715
13,reward_A,31,0.9842724316378945,0.9245910927088488,0.097293572500735
13,reward_A,32,0.9846848195900474,0.9306238052921408,0.0979283873542709
13,reward_A,33,0.9850548047573978,0.9361739008687696,0.09851241701952407
13,reward_A,34,0.9853874090617186,0.941279988799268,0.0990497243115569
13,reward_A,35,0.9856869586432054,0.9459775896953265,0.09954404702022712
13,reward_A,36,0.9859571952370911,0.9502993825197005,0.09999882391220372
13,reward_A,37,0.9862013674857383,0.9542754319181244,0.10041721865282227
13,reward_A,38,0.9864223061578168,0.9579333973646744,0.10080214181419134
13,reward_A,39,0.986622486396691,0.9612987255755004,0.10115627112265058
13,reward_A,40,0.9868040794647637,0.9643948275294605,0.1014820700864335
13,reward_B,0,0.5,0.0,0.0
13,reward_B,1,0.41187484176191963,0.008755948334466357,0.07999999999999985
13,reward_B,2,0.3353818579762197,0.016811420802175236,0.15359999999999985
13,reward_B,3,0.2718121747973283,0.024222455472467597,0.22131199999999984
13,reward_B,4,0.22048673640426283,0.031040607369136608,0.2836070399999998
13,reward_B,5,0.1797524072364938,0.03731330711407199,0.34091847679999987
13,reward_B,6,0.14769387570153691,0.04308419087941251,0.3936449986559998
13,reward_B,7,0.12251783984031052,0.04839340394352587,0.4421533987635198
13,reward_B,8,0.10270570465751291,0.05327787996251021,0.48678112686243824
13,reward_B,9,0.08703913311880399,0.05777159789997566,0.5278386367134431
13,reward_B,10,0.0745694186631806,0.061905818402444024,0.5656115457763677
13,reward_B,11,0.06456938426167581,0.06570930126471486,0.6003626221142582
13,reward_B,12,0.056485618885937935,0.06920850549800395,0.6323336123451175
13,reward_B,13,0.049897652766200895,0.07242777339262985,0.6617469233575081
13,reward_B,14,0.04448542762513344,0.07538949985568588,0.6888071694889075
13,reward_B,15,0.040004312224306275,0.0781142882016973,0.7137025959297949
13,reward_B,16,0.03626628610168806,0.080621093480028,0.7366063882554112
13,reward_B,17,0.03312590712475652,0.082927354336092,0.7576778771949784
13,reward_B,18,0.030469886605244443,0.08504911432367113,0.7770636470193801
13,reward_B,19,0.02820934475311028,0.08700113351224359,0.7948985552578297
13,reward_B,20,0.026274043351402016,0.0887969911657307,0.8113066708372033
13,reward_B,21,0.024608073527743333,0.09044918020693848,0.826402137170227
13,reward_B,22,0.023166615137980365,0.09196919412484972,0.8402899661966088
13,reward_B,23,0.02191348750042929,0.0933676069293281,0.8530667689008802
13,reward_B,24,0.020819286893852203,0.09465414670944805,0.8648214273888097
13,reward_B,25,0.019859961273938416,0.09583776330715854,0.875635713197705
13,reward_B,26,0.01901571256896471,0.09692669057705228,0.8855848561418885
13,reward_B,27,0.018270145842556325,0.09792850366535455,0.8947380676505374
13,reward_B,28,0.017609605619144653,0.0988501717065925,0.9031590222384944
13,reward_B,29,0.017022654972935904,0.09969810630453146,0.9109063004594149
13,reward_B,30,0.016499664177902943,0.1004782061346352,0.9180337964226617
13,reward_B,31,0.016032483946239056,0.10119589797833084,0.9245910927088488
13,reward_B,32,0.015614184363099326,0.10185617447453055,0.9306238052921408
13,reward_B,33,0.015238845141984047,0.10246362885103455,0.9361739008687696
13,reward_B,34,0.014901386198583456,0.1030224868774181,0.941279988799268
13,reward_B,35,0.014597430074709872,0.10353663626169096,0.9459775896953265
13,reward_B,36,0.01432318965773959,0.10400965369522208,0.9502993825197005
13,reward_B,37,0.014075376094529487,0.10444482973407065,0.9542754319181244
13,reward_B,38,0.013851122908807557,0.10484519168981121,0.9579333973646744
13,reward_B,39,0.013647923183319463,0.10521352468909273,0.9612987255755004
13,reward_B,40,0.013463577325850934,0.10555239104843184,0.9643948275294605
13,no_reward,0,0.5,0.0,0.0
13,no_reward,1,0.5,0.0,0.0
13,no_reward,2,0.5,0.0,0.0
13,no_reward,3,0.5,0.0,0.0
13,no_reward,4,0.5,0.0,0.0
13,no_reward,5,0.5,0.0,0.0
13,no_reward,6,0.5,0.0,0.0
13,no_reward,7,0.5,0.0,0.0
13,no_reward,8,0.5,0.0,0.0
13,no_reward,9,0.5,0.0,0.0
13,no_reward,10,0.5,0.0,0.0
13,no_reward,11,0.5,0.0,0.0
13,no_reward,12,0.5,0.0,0.0
13,no_reward,13,0.5,0.0,0.0
13,no_reward,14,0.5,0.0,0.0
13,no_reward,15,0.5,0.0,0.0
13,no_reward,16,0.5,0.0,0.0
13,no_reward,17,0.5,0.0,0.0
13,no_reward,18,0.5,0.0,0.0
13,no_reward,19,0.5,0.0,0.0
13,no_reward,20,0.5,0.0,0.0
13,no_reward,21,0.5,0.0,0.0
13,no_reward,22,0.5,0.0,0.0
13,no_reward,23,0.5,0.0,0.0
13,no_reward,24,0.5,0.0,0.0
13,no_reward,25,0.5,0.0,0.0
13,no_reward,26,0.5,0.0,0.0
13,no_reward,27,0.5,0.0,0.0
13,no_reward,28,0.5,0.0,0.0
13,no_reward,29,0.5,0.0,0.0
13,no_reward,30,0.5,0.0,0.0
13,no_reward,31,0.5,0.0,0.0
13,no_reward,32,0.5,0.0,0.0
13,no_reward,33,0.5,0.0,0.0
13,no_reward,34,0.5,0.0,0.0
13,no_reward,35,0.5,0.0,0.0
13,no_reward,36,0.5,0.0,0.0
13,no_reward,37,0.5,0.0,0.0
13,no_reward,38,0.5,0.0,0.0
13,no_reward,39,0.5,0.0,0.0
13,no_reward,40,0.5,0.0,0.0
13,frozen,0,0.5,0.0,0.0
13,frozen,1,0.5,0.0,0.0
13,frozen,2,0.5,0.0,0.0
13,frozen,3,0.5,0.0,0.0
13,frozen,4,0.5,0.0,0.0
13,frozen,5,0.5,0.0,0.0
13,frozen,6,0.5,0.0,0.0
13,frozen,7,0.5,0.0,0.0
13,frozen,8,0.5,0.0,0.0
13,frozen,9,0.5,0.0,0.0
13,frozen,10,0.5,0.0,0.0
13,frozen,11,0.5,0.0,0.0
13,frozen,12,0.5,0.0,0.0
13,frozen,13,0.5,0.0,0.0
13,frozen,14,0.5,0.0,0.0
13,frozen,15,0.5,0.0,0.0
13,frozen,16,0.5,0.0,0.0
13,frozen,17,0.5,0.0,0.0
13,frozen,18,0.5,0.0,0.0
13,frozen,19,0.5,0.0,0.0
13,frozen,20,0.5,0.0,0.0
13,frozen,21,0.5,0.0,0.0
13,frozen,22,0.5,0.0,0.0
13,frozen,23,0.5,0.0,0.0
13,frozen,24,0.5,0.0,0.0
13,frozen,25,0.5,0.0,0.0
13,frozen,26,0.5,0.0,0.0
13,frozen,27,0.5,0.0,0.0
13,frozen,28,0.5,0.0,0.0
13,frozen,29,0.5,0.0,0.0
13,frozen,30,0.5,0.0,0.0
13,frozen,31,0.5,0.0,0.0
13,frozen,32,0.5,0.0,0.0
13,frozen,33,0.5,0.0,0.0
13,frozen,34,0.5,0.0,0.0
13,frozen,35,0.5,0.0,0.0
13,frozen,36,0.5,0.0,0.0
13,frozen,37,0.5,0.0,0.0
13,frozen,38,0.5,0.0,0.0
13,frozen,39,0.5,0.0,0.0
13,frozen,40,0.5,0.0,0.0
13,nonselective_reward,0,0.5,0.0,0.0
13,nonselective_reward,1,0.5002025885974368,0.0442028552005439,0.04404078431372549
13,nonselective_reward,2,0.5003811906519442,0.08630809234534331,0.08600313976470586
13,nonselective_reward,3,0.5005380108268684,0.1264254492582897,0.12599504043068255
13,nonselective_reward,4,0.5006750679943669,0.16465824893514824,0.1641181942115052
13,nonselective_reward,5,0.5007942103114278,0.20110381492139262,0.20046844613788795
13,nonselective_reward,6,0.5008971290961018,0.23585385762620503,0.23513615357913975
13,nonselective_reward,7,0.5009853715979699,0.2689948337111743,0.2682065354122588
13,nonselective_reward,8,0.501060352749707,0.3006082805301673,0.2997599970587125
13,nonselective_reward,9,0.5011233659799421,0.3307711274472733,0.3298724331511732
13,nonselective_reward,10,0.5011755931614127,0.3595559857216515,0.3586155094595104
13,nonselective_reward,11,0.501218113762686,0.3870314185206686,0.3860569255825784
13,nonselective_reward,12,0.5012519132664083,0.4132621925050589,0.41226065979901017
13,nonselective_reward,13,0.50127789091212,0.43830951232121673,0.4372871973655893
13,nonselective_reward,14,0.501296866817146,0.4622312392354453,0.46119374345515585
13,nonselective_reward,15,0.5013095885248702,0.4850820950523902,0.48403442183677936
13,nonselective_reward,16,0.5013167370258276,0.5069138523743663,0.5058604603185433
13,nonselective_reward,17,0.5013189322934863,0.5277755121793362,0.526720363897186
13,nonselective_reward,18,0.5013167383732807,0.5477134696223516,0.5466600764885585
13,nonselective_reward,19,0.5013106680604305,0.5667716688979196,0.5657231320479311
13,nonselective_reward,20,0.5013011871992707,0.5849917479385246,0.5839507958292056
13,nonselective_reward,21,0.5012887186342362,0.6024131736670583,0.6013821964766752
13,nonselective_reward,22,0.5012736458402657,0.6190733684677981,0.6180544495917639
13,nonselective_reward,23,0.5012563162581911,0.6350078284915106,0.6340027733698752
13,nonselective_reward,24,0.5012370443586632,0.6502502343649006,0.6492605968587384
13,nonselective_reward,25,0.5012161144562945,0.6648325548327316,0.6638596613492321
13,nonselective_reward,26,0.5011937832939911,0.6787851438222032,0.6778301153723025
13,nonselective_reward,27,0.5011702824158571,0.692136831383366,0.6912006037410501
13,nonselective_reward,28,0.5011458203456031,0.7049150089262606,0.7039983510451305
13,nonselective_reward,29,0.5011205845860502,0.7171457091448583,0.716249239975076
13,nonselective_reward,30,0.5010947434540773,0.7288536809895811,0.7279778848268381
13,nonselective_reward,31,0.5010684477642291,0.7400624600240107,0.7392077005115899
13,nonselective_reward,32,0.5010418323731487,0.7507944344771804,0.7499609673724501
13,nonselective_reward,33,0.5010150175960354,0.7610709072804596,0.7602588920881802
13,nonselective_reward,34,0.5009881105054361,0.77091215435731,0.7701216649238878
13,nonselective_reward,35,0.5009612061218609,0.7803374794150297,0.779568513570259
13,nonselective_reward,36,0.5009343885049581,0.7893652654698511,0.7886177537956987
13,nonselective_reward,37,0.5009077317532891,0.798013023320336,0.7972868371198898
13,nonselective_reward,38,0.500881300920104,0.80629743716881,0.8055923957025934
13,nonselective_reward,39,0.5008551528519268,0.8142344075764921,0.813550284627897
13,nonselective_reward,40,0.500829336956219,0.8218390919249432,0.8211756217515214
14,reward_A,0,0.5,0.0,0.0
14,reward_A,1,0.5917659930350321,0.07999999999999996,0.00574585635359115
14,reward_A,2,0.6710283432436422,0.15359999999999996,0.01103204419889503
14,reward_A,3,0.7363500449860902,0.22131199999999984,0.01589533701657464
14,reward_A,4,0.7885466845348572,0.2836070399999999,0.0203695664088398
14,reward_A,5,0.8295106471111825,0.34091847679999987,0.024485857449723758
14,reward_A,6,0.8613873300077085,0.3936449986559999,0.028272845207336972
14,reward_A,7,0.8861477986119609,0.4421533987635199,0.031756873944341124
14,reward_A,8,0.9054321461595765,0.48678112686243824,0.03496218038238508
14,reward_A,9,0.9205349650652391,0.5278386367134431,0.037911062305385435
14,reward_A,10,0.9324493760568134,0.5656115457763677,0.04062403367454581
14,reward_A,11,0.9419262526143203,0.6003626221142583,0.043119967334173226
14,reward_A,12,0.9495299475361656,0.6323336123451175,0.04541622630103059
14,reward_A,13,0.9556843881644772,0.6617469233575082,0.04752878455053944
14,reward_A,14,0.9607089278355093,0.6888071694889075,0.049472338140087335
14,reward_A,15,0.9648453504307642,0.7137025959297949,0.05126040744247151
14,reward_A,16,0.9682778770025924,0.7366063882554112,0.05290543120066493
14,reward_A,17,0.9711478755498284,0.7576778771949784,0.05441885305820282
14,reward_A,18,0.9735646532534857,0.7770636470193801,0.05581120116713778
14,reward_A,19,0.9756133849845533,0.7948985552578297,0.05709216142735807
14,reward_A,20,0.9773609586309913,0.8113066708372033,0.05827064486676048
14,reward_A,21,0.9788603060259823,0.826402137170227,0.0593548496310109
14,reward_A,22,0.980153630682816,0.8402899661966088,0.060352318014121
14,reward_A,23,0.9812748288014325,0.8530667689008802,0.06126998892658253
14,reward_A,24,0.9822513173985779,0.8648214273888097,0.062114246166046994
14,reward_A,25,0.9831054242313115,0.875635713197705,0.06289096282635442
14,reward_A,26,0.9838554518346052,0.8855848561418885,0.0636055421538374
14,reward_A,27,0.9845164976472511,0.8947380676505374,0.06426295513512148
14,reward_A,28,0.9851010903870068,0.9031590222384944,0.06486777507790298
14,reward_A,29,0.9856196870900645,0.9109063004594149,0.06542420942526195
14,reward_A,30,0.9860810638072853,0.9180337964226617,0.06593612902483215
14,reward_A,31,0.9864926246179411,0.9245910927088488,0.0664070950564366
14,reward_A,32,0.9868606475095492,0.9306238052921408,0.06684038380551294
14,reward_A,33,0.987190481161894,0.9361739008687696,0.0672390094546631
14,reward_A,34,0.9874867033247998,0.941279988799268,0.06760574505188122
14,reward_A,35,0.9877532489783806,0.9459775896953265,0.06794314180132177
14,reward_A,36,0.9879935145855954,0.9502993825197005,0.0682535468108072
14,reward_A,37,0.9882104433269872,0.9542754319181244,0.06853911941953383
14,reward_A,38,0.9884065951281812,0.9579333973646744,0.0688018462195622
14,reward_A,39,0.9885842044656784,0.9612987255755004,0.06904355487558844
14,reward_A,40,0.9887452283023227,0.9643948275294605,0.06926592683913246
14,reward_B,0,0.5,0.0,0.0
14,reward_B,1,0.4084977184679082,0.005964157706093376,0.08000000000000007
14,reward_B,2,0.32943444523237464,0.0114511827956989,0.15360000000000007
14,reward_B,3,0.26423658350136736,0.016499245878136337,0.22131199999999984
14,reward_B,4,0.212099237336506,0.0211434639139787,0.2836070399999999
14,reward_B,5,0.17114818017645325,0.02541614450695351,0.34091847679999987
14,reward_B,6,0.1392551880042283,0.029347010652490346,0.3936449986559998
14,reward_B,7,0.1144622557775828,0.03296340750638427,0.4421533987635199
14,reward_B,8,0.09513806934305034,0.03629049261196682,0.48678112686243835
14,reward_B,9,0.07999344295254084,0.03935141090910266,0.5278386367134431
14,reward_B,10,0.06803833090168647,0.04216745574246761,0.5656115457763677
14,reward_B,11,0.058523443745249266,0.04475821698916338,0.6003626221142583
14,reward_B,12,0.05088511164865728,0.04714171733612349,0.6323336123451175
14,reward_B,13,0.04469957286095412,0.049334537655326804,0.6617469233575082
14,reward_B,14,0.03964736005250103,0.051351932348993934,0.6888071694889075
14,reward_B,15,0.035486437855711206,0.05320793546716751,0.7137025959297949
14,reward_B,16,0.032032278315188935,0.05491545833588729,0.7366063882554112
14,reward_B,17,0.02914319666309453,0.056486379375109474,0.7576778771949784
14,reward_B,18,0.026709582926904,0.05793162673119401,0.7770636470193801
14,reward_B,19,0.024645984656502792,0.0592612542987917,0.7948985552578297
14,reward_B,20,0.022885265707057782,0.060484511660981455,0.8113066708372033
14,reward_B,21,0.021374275549376442,0.061609908434196115,0.826402137170227
14,reward_B,22,0.020070619802904935,0.06264527346555371,0.8402899661966088
14,reward_B,23,0.018940236615130106,0.06359780929440262,0.8530667689008802
14,reward_B,24,0.017955565642226355,0.06447414225694359,0.8648214273888097
14,reward_B,25,0.017094155284883207,0.06528036858248132,0.875635713197705
14,reward_B,26,0.016337596018231933,0.06602209680197602,0.8855848561418885
14,reward_B,27,0.015670697908192695,0.06670448676391105,0.8947380676505374
14,reward_B,28,0.015080852168568026,0.06733228552889137,0.9031590222384944
14,reward_B,29,0.014557532332252158,0.06790986039267333,0.9109063004594149
14,reward_B,30,0.014091902019881442,0.06844122926735252,0.9180337964226617
14,reward_B,31,0.013676504616194384,0.06893008863205763,0.9245910927088488
14,reward_B,32,0.013305016276095155,0.06937983924758617,0.9306238052921408
14,reward_B,33,0.012972048194673045,0.0697936098138725,0.9361739008687696
14,reward_B,34,0.012672987426704904,0.07017427873485582,0.941279988799268
14,reward_B,35,0.01240386804506792,0.07052449414216067,0.9459775896953265
14,reward_B,36,0.01216126630939172,0.07084669231688112,0.9502993825197005
14,reward_B,37,0.011942214938995718,0.07114311463762368,0.9542754319181244
14,reward_B,38,0.011744132665930562,0.071415823172707,0.9579333973646744
14,reward_B,39,0.011564766071123526,0.07166671502498356,0.9612987255755004
14,reward_B,40,0.011402141342619677,0.07189753552907807,0.9643948275294605
14,no_reward,0,0.5,0.0,0.0
14,no_reward,1,0.5,0.0,0.0
14,no_reward,2,0.5,0.0,0.0
14,no_reward,3,0.5,0.0,0.0
14,no_reward,4,0.5,0.0,0.0
14,no_reward,5,0.5,0.0,0.0
14,no_reward,6,0.5,0.0,0.0
14,no_reward,7,0.5,0.0,0.0
14,no_reward,8,0.5,0.0,0.0
14,no_reward,9,0.5,0.0,0.0
14,no_reward,10,0.5,0.0,0.0
14,no_reward,11,0.5,0.0,0.0
14,no_reward,12,0.5,0.0,0.0
14,no_reward,13,0.5,0.0,0.0
14,no_reward,14,0.5,0.0,0.0
14,no_reward,15,0.5,0.0,0.0
14,no_reward,16,0.5,0.0,0.0
14,no_reward,17,0.5,0.0,0.0
14,no_reward,18,0.5,0.0,0.0
14,no_reward,19,0.5,0.0,0.0
14,no_reward,20,0.5,0.0,0.0
14,no_reward,21,0.5,0.0,0.0
14,no_reward,22,0.5,0.0,0.0
14,no_reward,23,0.5,0.0,0.0
14,no_reward,24,0.5,0.0,0.0
14,no_reward,25,0.5,0.0,0.0
14,no_reward,26,0.5,0.0,0.0
14,no_reward,27,0.5,0.0,0.0
14,no_reward,28,0.5,0.0,0.0
14,no_reward,29,0.5,0.0,0.0
14,no_reward,30,0.5,0.0,0.0
14,no_reward,31,0.5,0.0,0.0
14,no_reward,32,0.5,0.0,0.0
14,no_reward,33,0.5,0.0,0.0
14,no_reward,34,0.5,0.0,0.0
14,no_reward,35,0.5,0.0,0.0
14,no_reward,36,0.5,0.0,0.0
14,no_reward,37,0.5,0.0,0.0
14,no_reward,38,0.5,0.0,0.0
14,no_reward,39,0.5,0.0,0.0
14,no_reward,40,0.5,0.0,0.0
14,frozen,0,0.5,0.0,0.0
14,frozen,1,0.5,0.0,0.0
14,frozen,2,0.5,0.0,0.0
14,frozen,3,0.5,0.0,0.0
14,frozen,4,0.5,0.0,0.0
14,frozen,5,0.5,0.0,0.0
14,frozen,6,0.5,0.0,0.0
14,frozen,7,0.5,0.0,0.0
14,frozen,8,0.5,0.0,0.0
14,frozen,9,0.5,0.0,0.0
14,frozen,10,0.5,0.0,0.0
14,frozen,11,0.5,0.0,0.0
14,frozen,12,0.5,0.0,0.0
14,frozen,13,0.5,0.0,0.0
14,frozen,14,0.5,0.0,0.0
14,frozen,15,0.5,0.0,0.0
14,frozen,16,0.5,0.0,0.0
14,frozen,17,0.5,0.0,0.0
14,frozen,18,0.5,0.0,0.0
14,frozen,19,0.5,0.0,0.0
14,frozen,20,0.5,0.0,0.0
14,frozen,21,0.5,0.0,0.0
14,frozen,22,0.5,0.0,0.0
14,frozen,23,0.5,0.0,0.0
14,frozen,24,0.5,0.0,0.0
14,frozen,25,0.5,0.0,0.0
14,frozen,26,0.5,0.0,0.0
14,frozen,27,0.5,0.0,0.0
14,frozen,28,0.5,0.0,0.0
14,frozen,29,0.5,0.0,0.0
14,frozen,30,0.5,0.0,0.0
14,frozen,31,0.5,0.0,0.0
14,frozen,32,0.5,0.0,0.0
14,frozen,33,0.5,0.0,0.0
14,frozen,34,0.5,0.0,0.0
14,frozen,35,0.5,0.0,0.0
14,frozen,36,0.5,0.0,0.0
14,frozen,37,0.5,0.0,0.0
14,frozen,38,0.5,0.0,0.0
14,frozen,39,0.5,0.0,0.0
14,frozen,40,0.5,0.0,0.0
14,nonselective_reward,0,0.5,0.0,0.0
14,nonselective_reward,1,0.500130980808505,0.042862795698924816,0.042758011049723876
14,nonselective_reward,2,0.5002464534749614,0.08378663638709671,0.0835894735911602
14,nonselective_reward,3,0.500347843400682,0.12286667661047757,0.12258840184503883
14,nonselective_reward,4,0.5004364558581736,0.16019288517969987,0.15984372040447603
14,nonselective_reward,5,0.5005134857422127,0.1958503607564761,0.19543957201829032
14,nonselective_reward,6,0.5005800265438123,0.22991962633703833,0.22945560489384031
14,nonselective_reward,7,0.5006370786083066,0.2624769041415297,0.26196724097907553
14,nonselective_reward,8,0.5006855567340254,0.29359437230577634,0.29304592657487194
14,nonselective_reward,9,0.5007262971636285,0.3233404046679884,0.3227593665284161
14,nonselective_reward,10,0.5007600640161026,0.35177979484696353,0.3511717431657214
14,nonselective_reward,11,0.5007875552036635,0.3789739657197093,0.3783439210357369
14,nonselective_reward,12,0.5008094078743478,0.4049811653244818,0.40433363845937453
14,nonselective_reward,13,0.5008262034178633,0.4298566501395522,0.4291956868036857
14,nonselective_reward,14,0.50083847206933,0.45365285661806076,0.45298207833382176
14,nonselective_reward,15,0.5008466971428023,0.47641956179467637,0.47574220343297335
14,nonselective_reward,16,0.5008513189239675,0.4982040337200263,0.49752297792273037
14,nonselective_reward,17,0.5008527382490915,0.5190511724236269,0.5183689811629346
14,nonselective_reward,18,0.5008513197951477,0.5390036420549749,0.5383225855607328
14,nonselective_reward,19,0.500847395104103,0.5581019948052509,0.5574240780729047
14,nonselective_reward,20,0.5008412653625156,0.5763847871684098,0.5757117742433172
14,nonselective_reward,21,0.5008332039559349,0.5938886890600615,0.5932221252783161
14,nonselective_reward,22,0.5008234588160463,0.6106485862751816,0.6099898186267441
14,nonselective_reward,23,0.5008122545770944,0.626697676731139,0.6260478724978453
14,nonselective_reward,24,0.5007997945568048,0.6420675609105522,0.6414277247193948
14,nonselective_reward,25,0.5007862625758177,0.6567883268888939,0.6561593163097595
14,nonselective_reward,26,0.50077182462855,0.6708886303043844,0.6702711701111052
14,nonselective_reward,27,0.5007566304173652,0.6843957696023573,0.6837904648064239
14,nonselective_reward,28,0.5007408147609977,0.6973357568628156,0.6967431046203486
14,nonselective_reward,29,0.500724498887312,0.7097333844981628,0.7091537849826717
14,nonselective_reward,30,0.5007077916196697,0.721612288087963,0.7210460544140063
14,nonselective_reward,31,0.5006907904654548,0.7329950055989447,0.7324423728749652
14,nonselective_reward,32,0.5006735826146126,0.7439030332211822,0.743364166803504
14,nonselective_reward,33,0.500656245855451,0.7543568780353885,0.7538318810495683
14,nonselective_reward,34,0.5006388494143669,0.7643761077114113,0.7638650279018027
14,nonselective_reward,35,0.5006214547256281,0.7739793974242739,0.773482233387761
14,nonselective_reward,36,0.5006041161368677,0.7831845741613506,0.7827012810166818
14,nonselective_reward,37,0.5005868815554809,0.7920086585824349,0.7915391531224344
14,nonselective_reward,38,0.5005697930407137,0.8004679045834928,0.8000120699535976
14,nonselective_reward,39,0.5005528873458444,0.808577836704711,0.808135526647759
14,nonselective_reward,40,0.5005361964145103,0.816353285514003,0.8159243282179574
15,reward_A,0,0.5,0.0,0.0
15,reward_A,1,0.5925562677896951,0.08000000000000007,0.00509140148950582
15,reward_A,2,0.6724137663925429,0.15360000000000007,0.009775490859851077
15,reward_A,3,0.7381037055763374,0.22131199999999995,0.014084853080568727
15,reward_A,4,0.7904744868575824,0.2836070399999999,0.018049466323629026
15,reward_A,5,0.831473697704032,0.34091847679999987,0.021696910507244427
15,reward_A,6,0.8632986647927187,0.3936449986559999,0.02505255915617055
15,reward_A,7,0.8879597480698223,0.4421533987635199,0.02813975591318274
15,reward_A,8,0.9071233145890716,0.48678112686243824,0.030979976929633946
15,reward_A,9,0.9221000400514878,0.5278386367134432,0.03359298026476898
15,reward_A,10,0.9338921222803405,0.5656115457763677,0.03599694333309311
15,reward_A,11,0.9432550562490076,0.6003626221142582,0.038208589355951394
15,reward_A,12,0.950755139385636,0.6323336123451176,0.04024330369698115
15,reward_A,13,0.9568167174245646,0.6617469233575082,0.04211524089072827
15,reward_A,14,0.9617587451541525,0.6888071694889075,0.04383742310897587
15,reward_A,15,0.9658222124476015,0.7137025959297949,0.04542183074976347
15,reward_A,16,0.9691903927824543,0.7366063882554112,0.046879485779288244
15,reward_A,17,0.9720036861622057,0.7576778771949784,0.04822052840645086
15,reward_A,18,0.9743704802047015,0.7770636470193801,0.04945428762344062
15,reward_A,19,0.9763751103798177,0.7948985552578297,0.05058934610307109
15,reward_A,20,0.978083716241631,0.8113066708372033,0.05163359990433125
15,reward_A,21,0.9795485720605945,0.826402137170227,0.052594313401490456
15,reward_A,22,0.9808113086512962,0.8402899661966088,0.053478169818876875
15,reward_A,23,0.9819053260422643,0.8530667689008802,0.054291317722872545
15,reward_A,24,0.982857612597438,0.8648214273888097,0.055039413794548575
15,reward_A,25,0.9836901261846973,0.875635713197705,0.0557276621804903
15,reward_A,26,0.9844208501587992,0.8855848561418885,0.05636085069555696
15,reward_A,27,0.9850646063095632,0.8947380676505374,0.05694338412941813
15,reward_A,28,0.9856336849658346,0.9031590222384944,0.05747931488857039
15,reward_A,29,0.9861383366243315,0.9109063004594149,0.05797237118699061
15,reward_A,30,0.9865871580151453,0.9180337964226617,0.05842598298153712
15,reward_A,31,0.9869873971721295,0.9245910927088488,0.05884330583251984
15,reward_A,32,0.9873451959646279,0.9306238052921408,0.05922724285542402
15,reward_A,33,0.9876657840429783,0.9361739008687696,0.059580464916495934
15,reward_A,34,0.9879536348107827,0.941279988799268,0.05990542921268183
15,reward_A,35,0.9882125915458442,0.9459775896953265,0.060204396365173274
15,reward_A,36,0.988445969922192,0.9502993825197005,0.06047944614546519
15,reward_A,37,0.9886566417742678,0.9542754319181244,0.06073249194333363
15,reward_A,38,0.98884710387263,0.9579333973646744,0.06096529407737272
15,reward_A,39,0.9890195346620709,0.9612987255755004,0.06117947204068863
15,reward_A,40,0.9891758412844718,0.9643948275294605,0.061376515766939366
15,reward_B,0,0.5,0.0,0.0
15,reward_B,1,0.4074229963081333,0.005074224021592522,0.07999999999999996
15,reward_B,2,0.32754991072799516,0.009742510121457548,0.15359999999999985
15,reward_B,3,0.2618503676122152,0.014037333333333346,0.22131199999999984
15,reward_B,4,0.20947508853464658,0.017988570688259098,0.2836070399999997
15,reward_B,5,0.1684750216816599,0.02162370905479083,0.34091847679999987
15,reward_B,6,0.13665146845938644,0.024968036351999956,0.3936449986559998
15,reward_B,7,0.1119930348088629,0.028044817465432414,0.4421533987635198
15,reward_B,8,0.09283266505703502,0.030875456089790254,0.48678112686243824
15,reward_B,9,0.07785926394763629,0.03347964362419953,0.5278386367134431
15,reward_B,10,0.06607039829352745,0.035875496155855946,0.5656115457763676
15,reward_B,11,0.05671045439805001,0.038079680484979894,0.6003626221142582
15,reward_B,12,0.04921308586500789,0.04010753006777401,0.6323336123451175
15,reward_B,13,0.043153937545421656,0.041973151683944554,0.6617469233575081
15,reward_B,14,0.038214066248183,0.043689523570821454,0.6888071694889075
15,reward_B,15,0.03415250373932406,0.04526858570674808,0.7137025959297949
15,reward_B,16,0.03078600195843542,0.04672132287180086,0.7366063882554112
15,reward_B,17,0.02797418667158065,0.04805784106364919,0.7576778771949784
15,reward_B,18,0.025608694628802255,0.04928743780014988,0.7770636470193801
15,reward_B,19,0.023605212532912305,0.050418666797730105,0.7948985552578296
15,reward_B,20,0.021897620549509493,0.05145939747550432,0.8113066708372032
15,reward_B,21,0.02043366170282099,0.052416869699056345,0.826402137170227
15,reward_B,22,0.01917172021724606,0.0532977441447241,0.8402899661966088
15,reward_B,23,0.018078409076319586,0.054108148634738784,0.8530667689008802
15,reward_B,24,0.01712675114458215,0.05485372076555217,0.8648214273888097
15,reward_B,25,0.016294798233566863,0.055539647125900315,0.875635713197705
15,reward_B,26,0.01556457533348344,0.05617069937742081,0.8855848561418885
15,reward_B,27,0.014921267855571676,0.05675126744881953,0.8947380676505374
15,reward_B,28,0.014352591694145827,0.057285390074506504,0.9031590222384944
15,reward_B,29,0.013848301740659465,0.057776782890138434,0.9109063004594149
15,reward_B,30,0.013399805940293288,0.058228864280519765,0.9180337964226617
15,reward_B,31,0.012999860325374967,0.05864477915967059,0.9245910927088488
15,reward_B,32,0.012642326571674266,0.05902742084848933,0.9306238052921408
15,reward_B,33,0.012321978127439374,0.05937945120220267,0.9361739008687696
15,reward_B,34,0.01203434430423276,0.05970331912761895,0.941279988799268
15,reward_B,35,0.01177558420944472,0.06000127761900187,0.9459775896953265
15,reward_B,36,0.011542384269589118,0.060275399431074184,0.9502993825197005
15,reward_B,37,0.011331874504600766,0.060527591498180766,0.9542754319181244
15,reward_B,38,0.011141559784865774,0.06075960819991866,0.9579333973646744
15,reward_B,39,0.01096926312101058,0.06097306356551757,0.9612987255755004
15,reward_B,40,0.010813078664881544,0.061169442501868954,0.9643948275294605
15,no_reward,0,0.5,0.0,0.0
15,no_reward,1,0.5,0.0,0.0
15,no_reward,2,0.5,0.0,0.0
15,no_reward,3,0.5,0.0,0.0
15,no_reward,4,0.5,0.0,0.0
15,no_reward,5,0.5,0.0,0.0
15,no_reward,6,0.5,0.0,0.0
15,no_reward,7,0.5,0.0,0.0
15,no_reward,8,0.5,0.0,0.0
15,no_reward,9,0.5,0.0,0.0
15,no_reward,10,0.5,0.0,0.0
15,no_reward,11,0.5,0.0,0.0
15,no_reward,12,0.5,0.0,0.0
15,no_reward,13,0.5,0.0,0.0
15,no_reward,14,0.5,0.0,0.0
15,no_reward,15,0.5,0.0,0.0
15,no_reward,16,0.5,0.0,0.0
15,no_reward,17,0.5,0.0,0.0
15,no_reward,18,0.5,0.0,0.0
15,no_reward,19,0.5,0.0,0.0
15,no_reward,20,0.5,0.0,0.0
15,no_reward,21,0.5,0.0,0.0
15,no_reward,22,0.5,0.0,0.0
15,no_reward,23,0.5,0.0,0.0
15,no_reward,24,0.5,0.0,0.0
15,no_reward,25,0.5,0.0,0.0
15,no_reward,26,0.5,0.0,0.0
15,no_reward,27,0.5,0.0,0.0
15,no_reward,28,0.5,0.0,0.0
15,no_reward,29,0.5,0.0,0.0
15,no_reward,30,0.5,0.0,0.0
15,no_reward,31,0.5,0.0,0.0
15,no_reward,32,0.5,0.0,0.0
15,no_reward,33,0.5,0.0,0.0
15,no_reward,34,0.5,0.0,0.0
15,no_reward,35,0.5,0.0,0.0
15,no_reward,36,0.5,0.0,0.0
15,no_reward,37,0.5,0.0,0.0
15,no_reward,38,0.5,0.0,0.0
15,no_reward,39,0.5,0.0,0.0
15,no_reward,40,0.5,0.0,0.0
15,frozen,0,0.5,0.0,0.0
15,frozen,1,0.5,0.0,0.0
15,frozen,2,0.5,0.0,0.0
15,frozen,3,0.5,0.0,0.0
15,frozen,4,0.5,0.0,0.0
15,frozen,5,0.5,0.0,0.0
15,frozen,6,0.5,0.0,0.0
15,frozen,7,0.5,0.0,0.0
15,frozen,8,0.5,0.0,0.0
15,frozen,9,0.5,0.0,0.0
15,frozen,10,0.5,0.0,0.0
15,frozen,11,0.5,0.0,0.0
15,frozen,12,0.5,0.0,0.0
15,frozen,13,0.5,0.0,0.0
15,frozen,14,0.5,0.0,0.0
15,frozen,15,0.5,0.0,0.0
15,frozen,16,0.5,0.0,0.0
15,frozen,17,0.5,0.0,0.0
15,frozen,18,0.5,0.0,0.0
15,frozen,19,0.5,0.0,0.0
15,frozen,20,0.5,0.0,0.0
15,frozen,21,0.5,0.0,0.0
15,frozen,22,0.5,0.0,0.0
15,frozen,23,0.5,0.0,0.0
15,frozen,24,0.5,0.0,0.0
15,frozen,25,0.5,0.0,0.0
15,frozen,26,0.5,0.0,0.0
15,frozen,27,0.5,0.0,0.0
15,frozen,28,0.5,0.0,0.0
15,frozen,29,0.5,0.0,0.0
15,frozen,30,0.5,0.0,0.0
15,frozen,31,0.5,0.0,0.0
15,frozen,32,0.5,0.0,0.0
15,frozen,33,0.5,0.0,0.0
15,frozen,34,0.5,0.0,0.0
15,frozen,35,0.5,0.0,0.0
15,frozen,36,0.5,0.0,0.0
15,frozen,37,0.5,0.0,0.0
15,frozen,38,0.5,0.0,0.0
15,frozen,39,0.5,0.0,0.0
15,frozen,40,0.5,0.0,0.0
15,nonselective_reward,0,0.5,0.0,0.0
15,nonselective_reward,1,0.49998969351925354,0.04243562753036445,0.04244387271496275
15,nonselective_reward,2,0.49998060732583444,0.0829828767611337,0.0829983909004739
15,nonselective_reward,3,0.4999726292588499,0.12173225355504458,0.12175415014798652
15,nonselective_reward,4,0.49996565661043396,0.1587694698350337,0.15879694454672977
15,nonselective_reward,5,0.4999595953582452,0.1941757273603234,0.19420805107379757
15,nonselective_reward,6,0.49995435945919375,0.22802798293721593,0.22806449536996232
15,nonselective_reward,7,0.49994987019955456,0.26039919637280273,0.2604393002132934
15,nonselective_reward,8,0.4999460555969981,0.29135856238312485,0.2914017179056938
15,nonselective_reward,9,0.49994284985044146,0.32097172757799963,0.32101744769784557
15,nonselective_reward,10,0.4999401928339274,0.3493009935621677,0.34934883929525407
15,nonselective_reward,11,0.49993802963103867,0.37640550711612597,0.3764550834115489
15,nonselective_reward,12,0.49993631010664413,0.4023414383494843,0.4023923902644445
15,nonselective_reward,13,0.49993498851301443,0.4271621476544971,0.4272141568443787
15,nonselective_reward,14,0.49993402312757396,0.4509183422271321,0.4509711237253793
15,nonselective_reward,15,0.4999333759197909,0.47365822286732295,0.4737115221318057
15,nonselective_reward,16,0.49993301224487874,0.49542762171849064,0.4954812119229083
15,nonselective_reward,17,0.4999329005621894,0.5162701315587682,0.5163238111093389
15,nonselective_reward,18,0.4999330121763282,0.5362272272122478,0.5362808174715059
15,nonselective_reward,19,0.49993332099918725,0.5553383796077871,0.5553917228087535
15,nonselective_reward,20,0.4999338033312324,0.5736411629751569,0.5736941203104804
15,nonselective_reward,21,0.4999344376605078,0.5911713556333802,0.5912238055052745
15,nonselective_reward,22,0.4999352044779482,0.6079630347937797,0.6080148712117113
15,nonselective_reward,23,0.49993608610769824,0.6240486657703216,0.6240997968844415
15,nonselective_reward,24,0.49993706655124126,0.6394591859621276,0.6395095327214004
15,nonselective_reward,25,0.49993813134423337,0.6542240839473681,0.6542735788722339
15,nonselective_reward,26,0.49993926742502937,0.6683714740039789,0.6684200600641943
15,nonselective_reward,27,0.49994046301396233,0.681928166350628,0.6819757959396833
15,nonselective_reward,28,0.49994170750251926,0.6949197333809574,0.6949663673791532
15,nonselective_reward,29,0.4999429913516188,0.7073705721452203,0.7074161790641229
15,nonselective_reward,30,0.49994430599825573,0.7193039633159116,0.7193485185174913
15,nonselective_reward,31,0.4999456437698518,0.7307421268577458,0.7307856118420356
15,nonselective_reward,32,0.4999469978056797,0.741706274607268,0.7417486763628831
15,nonselective_reward,33,0.49994836198480286,0.752216659953421,0.7522579703657256
15,nonselective_reward,34,0.49994973085999894,0.7622926247974211,0.7623328401095575
15,nonselective_reward,35,0.49995109959718664,0.7719526439582776,0.771991764280653
15,nonselective_reward,36,0.49995246391991455,0.781214367179124,0.7812523960433069
15,nonselective_reward,37,0.49995382005849415,0.7900946588791691,0.7901316028324787
15,nonselective_reward,38,0.49995516470341306,0.7986096357864549,0.7986455040238206
15,nonselective_reward,39,0.49995649496266986,0.8067747025776731,0.8068095066076251
15,nonselective_reward,40,0.49995780832272085,0.8146045856429849,0.8146383389848884
16,reward_A,0,0.5,0.0,0.0
16,reward_A,1,0.5935736624830034,0.07999999999999996,0.004248275862069106
16,reward_A,2,0.6741941670717231,0.15359999999999996,0.008156689655172578
16,reward_A,3,0.7403518014415161,0.22131199999999984,0.011752430344827647
16,reward_A,4,0.7929389641003324,0.2836070399999999,0.015060511779310337
16,reward_A,5,0.8339760528582071,0.34091847679999987,0.01810394669903448
16,reward_A,6,0.8657282651525882,0.3936449986559999,0.02090390682518073
16,reward_A,7,0.8902568755918302,0.4421533987635199,0.023479870141235315
16,reward_A,8,0.9092619838190623,0.48678112686243824,0.025849756392005485
16,reward_A,9,0.9240746982119934,0.5278386367134431,0.028030051742714
16,reward_A,10,0.935708592936118,0.5656115457763677,0.030035923465365766
16,reward_A,11,0.9449248343375634,0.6003626221142583,0.03188132545020561
16,reward_A,12,0.952291998801054,0.6323336123451175,0.03357909527625802
16,reward_A,13,0.9582348005689173,0.6617469233575082,0.03514104351622649
16,reward_A,14,0.963071557701282,0.6888071694889075,0.036578035896997374
16,reward_A,15,0.9670421507847575,0.7137025959297949,0.03790006888730657
16,reward_A,16,0.9703285737128557,0.7366063882554112,0.03911633923839086
16,reward_A,17,0.9730699405399164,0.7576778771949784,0.04023530796138863
16,reward_A,18,0.9753734294652366,0.7770636470193801,0.041264759186546485
16,reward_A,19,0.9773222796639593,0.7948985552578297,0.04221185431369168
16,reward_A,20,0.9789816584773785,0.8113066708372033,0.043083181830665396
16,reward_A,21,0.9804029894672972,0.826402137170227,0.04388480314628118
16,reward_A,22,0.9816271650903315,0.8402899661966089,0.044622294756647696
16,reward_A,23,0.9826869475529548,0.8530667689008802,0.04530078703818474
16,reward_A,24,0.9836087755853239,0.8648214273888097,0.04592499993719901
16,reward_A,25,0.9844141338234614,0.875635713197705,0.04649927580429192
16,reward_A,26,0.985120598072254,0.8855848561418885,0.04702760960201757
16,reward_A,27,0.9857426387779462,0.8947380676505374,0.0475136766959251
16,reward_A,28,0.9862922429037293,0.9031590222384944,0.04796085842232023
16,reward_A,29,0.9867793984936893,0.9109063004594149,0.04837226561060348
16,reward_A,30,0.9872124747157397,0.9180337964226617,0.048750760223824186
16,reward_A,31,0.9875985218205482,0.9245910927088488,0.04909897526798712
16,reward_A,32,0.9879435093458274,0.9306238052921408,0.049419333108617236
16,reward_A,33,0.9882525164022431,0.9361739008687696,0.04971406232199671
16,reward_A,34,0.9885298845512378,0.941279988799268,0.04998521319830607
16,reward_A,35,0.9887793413078034,0.9459775896953265,0.05023467200451048
16,reward_A,36,0.9890041004447572,0.9502993825197005,0.05046417410621873
16,reward_A,37,0.9892069438754358,0.9542754319181244,0.05067531603979014
16,reward_A,38,0.9893902888302044,0.9579333973646744,0.05086956661867592
16,reward_A,39,0.9895562432324739,0.9612987255755004,0.05104827715125093
16,reward_A,40,0.9897066515587881,0.9643948275294605,0.05121269084121971
16,reward_B,0,0.5,0.0,0.0
16,reward_B,1,0.4061743447302164,0.004039344262295019,0.08000000000000018
16,reward_B,2,0.32536541260427765,0.007755540983606757,0.15360000000000007
16,reward_B,3,0.2590930481014384,0.011174441967213178,0.22131200000000006
16,reward_B,4,0.20645364553038545,0.01431983087213129,0.2836070399999999
16,reward_B,5,0.1654084683968122,0.01721358866465572,0.34091847679999987
16,reward_B,6,0.13367533374129445,0.01987584583377844,0.3936449986559999
16,reward_B,7,0.10918030236487142,0.022325122429371125,0.4421533987635198
16,reward_B,8,0.09021493825192663,0.024578456897316636,0.48678112686243824
16,reward_B,9,0.07544312130540717,0.02665152460782627,0.5278386367134432
16,reward_B,10,0.06384851424590521,0.02855874690149529,0.5656115457763679
16,reward_B,11,0.05466859462272782,0.030313391411670776,0.6003626221142582
16,reward_B,12,0.047334260495413755,0.031927664361032115,0.6323336123451175
16,reward_B,13,0.04142073562387596,0.033412795474444756,0.6617469233575082
16,reward_B,14,0.03660988079404018,0.034779116098784146,0.6888071694889075
16,reward_B,15,0.03266210496210986,0.0360361310731766,0.7137025959297949
16,reward_B,16,0.029395741229242375,0.037192584849617405,0.7366063882554112
16,reward_B,17,0.026672000694797592,0.038256522323943165,0.7576778771949784
16,reward_B,18,0.024384008939394096,0.03923534480032276,0.7770636470193801
16,reward_B,19,0.022448800866040737,0.04013586147859205,0.7948985552578297
16,reward_B,20,0.02080145132533952,0.04096433682259981,0.8113066708372033
16,reward_B,21,0.019390748075304526,0.041726534139087,0.826402137170227
16,reward_B,22,0.01817598163777709,0.04242775567025503,0.8402899661966089
16,reward_B,23,0.017124547552923947,0.04307287947892968,0.8530667689008802
16,reward_B,24,0.016210142790014027,0.04366639338291034,0.8648214273888097
16,reward_B,25,0.015411399370780655,0.04421242617457277,0.875635713197705
16,reward_B,26,0.014710841819830482,0.044714776342901885,0.8855848561418885
16,reward_B,27,0.014094086077891966,0.04517693849776472,0.8947380676505374
16,reward_B,28,0.01354921968952162,0.045602127680238747,0.9031590222384944
16,reward_B,29,0.013066319004970694,0.04599330172811478,0.9109063004594149
16,reward_B,30,0.012637070638524374,0.04635318185216075,0.9180337964226617
16,reward_B,31,0.012254472780853608,0.04668427156628285,0.9245910927088488
16,reward_B,32,0.011912598068911085,0.046988874103275347,0.9306238052921408
16,reward_B,33,0.01160640420688165,0.04726910843730836,0.9361739008687696
16,reward_B,34,0.011331581854009955,0.04752692402461878,0.941279988799268
16,reward_B,35,0.011084431768756066,0.04776411436494443,0.9459775896953265
16,reward_B,36,0.010861765051828294,0.04798232947804404,0.9502993825197005
16,reward_B,37,0.010660821727297702,0.048183087382095535,0.9542754319181244
16,reward_B,38,0.010479203959899992,0.048367784653823076,0.9579333973646744
16,reward_B,39,0.010314821014121185,0.048537706143812254,0.9612987255755004
16,reward_B,40,0.010165843679922862,0.048694033914602364,0.9643948275294605
16,no_reward,0,0.5,0.0,0.0
16,no_reward,1,0.5,0.0,0.0
16,no_reward,2,0.5,0.0,0.0
16,no_reward,3,0.5,0.0,0.0
16,no_reward,4,0.5,0.0,0.0
16,no_reward,5,0.5,0.0,0.0
16,no_reward,6,0.5,0.0,0.0
16,no_reward,7,0.5,0.0,0.0
16,no_reward,8,0.5,0.0,0.0
16,no_reward,9,0.5,0.0,0.0
16,no_reward,10,0.5,0.0,0.0
16,no_reward,11,0.5,0.0,0.0
16,no_reward,12,0.5,0.0,0.0
16,no_reward,13,0.5,0.0,0.0
16,no_reward,14,0.5,0.0,0.0
16,no_reward,15,0.5,0.0,0.0
16,no_reward,16,0.5,0.0,0.0
16,no_reward,17,0.5,0.0,0.0
16,no_reward,18,0.5,0.0,0.0
16,no_reward,19,0.5,0.0,0.0
16,no_reward,20,0.5,0.0,0.0
16,no_reward,21,0.5,0.0,0.0
16,no_reward,22,0.5,0.0,0.0
16,no_reward,23,0.5,0.0,0.0
16,no_reward,24,0.5,0.0,0.0
16,no_reward,25,0.5,0.0,0.0
16,no_reward,26,0.5,0.0,0.0
16,no_reward,27,0.5,0.0,0.0
16,no_reward,28,0.5,0.0,0.0
16,no_reward,29,0.5,0.0,0.0
16,no_reward,30,0.5,0.0,0.0
16,no_reward,31,0.5,0.0,0.0
16,no_reward,32,0.5,0.0,0.0
16,no_reward,33,0.5,0.0,0.0
16,no_reward,34,0.5,0.0,0.0
16,no_reward,35,0.5,0.0,0.0
16,no_reward,36,0.5,0.0,0.0
16,no_reward,37,0.5,0.0,0.0
16,no_reward,38,0.5,0.0,0.0
16,no_reward,39,0.5,0.0,0.0
16,no_reward,40,0.5,0.0,0.0
16,frozen,0,0.5,0.0,0.0
16,frozen,1,0.5,0.0,0.0
16,frozen,2,0.5,0.0,0.0
16,frozen,3,0.5,0.0,0.0
16,frozen,4,0.5,0.0,0.0
16,frozen,5,0.5,0.0,0.0
16,frozen,6,0.5,0.0,0.0
16,frozen,7,0.5,0.0,0.0
16,frozen,8,0.5,0.0,0.0
16,frozen,9,0.5,0.0,0.0
16,frozen,10,0.5,0.0,0.0
16,frozen,11,0.5,0.0,0.0
16,frozen,12,0.5,0.0,0.0
16,frozen,13,0.5,0.0,0.0
16,frozen,14,0.5,0.0,0.0
16,frozen,15,0.5,0.0,0.0
16,frozen,16,0.5,0.0,0.0
16,frozen,17,0.5,0.0,0.0
16,frozen,18,0.5,0.0,0.0
16,frozen,19,0.5,0.0,0.0
16,frozen,20,0.5,0.0,0.0
16,frozen,21,0.5,0.0,0.0
16,frozen,22,0.5,0.0,0.0
16,frozen,23,0.5,0.0,0.0
16,frozen,24,0.5,0.0,0.0
16,frozen,25,0.5,0.0,0.0
16,frozen,26,0.5,0.0,0.0
16,frozen,27,0.5,0.0,0.0
16,frozen,28,0.5,0.0,0.0
16,frozen,29,0.5,0.0,0.0
16,frozen,30,0.5,0.0,0.0
16,frozen,31,0.5,0.0,0.0
16,frozen,32,0.5,0.0,0.0
16,frozen,33,0.5,0.0,0.0
16,frozen,34,0.5,0.0,0.0
16,frozen,35,0.5,0.0,0.0
16,frozen,36,0.5,0.0,0.0
16,frozen,37,0.5,0.0,0.0
16,frozen,38,0.5,0.0,0.0
16,frozen,39,0.5,0.0,0.0
16,frozen,40,0.5,0.0,0.0
16,nonselective_reward,0,0.5,0.0,0.0
16,nonselective_reward,1,0.49987464104276247,0.041938885245901725,0.04203917241379307
16,nonselective_reward,2,0.499764124598617,0.08204820647868849,0.08223690681379325
16,nonselective_reward,3,0.499667086445745,0.12041306373338256,0.12067939461614374
16,nonselective_reward,4,0.4995822773355304,0.15711421871360343,0.15744839692292778
16,nonselective_reward,5,0.4995085536597907,0.19222834157629798,0.1926214987750723
16,nonselective_reward,6,0.49944486886183953,0.225828242102164,0.22627234719517264
16,nonselective_reward,7,0.49939026553275856,0.2579830863265842,0.2584708741421745
16,nonselective_reward,8,0.49934386813881965,0.28875859962760053,0.2892835054178472
16,nonselective_reward,9,0.49930487633020004,0.31821725719505645,0.3187733564891706
16,nonselective_reward,10,0.49927255878504817,0.3464184627380935,0.3470004161206588
16,nonselective_reward,11,0.499246247546539,0.3734187162262712,0.3740217186458289
16,nonselective_reward,12,0.49922533281389475,0.39927177140230197,0.3998915056470642
16,nonselective_reward,13,0.49920925815139644,0.4240287837514052,0.4246613777576801
16,nonselective_reward,14,0.499197516082255,0.4477384495632568,0.4483804372486898
16,nonselective_reward,15,0.4991896440368051,0.470447136677141,0.47109542201531585
16,nonselective_reward,16,0.49918522062689263,0.49219900745891065,0.4928508315343616
16,nonselective_reward,17,0.49918386222055366,0.5130361345194995,0.5136890453229122
16,nonselective_reward,18,0.4991852197931044,0.5329986096487235,0.5336504343912067
16,nonselective_reward,19,0.49918897603266915,0.5521246464047941,0.5527734661476826
16,nonselective_reward,20,0.49919484267988956,0.5704506767690876,0.5710948031819406
16,nonselective_reward,21,0.4992025580831645,0.5880114422471232,0.5886493963215036
16,nonselective_reward,22,0.4992118849522518,0.6048400797702116,0.6054705723305637
16,nonselective_reward,23,0.49922260829440124,0.6209682027276795,0.6215901165932869
16,nonselective_reward,24,0.4992345335184588,0.6364259774368237,0.637038351100475
16,nonselective_reward,25,0.4992474846935239,0.6512421953366512,0.6518442080363754
16,nonselective_reward,26,0.49926130294980414,0.6654443411718972,0.6660352992420142
16,nonselective_reward,27,0.4992758450102941,0.6790586574156743,0.6796379818125032
16,nonselective_reward,28,0.4992909818428006,0.6921102051622734,0.6926774200682235
16,nonselective_reward,29,0.4993065974226706,0.7046229217060194,0.7051776441235024
16,nonselective_reward,30,0.49932258759734366,0.716619675007597,0.7171616052613023
16,nonselective_reward,31,0.4993388590445476,0.7281223152357977,0.7286512283084154
16,nonselective_reward,32,0.49935532831661655,0.7391517235601557,0.739667461192651
16,nonselective_reward,33,0.49937192096399646,0.7497278583583302,0.7502303218514178
16,nonselective_reward,34,0.4993885707315612,0.7598697989913162,0.7603589426498865
16,nonselective_reward,35,0.4994052188218685,0.7695957872895449,0.7700716124564904
16,nonselective_reward,36,0.4994218132199477,0.7789232668836267,0.7793858165138423
16,nonselective_reward,37,0.4994383080746446,0.7878689205048292,0.7883182742341404
16,nonselective_reward,38,0.4994546631319469,0.796448705372334,0.7968849750397675
16,nonselective_reward,39,0.49947084321607327,0.8046778867768234,0.8051012123620103
16,nonselective_reward,40,0.49948681775444786,0.8125710699629735,0.8129816159035749
17,reward_A,0,0.5,0.0,0.0
17,reward_A,1,0.5916180390810337,0.08000000000000007,0.005868338557993735
17,reward_A,2,0.6707687275934989,0.15359999999999996,0.011267210031348118
17,reward_A,3,0.7360210086777896,0.22131199999999995,0.01623417178683384
17,reward_A,4,0.7881844549602579,0.2836070399999999,0.02080377660188104
17,reward_A,5,0.8291412477302879,0.34091847679999987,0.02500781303172417
17,reward_A,6,0.8610271396882314,0.3936449986559998,0.028875526547179953
17,reward_A,7,0.8858058655002174,0.4421533987635199,0.032433822981399296
17,reward_A,8,0.9051125935948394,0.48678112686243824,0.035707455700881074
17,reward_A,9,0.9202388854110949,0.5278386367134431,0.038719197802804195
17,reward_A,10,0.9321761392663367,0.5656115457763677,0.04149000053657381
17,reward_A,11,0.9416743424994178,0.6003626221142583,0.044039139051641474
17,reward_A,12,0.9492974668362166,0.6323336123451175,0.046384346485503825
17,reward_A,13,0.9554693483224654,0.6617469233575082,0.04854193732465728
17,reward_A,14,0.9605094054292284,0.6888071694889075,0.05052692089667854
17,reward_A,15,0.9646595639716357,0.7137025959297949,0.05235310578293795
17,reward_A,16,0.968104217769153,0.7366063882554112,0.05403319587829669
17,reward_A,17,0.9709849129338327,0.7576778771949784,0.05557887876602663
17,reward_A,18,0.9734111267821904,0.7770636470193801,0.0570009070227383
17,reward_A,19,0.975468190079668,0.7948985552578297,0.05830917301891292
17,reward_A,20,0.9772231300909603,0.8113066708372033,0.05951277773539365
17,reward_A,21,0.9787290013953366,0.826402137170227,0.06062009407455582
17,reward_A,22,0.9800281146081876,0.8402899661966089,0.06163882510658525
17,reward_A,23,0.9811544588646368,0.8530667689008802,0.06257605765605201
17,reward_A,24,0.9821355315779745,0.8648214273888097,0.06343831160156166
17,reward_A,25,0.9829937299619664,0.875635713197705,0.06423158523143035
17,reward_A,26,0.9837474165488685,0.8855848561418885,0.06496139697090975
17,reward_A,27,0.9844117406404936,0.8947380676505374,0.0656328237712307
17,reward_A,28,0.9849992758450397,0.9031590222384944,0.06625053642752599
17,reward_A,29,0.9855205181214801,0.9109063004594149,0.06681883207131756
17,reward_A,30,0.9859842773377175,0.9180337964226617,0.06734166406360598
17,reward_A,31,0.9863979870196249,0.9245910927088488,0.06782266949651128
17,reward_A,32,0.9867679508561525,0.9306238052921408,0.06826519449478408
17,reward_A,33,0.9870995400141637,0.9361739008687696,0.06867231749319502
17,reward_A,34,0.987397351966581,0.941279988799268,0.0690468706517331
17,reward_A,35,0.9876653390348531,0.9459775896953265,0.06939145955758819
17,reward_A,36,0.9879069129661631,0.9502993825197005,0.06970848135097485
17,reward_A,37,0.9881250304442901,0.9542754319181244,0.07000014140089061
17,reward_A,38,0.9883222633523377,0.9579333973646744,0.07026846864681313
17,reward_A,39,0.9885008567793105,0.9612987255755004,0.07051532971306163
17,reward_A,40,0.9886627771273179,0.9643948275294605,0.07074244189401058
17,reward_B,0,0.5,0.0,0.0
17,reward_B,1,0.4089020602427313,0.0062987886944818605,0.07999999999999985
17,reward_B,2,0.33014448928362494,0.012093674293405132,0.15359999999999985
17,reward_B,3,0.26513744013728185,0.017424969044414595,0.22131200000000006
17,reward_B,4,0.21309215857905975,0.022329760215343386,0.2836070399999999
17,reward_B,5,0.17216200648841637,0.02684216809259765,0.34091847679999987
17,reward_B,6,0.14024493913482122,0.030993583339671615,0.3936449986559998
17,reward_B,7,0.11540292413162193,0.03481288536697991,0.4421533987635198
17,reward_B,8,0.09601811775495571,0.03832664323210322,0.48678112686243824
17,reward_B,9,0.08080966172903128,0.04155930046801681,0.5278386367134431
17,reward_B,10,0.06879226941238675,0.044533345125057355,0.5656115457763677
17,reward_B,11,0.05921912064440004,0.04726946620953443,0.6003626221142583
17,reward_B,12,0.05152762591421159,0.049786697607253516,0.6323336123451175
17,reward_B,13,0.045294302783486326,0.05210255049315504,0.6617469233575082
17,reward_B,14,0.040199527815841414,0.05423313514818462,0.6888071694889074
17,reward_B,15,0.03600089334922219,0.056193273030811675,0.7137025959297949
17,reward_B,16,0.03251341009002356,0.05799659988282857,0.7366063882554112
17,reward_B,17,0.029594913812467746,0.059655660586684256,0.7576778771949784
17,reward_B,18,0.027135334367115013,0.06118199643423139,0.7770636470193801
17,reward_B,19,0.025048796264804864,0.06258622541397452,0.7948985552578297
17,reward_B,20,0.023267784222039532,0.06387811607533855,0.8113066708372033
17,reward_B,21,0.02173881316871775,0.06506665548379309,0.826402137170227
17,reward_B,22,0.020419196361033592,0.06616011173957137,0.8402899661966088
17,reward_B,23,0.01927461791892891,0.0671660914948875,0.8530667689008802
17,reward_B,24,0.01827729749296649,0.0680915928697784,0.8648214273888097
17,reward_B,25,0.017404593225231264,0.06894305413467805,0.875635713197705
17,reward_B,26,0.01663793109838104,0.06972639849838558,0.8855848561418885
17,reward_B,27,0.01596197887461533,0.07044707531299665,0.8947380676505374
17,reward_B,28,0.015364004507570011,0.07111009798243872,0.9031590222384944
17,reward_B,29,0.014833374586558267,0.07172007883832543,0.9109063004594149
17,reward_B,30,0.014361159761969318,0.07228126122574108,0.9180337964226617
17,reward_B,31,0.013939822419517673,0.07279754902216384,0.9245910927088488
17,reward_B,32,0.013562967981542214,0.07327253379487253,0.9306238052921408
17,reward_B,33,0.013225145728127961,0.07370951978576457,0.9361739008687696
17,reward_B,34,0.012921688386038391,0.0741115468973852,0.941279988799268
17,reward_B,35,0.012648582241838959,0.07448141184007617,0.9459775896953265
17,reward_B,36,0.012402361421962719,0.07482168758735186,0.9502993825197005
17,reward_B,37,0.012180021409336581,0.07513474127484554,0.9542754319181244
17,reward_B,38,0.011978947951672128,0.07542275066733983,0.9579333973646744
17,reward_B,39,0.011796858346943061,0.07568771930843454,0.9612987255755004
17,reward_B,40,0.011631752730344105,0.07593149045824155,0.9643948275294605
17,no_reward,0,0.5,0.0,0.0
17,no_reward,1,0.5,0.0,0.0
17,no_reward,2,0.5,0.0,0.0
17,no_reward,3,0.5,0.0,0.0
17,no_reward,4,0.5,0.0,0.0
17,no_reward,5,0.5,0.0,0.0
17,no_reward,6,0.5,0.0,0.0
17,no_reward,7,0.5,0.0,0.0
17,no_reward,8,0.5,0.0,0.0
17,no_reward,9,0.5,0.0,0.0
17,no_reward,10,0.5,0.0,0.0
17,no_reward,11,0.5,0.0,0.0
17,no_reward,12,0.5,0.0,0.0
17,no_reward,13,0.5,0.0,0.0
17,no_reward,14,0.5,0.0,0.0
17,no_reward,15,0.5,0.0,0.0
17,no_reward,16,0.5,0.0,0.0
17,no_reward,17,0.5,0.0,0.0
17,no_reward,18,0.5,0.0,0.0
17,no_reward,19,0.5,0.0,0.0
17,no_reward,20,0.5,0.0,0.0
17,no_reward,21,0.5,0.0,0.0
17,no_reward,22,0.5,0.0,0.0
17,no_reward,23,0.5,0.0,0.0
17,no_reward,24,0.5,0.0,0.0
17,no_reward,25,0.5,0.0,0.0
17,no_reward,26,0.5,0.0,0.0
17,no_reward,27,0.5,0.0,0.0
17,no_reward,28,0.5,0.0,0.0
17,no_reward,29,0.5,0.0,0.0
17,no_reward,30,0.5,0.0,0.0
17,no_reward,31,0.5,0.0,0.0
17,no_reward,32,0.5,0.0,0.0
17,no_reward,33,0.5,0.0,0.0
17,no_reward,34,0.5,0.0,0.0
17,no_reward,35,0.5,0.0,0.0
17,no_reward,36,0.5,0.0,0.0
17,no_reward,37,0.5,0.0,0.0
17,no_reward,38,0.5,0.0,0.0
17,no_reward,39,0.5,0.0,0.0
17,no_reward,40,0.5,0.0,0.0
17,frozen,0,0.5,0.0,0.0
17,frozen,1,0.5,0.0,0.0
17,frozen,2,0.5,0.0,0.0
17,frozen,3,0.5,0.0,0.0
17,frozen,4,0.5,0.0,0.0
17,frozen,5,0.5,0.0,0.0
17,frozen,6,0.5,0.0,0.0
17,frozen,7,0.5,0.0,0.0
17,frozen,8,0.5,0.0,0.0
17,frozen,9,0.5,0.0,0.0
17,frozen,10,0.5,0.0,0.0
17,frozen,11,0.5,0.0,0.0
17,frozen,12,0.5,0.0,0.0
17,frozen,13,0.5,0.0,0.0
17,frozen,14,0.5,0.0,0.0
17,frozen,15,0.5,0.0,0.0
17,frozen,16,0.5,0.0,0.0
17,frozen,17,0.5,0.0,0.0
17,frozen,18,0.5,0.0,0.0
17,frozen,19,0.5,0.0,0.0
17,frozen,20,0.5,0.0,0.0
17,frozen,21,0.5,0.0,0.0
17,frozen,22,0.5,0.0,0.0
17,frozen,23,0.5,0.0,0.0
17,frozen,24,0.5,0.0,0.0
17,frozen,25,0.5,0.0,0.0
17,frozen,26,0.5,0.0,0.0
17,frozen,27,0.5,0.0,0.0
17,frozen,28,0.5,0.0,0.0
17,frozen,29,0.5,0.0,0.0
17,frozen,30,0.5,0.0,0.0
17,frozen,31,0.5,0.0,0.0
17,frozen,32,0.5,0.0,0.0
17,frozen,33,0.5,0.0,0.0
17,frozen,34,0.5,0.0,0.0
17,frozen,35,0.5,0.0,0.0
17,frozen,36,0.5,0.0,0.0
17,frozen,37,0.5,0.0,0.0
17,frozen,38,0.5,0.0,0.0
17,frozen,39,0.5,0.0,0.0
17,frozen,40,0.5,0.0,0.0
17,nonselective_reward,0,0.5,0.0,0.0
17,nonselective_reward,1,0.5002582700589228,0.043023418573351235,0.04281680250783704
17,nonselective_reward,2,0.5004859608330713,0.08408886438761765,0.08370009559874614
17,nonselective_reward,3,0.5006858829220343,0.12329323997682928,0.12274453329502699
17,nonselective_reward,4,0.5008606100867272,0.16072811481755833,0.1600396260682707
17,nonselective_reward,5,0.5010124984608283,0.196480052876578,0.1956700530007489
17,nonselective_reward,6,0.5011437042356199,0.2306309181013414,0.22971595311707182
17,nonselective_reward,7,0.5012561999372066,0.26325815943767217,0.2622531973734118
17,nonselective_reward,8,0.5013517894061609,0.29443507684061565,0.29335364268082575
17,nonselective_reward,9,0.5014321215813776,0.3242310696350541,0.3230853692368789
17,nonselective_reward,10,0.5014987031821498,0.3527118684816587,0.35151290234524846
17,nonselective_reward,11,0.5015529103752704,0.37993975211044995,0.3786974198156602
17,nonselective_reward,12,0.5015959995072629,0.4059737498980336,0.4046969459558203
17,nonselective_reward,13,0.5016291169756452,0.43086983128494905,0.4295665330924435
17,nonselective_reward,14,0.501653308307361,0.45468108295597354,0.45335843148957333
17,nonselective_reward,15,0.5016695265072062,0.4774578746382392,0.476122248468705
17,nonselective_reward,16,0.501678639734149,0.49924801430917465,0.49790509747635614
17,nonselective_reward,17,0.5016814383589064,0.5200968935482058,0.5187517377903035
17,nonselective_reward,18,0.5016786414519416,0.540047623712462,0.5387047055053937
17,nonselective_reward,19,0.501670902747177,0.5591411635671031,0.5578044363933067
17,nonselective_reward,20,0.5016588161231466,0.5774164389549925,0.576089381187626
17,nonselective_reward,21,0.5016429206400266,0.5949104550480093,0.5935961138057686
17,nonselective_reward,22,0.5016237051679401,0.6116584016830501,0.6103594329825184
17,nonselective_reward,23,0.5016016126391343,0.6276937522494715,0.6264124577558464
17,nonselective_reward,24,0.5015770439540631,0.6430483565611506,0.6417867172141791
17,nonselective_reward,25,0.501550361569016,0.6577525281152724,0.6565122348851229
17,nonselective_reward,26,0.5015218927907581,0.6718351261112105,0.6706176081186432
17,nonselective_reward,27,0.5014919328016226,0.6853236325762601,0.684130082792715
17,nonselective_reward,28,0.5014607474366458,0.6982442249203631,0.6970756236463167
17,nonselective_reward,29,0.5014285757326153,0.710621844219165,0.709478980523214
17,nonselective_reward,30,0.5013956322673363,0.7224802595036386,0.7213637507901317
17,nonselective_reward,31,0.5013621093059559,0.7338421283149592,0.7327524381745256
17,nonselective_reward,32,0.5013281787698642,0.744729053765216,0.7436665082501295
17,nonselective_reward,33,0.5012939940424433,0.7551616383277667,0.7541264407826664
17,nonselective_reward,34,0.5012596916248111,0.7651595345655038,0.7641517791334786
17,nonselective_reward,35,0.5012253926536582,0.7747414929908968,0.7737611769052604
17,nonselective_reward,36,0.501191204292317,0.7839254072383259,0.7829724420015004
17,nonselective_reward,37,0.501157221005307,0.7927283567168399,0.7918025782595708
17,nonselective_reward,38,0.5011235257257975,0.8011666468999985,0.8002678248065689
17,nonselective_reward,39,0.5010901909246657,0.8092558473988072,0.8083836932769805
17,nonselective_reward,40,0.5010572795891403,0.8170108279538784,0.8161650030219019
18,reward_A,0,0.5,0.0,0.0
18,reward_A,1,0.5912079442649765,0.08000000000000007,0.006207759699624726
18,reward_A,2,0.6700487394380886,0.15359999999999996,0.011918898623279217
18,reward_A,3,0.735107812361234,0.22131199999999995,0.017173146433041464
18,reward_A,4,0.7871782789854499,0.2836070399999997,0.022007054418022642
18,reward_A,5,0.8281142527244377,0.34091847679999987,0.026454249764205406
18,reward_A,6,0.8600248823276391,0.3936449986559999,0.03054566948269344
18,reward_A,7,0.8848536275415387,0.4421533987635199,0.03430977562370263
18,reward_A,8,0.9042219979206827,0.48678112686243824,0.03777275327343099
18,reward_A,9,0.9194131217538534,0.5278386367134432,0.04095869271118102
18,reward_A,10,0.9314135856995877,0.5656115457763677,0.04388975699391118
18,reward_A,11,0.9409708865578481,0.6003626221142582,0.046586336134022854
18,reward_A,12,0.9486479117270163,0.6323336123451175,0.04906718894292539
18,reward_A,13,0.9548682226889358,0.6617469233575082,0.05134957352711589
18,reward_A,14,0.9599514026580692,0.6888071694889075,0.053449367344571064
18,reward_A,15,0.9641397596148094,0.7137025959297949,0.055381177656629976
18,reward_A,16,0.967618158456788,0.7366063882554112,0.05715844314372431
18,reward_A,17,0.9705286337242862,0.7576778771949784,0.05879352739185073
18,reward_A,18,0.972981130867805,0.7770636470193801,0.06029780490012737
18,reward_A,19,0.975061410597915,0.7948985552578297,0.06168174020774164
18,reward_A,20,0.9768368852350733,0.8113066708372033,0.06295496069074691
18,reward_A,21,0.9783609489315162,0.826402137170227,0.06412632353511172
18,reward_A,22,0.9796762089283608,0.8402899661966088,0.06520397735192729
18,reward_A,23,0.9808169119929634,0.8530667689008802,0.06619541886339775
18,reward_A,24,0.9818107785924853,0.8648214273888097,0.06710754505395033
18,reward_A,25,0.9826803987797178,0.875635713197705,0.06794670114925883
18,reward_A,26,0.9834443017677191,0.8855848561418885,0.06871872475694285
18,reward_A,27,0.9841177810221701,0.8947380676505374,0.06942898647601181
18,reward_A,28,0.9847135349968754,0.9031590222384944,0.07008242725755542
18,reward_A,29,0.9852421679496507,0.9109063004594149,0.07068359277657554
18,reward_A,30,0.9857125838807113,0.9180337964226617,0.071236665054074
18,reward_A,31,0.9861322983145131,0.9245910927088488,0.07174549154937271
18,reward_A,32,0.9865076865350927,0.9306238052921408,0.0722136119250475
18,reward_A,33,0.9868441823709553,0.9361739008687696,0.07264428267066825
18,reward_A,34,0.9871464382713956,0.941279988799268,0.07304049975663918
18,reward_A,35,0.987418454908929,0.9459775896953265,0.07340501947573264
18,reward_A,36,0.9876636866573496,0.9502993825197005,0.07374037761729868
18,reward_A,37,0.9878851278691766,0.9542754319181244,0.07404890710753931
18,reward_A,38,0.9880853837917632,0.9579333973646744,0.07433275423856056
18,reward_A,39,0.9882667291318126,0.9612987255755004,0.07459389359910029
18,reward_A,40,0.9884311566400037,0.9643948275294605,0.07483414181079684
18,reward_B,0,0.5,0.0,0.0
18,reward_B,1,0.40937934684566535,0.006693657219973059,0.08000000000000007
18,reward_B,2,0.3309833466841638,0.012851821862348123,0.1536000000000003
18,reward_B,3,0.26620298332831377,0.018517333333333386,0.22131200000000006
18,reward_B,4,0.21426817153040426,0.023729603886639694,0.28360704000000014
18,reward_B,5,0.17336444464100406,0.02852489279568149,0.3409184768000001
18,reward_B,6,0.14142042197145877,0.032936558592000065,0.3936449986559999
18,reward_B,7,0.11652156309486357,0.03699529112461297,0.44215339876352
18,reward_B,8,0.09706593799234214,0.040729325054617016,0.48678112686243835
18,reward_B,9,0.08178257540618555,0.0441646362702206,0.5278386367134431
18,reward_B,10,0.06969187451933477,0.04732512258857602,0.5656115457763677
18,reward_B,11,0.06004999284685264,0.05023277000146298,0.6003626221142584
18,reward_B,12,0.052295667806768274,0.052907805621318915,0.6323336123451176
18,reward_B,13,0.046005786457455324,0.05536883839158635,0.6617469233575082
18,reward_B,14,0.04086057044044948,0.05763298854023258,0.6888071694889075
18,reward_B,15,0.03661719361371208,0.059716006676987066,0.7137025959297949
18,reward_B,16,0.03309013672698724,0.06163238336280097,0.7366063882554112
18,reward_B,17,0.030136679515872473,0.06339544991374979,0.7576778771949784
18,reward_B,18,0.027646215168691306,0.06501747114062295,0.7770636470193801
18,reward_B,19,0.025532372973513517,0.06650973066934618,0.7948985552578297
18,reward_B,20,0.02372719256803891,0.06788260943577151,0.8113066708372033
18,reward_B,21,0.022176795291255796,0.06914565790088278,0.826402137170227
18,reward_B,22,0.02083814981090677,0.07030766248878506,0.8402899661966089
18,reward_B,23,0.019676640388241743,0.07137670670965535,0.8530667689008802
18,reward_B,24,0.018664226636873546,0.07236022739285586,0.8648214273888097
18,reward_B,25,0.01777804156558471,0.07326506642140052,0.875635713197705
18,reward_B,26,0.016999316316698473,0.07409751832766143,0.8855848561418885
18,reward_B,27,0.01631254994263032,0.07486337408142152,0.8947380676505374
18,reward_B,28,0.015704864145793442,0.07556796137488075,0.9031590222384944
18,reward_B,29,0.015165498530713988,0.07621618168486344,0.9109063004594149
18,reward_B,30,0.014685413280607552,0.07681254437004736,0.9180337964226617
18,reward_B,31,0.014256974478807537,0.07736119804041641,0.9245910927088488
18,reward_B,32,0.01387370340363465,0.07786595941715635,0.9306238052921408
18,reward_B,33,0.01353007564198624,0.07833033988375693,0.9361739008687696
18,reward_B,34,0.013221359226354657,0.07875756991302929,0.941279988799268
18,reward_B,35,0.012943483513369963,0.07915062153995989,0.9459775896953265
18,reward_B,36,0.012692932413388104,0.07951222903673616,0.9502993825197005
18,reward_B,37,0.01246665701225909,0.07984490793377019,0.9542754319181244
18,reward_B,38,0.012262003716167149,0.08015097251904157,0.9579333973646744
18,reward_B,39,0.012076654884596937,0.08043255193749133,0.9612987255755004
18,reward_B,40,0.011908579558480773,0.08069160500246508,0.9643948275294605
18,no_reward,0,0.5,0.0,0.0
18,no_reward,1,0.5,0.0,0.0
18,no_reward,2,0.5,0.0,0.0
18,no_reward,3,0.5,0.0,0.0
18,no_reward,4,0.5,0.0,0.0
18,no_reward,5,0.5,0.0,0.0
18,no_reward,6,0.5,0.0,0.0
18,no_reward,7,0.5,0.0,0.0
18,no_reward,8,0.5,0.0,0.0
18,no_reward,9,0.5,0.0,0.0
18,no_reward,10,0.5,0.0,0.0
18,no_reward,11,0.5,0.0,0.0
18,no_reward,12,0.5,0.0,0.0
18,no_reward,13,0.5,0.0,0.0
18,no_reward,14,0.5,0.0,0.0
18,no_reward,15,0.5,0.0,0.0
18,no_reward,16,0.5,0.0,0.0
18,no_reward,17,0.5,0.0,0.0
18,no_reward,18,0.5,0.0,0.0
18,no_reward,19,0.5,0.0,0.0
18,no_reward,20,0.5,0.0,0.0
18,no_reward,21,0.5,0.0,0.0
18,no_reward,22,0.5,0.0,0.0
18,no_reward,23,0.5,0.0,0.0
18,no_reward,24,0.5,0.0,0.0
18,no_reward,25,0.5,0.0,0.0
18,no_reward,26,0.5,0.0,0.0
18,no_reward,27,0.5,0.0,0.0
18,no_reward,28,0.5,0.0,0.0
18,no_reward,29,0.5,0.0,0.0
18,no_reward,30,0.5,0.0,0.0
18,no_reward,31,0.5,0.0,0.0
18,no_reward,32,0.5,0.0,0.0
18,no_reward,33,0.5,0.0,0.0
18,no_reward,34,0.5,0.0,0.0
18,no_reward,35,0.5,0.0,0.0
18,no_reward,36,0.5,0.0,0.0
18,no_reward,37,0.5,0.0,0.0
18,no_reward,38,0.5,0.0,0.0
18,no_reward,39,0.5,0.0,0.0
18,no_reward,40,0.5,0.0,0.0
18,frozen,0,0.5,0.0,0.0
18,frozen,1,0.5,0.0,0.0
18,frozen,2,0.5,0.0,0.0
18,frozen,3,0.5,0.0,0.0
18,frozen,4,0.5,0.0,0.0
18,frozen,5,0.5,0.0,0.0
18,frozen,6,0.5,0.0,0.0
18,frozen,7,0.5,0.0,0.0
18,frozen,8,0.5,0.0,0.0
18,frozen,9,0.5,0.0,0.0
18,frozen,10,0.5,0.0,0.0
18,frozen,11,0.5,0.0,0.0
18,frozen,12,0.5,0.0,0.0
18,frozen,13,0.5,0.0,0.0
18,frozen,14,0.5,0.0,0.0
18,frozen,15,0.5,0.0,0.0
18,frozen,16,0.5,0.0,0.0
18,frozen,17,0.5,0.0,0.0
18,frozen,18,0.5,0.0,0.0
18,frozen,19,0.5,0.0,0.0
18,frozen,20,0.5,0.0,0.0
18,frozen,21,0.5,0.0,0.0
18,frozen,22,0.5,0.0,0.0
18,frozen,23,0.5,0.0,0.0
18,frozen,24,0.5,0.0,0.0
18,frozen,25,0.5,0.0,0.0
18,frozen,26,0.5,0.0,0.0
18,frozen,27,0.5,0.0,0.0
18,frozen,28,0.5,0.0,0.0
18,frozen,29,0.5,0.0,0.0
18,frozen,30,0.5,0.0,0.0
18,frozen,31,0.5,0.0,0.0
18,frozen,32,0.5,0.0,0.0
18,frozen,33,0.5,0.0,0.0
18,frozen,34,0.5,0.0,0.0
18,frozen,35,0.5,0.0,0.0
18,frozen,36,0.5,0.0,0.0
18,frozen,37,0.5,0.0,0.0
18,frozen,38,0.5,0.0,0.0
18,frozen,39,0.5,0.0,0.0
18,frozen,40,0.5,0.0,0.0
18,nonselective_reward,0,0.5,0.0,0.0
18,nonselective_reward,1,0.50029153847917,0.04321295546558701,0.042979724655819895
18,nonselective_reward,2,0.5005485586444786,0.08444549700404869,0.0840066499123906
18,nonselective_reward,3,0.500774233123636,0.12379658979601649,0.12317720280206279
18,nonselective_reward,4,0.500971467211742,0.16135969212281043,0.16058251737547247
18,nonselective_reward,5,0.5011429205507663,0.1972230970285116,0.19630875899540312
18,nonselective_reward,6,0.5012910270881893,0.23147025079888073,0.2304374268330448
18,nonselective_reward,7,0.501418013448336,0.26418004993055677,0.2630456361304997
18,nonselective_reward,8,0.5015259158401144,0.29542711813853684,0.29420638167658775
18,nonselective_reward,9,0.501616595615669,0.32528206483411015,0.32398878383511376
18,nonselective_reward,10,0.5016917535857968,0.35381172639844505,0.3524583183651323
18,nonselective_reward,11,0.50175294318994,0.381079391478243,0.37967703118069007
18,nonselective_reward,12,0.5018015826110539,0.40714501143860715,0.40570373911249247
18,nonselective_reward,13,0.5018389659186755,0.4320653970239885,0.43059421765538686
18,nonselective_reward,14,0.501866273317068,0.4558944022001892,0.4544013766129458
18,nonselective_reward,15,0.5018845805693177,0.4786830960784606,0.4771754244833625
18,nonselective_reward,16,0.501894867662726,0.5004799237562448,0.4989640223688636
18,nonselective_reward,17,0.5018980267757212,0.5213308568476773,0.5198124281335417
18,nonselective_reward,18,0.5018948696017862,0.5412795344201846,0.539763631481533
18,nonselective_reward,19,0.5018861340815284,0.5603673950010328,0.5588584805784953
18,nonselective_reward,20,0.5018724905899996,0.5786338002691668,0.5771358007940512
18,nonselective_reward,21,0.5018545476226521,0.5961161510028306,0.5946325061009913
18,nonselective_reward,22,0.5018328570198927,0.6128499958119843,0.6113837036282994
18,nonselective_reward,23,0.5018079187670436,0.6288691331461894,0.6274227918292417
18,nonselective_reward,24,0.5017801854036041,0.6442057070331583,0.6427815526926137
18,nonselective_reward,25,0.5017500660730263,0.6588902969703636,0.6574902383945863
18,nonselective_reward,26,0.5017179302417514,0.6729520023617478,0.6715776527602011
18,nonselective_reward,27,0.501684111113968,0.6864185218634931,0.6850712278773219
18,nonselective_reward,28,0.5016489087664691,0.6993162279768252,0.6979970961815194
18,nonselective_reward,29,0.5016125930260344,0.711670237201775,0.7103801583078767
18,nonselective_reward,30,0.50157540611001,0.7235044760435554,0.7222441469848481
18,nonselective_reward,31,0.5015375650490892,0.7348417431426042,0.7336116872260126
18,nonselective_reward,32,0.5014992639098153,0.745703767780253,0.7445043530576787
18,nonselective_reward,33,0.5014606758329169,0.756111264994309,0.7549427210037347
18,nonselective_reward,34,0.5014219549023162,0.7660839875224619,0.7649464205337888
18,nonselective_reward,35,0.5013832378584683,0.7756407747762594,0.7745341816664169
18,nonselective_reward,36,0.5013446456686006,0.7847995990343367,0.7837238799061478
18,nonselective_reward,37,0.5013062849654258,0.7935776090305594,0.7925325786805887
18,nonselective_reward,38,0.5012682493649755,0.8019911711006577,0.8009765694327501
18,nonselective_reward,39,0.5012306206733561,0.8100559080397365,0.8090714095131132
18,nonselective_reward,40,0.5011934699914463,0.8177867358126566,0.8168319580062202
19,reward_A,0,0.5,0.0,0.0
19,reward_A,1,0.5923249331775692,0.07999999999999996,0.005283018867924372
19,reward_A,2,0.6720084389520671,0.15359999999999985,0.010143396226415025
19,reward_A,3,0.7375910324871656,0.22131199999999984,0.014614943396226265
19,reward_A,4,0.7899113875980353,0.2836070399999998,0.018728766792452722
19,reward_A,5,0.8309008103830288,0.34091847679999976,0.02251348431698108
19,reward_A,6,0.8627413544190262,0.3936449986559998,0.025995424439546944
19,reward_A,7,0.88743185333657,0.4421533987635199,0.029198809352307897
19,reward_A,8,0.9066309889698917,0.48678112686243813,0.03214592347204781
19,reward_A,9,0.9216447477766732,0.5278386367134431,0.03485726846220838
19,reward_A,10,0.933472692024585,0.5656115457763675,0.03735170585315628
19,reward_A,11,0.9428689833653687,0.6003626221142582,0.03964658825282841
19,reward_A,12,0.9503993658024625,0.6323336123451175,0.04175788006052639
19,reward_A,13,0.9564880746317769,0.6617469233575082,0.043700268523608976
19,reward_A,14,0.9614541900888499,0.6888071694889075,0.0454872659096448
19,reward_A,15,0.9655389406842266,0.7137025959297948,0.04713130350479777
19,reward_A,16,0.9689258815502874,0.7366063882554112,0.04864381809233842
19,reward_A,17,0.9717556989106967,0.7576778771949784,0.05003533151287565
19,reward_A,18,0.9741370514175541,0.7770636470193801,0.05131552385977045
19,reward_A,19,0.9761545214011389,0.7948985552578296,0.052493300818913124
19,reward_A,20,0.9778744681279502,0.8113066708372032,0.05357685562132475
19,reward_A,21,0.9793493586755257,0.826402137170227,0.05457372603954325
19,reward_A,22,0.9806209915996712,0.8402899661966088,0.055490846824304274
19,reward_A,23,0.9817229121219497,0.8530667689008802,0.05633459794628448
19,reward_A,24,0.9826822339419791,0.8648214273888097,0.05711084897850638
19,reward_A,25,0.9835210230058337,0.875635713197705,0.057824999928150156
19,reward_A,26,0.9842573558720956,0.8855848561418885,0.05848201880182291
19,reward_A,27,0.9849061347782148,0.8947380676505374,0.059086476165601365
19,reward_A,28,0.9854797195915217,0.9031590222384944,0.05964257694027786
19,reward_A,29,0.9859884210292184,0.9109063004594149,0.06015418965298025
19,reward_A,30,0.9864408880839627,0.9180337964226617,0.060624873348666286
19,reward_A,31,0.9868444142512321,0.9245910927088488,0.06105790234869746
19,reward_A,32,0.98720518104249,0.9306238052921408,0.06145628902872635
19,reward_A,33,0.9875284527620958,0.9361739008687695,0.06182280477435265
19,reward_A,34,0.9878187331836576,0.941279988799268,0.06215999926032889
19,reward_A,35,0.9880798922674962,0.9459775896953265,0.06247021818742715
19,reward_A,36,0.9883152691885877,0.9502993825197005,0.06275561960035736
19,reward_A,37,0.9885277565304429,0.9542754319181244,0.06301818890025346
19,reward_A,38,0.9887198694264119,0.9579333973646744,0.06325975265615769
19,reward_A,39,0.9888938026094906,0.9612987255755004,0.0634819913115896
19,reward_A,40,0.9890514777014914,0.9643948275294605,0.06368645087458691
19,reward_B,0,0.5,0.0,0.0
19,reward_B,1,0.4078882969197476,0.005459610027855,0.07999999999999996
19,reward_B,2,0.3283653307930092,0.010482451253481684,0.15359999999999985
19,reward_B,3,0.26288200998575006,0.015103465181058429,0.22131199999999995
19,reward_B,4,0.21060853752522998,0.019354797994428852,0.2836070399999999
19,reward_B,5,0.16962852482337967,0.023266024182729828,0.34091847679999987
19,reward_B,6,0.13777394343615004,0.026864352275966508,0.39364499865599967
19,reward_B,7,0.11305656672883435,0.030174814121744387,0.4421533987635198
19,reward_B,8,0.09382480103962292,0.03322043901986005,0.48678112686243824
19,reward_B,9,0.07877699601188891,0.03602241392612637,0.5278386367134431
19,reward_B,10,0.06691603451572355,0.0386002308398915,0.5656115457763677
19,reward_B,11,0.057488998191262304,0.0409718224005553,0.6003626221142582
19,reward_B,12,0.04993066474043125,0.04315368663636587,0.6323336123451176
19,reward_B,13,0.043816909471892596,0.045161001733311834,0.6617469233575082
19,reward_B,14,0.03882854294070495,0.04700773162250205,0.6888071694889075
19,reward_B,15,0.034724121209975395,0.048706723120557016,0.7137025959297949
19,reward_B,16,0.031319832652814655,0.05026979529876774,0.7366063882554112
19,reward_B,17,0.028474729309898132,0.05170782170272126,0.7576778771949784
19,reward_B,18,0.026079904053876574,0.05303080599435894,0.77706364701938
19,reward_B,19,0.024050547844086508,0.05424795154266526,0.7948985552578296
19,reward_B,20,0.022320099369488363,0.05536772544710711,0.8113066708372033
19,reward_B,21,0.020835914064234053,0.05639791743919376,0.826402137170227
19,reward_B,22,0.01955603882550524,0.05734569407191348,0.8402899661966088
19,reward_B,23,0.018446794561795852,0.05821764857401546,0.8530667689008802
19,reward_B,24,0.017480951939570187,0.05901984671594951,0.8648214273888097
19,reward_B,25,0.01663634524545653,0.05975786900652846,0.875635713197705
19,reward_B,26,0.015894811841995458,0.060436849513861524,0.8855848561418885
19,reward_B,27,0.015241375161278827,0.061061511580607575,0.8947380676505374
19,reward_B,28,0.014663611059642296,0.06163620068201425,0.9031590222384944
19,reward_B,29,0.014151153136347737,0.06216491465530827,0.9109063004594149
19,reward_B,30,0.013695304057633787,0.06265133151073876,0.9180337964226617
19,reward_B,31,0.013288728264826766,0.06309883501773494,0.9245910927088488
19,reward_B,32,0.012925207557505284,0.0635105382441713,0.9306238052921408
19,reward_B,33,0.012599445550590465,0.06388930521249259,0.9361739008687696
19,reward_B,34,0.01230691034894006,0.06423777082334847,0.941279988799268
19,reward_B,35,0.012043707279707988,0.06455835918533559,0.9459775896953265
19,reward_B,36,0.011806475397585942,0.0648533004783639,0.9502993825197005
19,reward_B,37,0.011592302894280038,0.06512464646795013,0.9542754319181244
19,reward_B,38,0.011398657619600232,0.06537428477836904,0.9579333973646744
19,reward_B,39,0.011223329743730215,0.06560395202395475,0.9612987255755004
19,reward_B,40,0.011064384221970126,0.06581524588989351,0.9643948275294605
19,no_reward,0,0.5,0.0,0.0
19,no_reward,1,0.5,0.0,0.0
19,no_reward,2,0.5,0.0,0.0
19,no_reward,3,0.5,0.0,0.0
19,no_reward,4,0.5,0.0,0.0
19,no_reward,5,0.5,0.0,0.0
19,no_reward,6,0.5,0.0,0.0
19,no_reward,7,0.5,0.0,0.0
19,no_reward,8,0.5,0.0,0.0
19,no_reward,9,0.5,0.0,0.0
19,no_reward,10,0.5,0.0,0.0
19,no_reward,11,0.5,0.0,0.0
19,no_reward,12,0.5,0.0,0.0
19,no_reward,13,0.5,0.0,0.0
19,no_reward,14,0.5,0.0,0.0
19,no_reward,15,0.5,0.0,0.0
19,no_reward,16,0.5,0.0,0.0
19,no_reward,17,0.5,0.0,0.0
19,no_reward,18,0.5,0.0,0.0
19,no_reward,19,0.5,0.0,0.0
19,no_reward,20,0.5,0.0,0.0
19,no_reward,21,0.5,0.0,0.0
19,no_reward,22,0.5,0.0,0.0
19,no_reward,23,0.5,0.0,0.0
19,no_reward,24,0.5,0.0,0.0
19,no_reward,25,0.5,0.0,0.0
19,no_reward,26,0.5,0.0,0.0
19,no_reward,27,0.5,0.0,0.0
19,no_reward,28,0.5,0.0,0.0
19,no_reward,29,0.5,0.0,0.0
19,no_reward,30,0.5,0.0,0.0
19,no_reward,31,0.5,0.0,0.0
19,no_reward,32,0.5,0.0,0.0
19,no_reward,33,0.5,0.0,0.0
19,no_reward,34,0.5,0.0,0.0
19,no_reward,35,0.5,0.0,0.0
19,no_reward,36,0.5,0.0,0.0
19,no_reward,37,0.5,0.0,0.0
19,no_reward,38,0.5,0.0,0.0
19,no_reward,39,0.5,0.0,0.0
19,no_reward,40,0.5,0.0,0.0
19,frozen,0,0.5,0.0,0.0
19,frozen,1,0.5,0.0,0.0
19,frozen,2,0.5,0.0,0.0
19,frozen,3,0.5,0.0,0.0
19,frozen,4,0.5,0.0,0.0
19,frozen,5,0.5,0.0,0.0
19,frozen,6,0.5,0.0,0.0
19,frozen,7,0.5,0.0,0.0
19,frozen,8,0.5,0.0,0.0
19,frozen,9,0.5,0.0,0.0
19,frozen,10,0.5,0.0,0.0
19,frozen,11,0.5,0.0,0.0
19,frozen,12,0.5,0.0,0.0
19,frozen,13,0.5,0.0,0.0
19,frozen,14,0.5,0.0,0.0
19,frozen,15,0.5,0.0,0.0
19,frozen,16,0.5,0.0,0.0
19,frozen,17,0.5,0.0,0.0
19,frozen,18,0.5,0.0,0.0
19,frozen,19,0.5,0.0,0.0
19,frozen,20,0.5,0.0,0.0
19,frozen,21,0.5,0.0,0.0
19,frozen,22,0.5,0.0,0.0
19,frozen,23,0.5,0.0,0.0
19,frozen,24,0.5,0.0,0.0
19,frozen,25,0.5,0.0,0.0
19,frozen,26,0.5,0.0,0.0
19,frozen,27,0.5,0.0,0.0
19,frozen,28,0.5,0.0,0.0
19,frozen,29,0.5,0.0,0.0
19,frozen,30,0.5,0.0,0.0
19,frozen,31,0.5,0.0,0.0
19,frozen,32,0.5,0.0,0.0
19,frozen,33,0.5,0.0,0.0
19,frozen,34,0.5,0.0,0.0
19,frozen,35,0.5,0.0,0.0
19,frozen,36,0.5,0.0,0.0
19,frozen,37,0.5,0.0,0.0
19,frozen,38,0.5,0.0,0.0
19,frozen,39,0.5,0.0,0.0
19,frozen,40,0.5,0.0,0.0
19,nonselective_reward,0,0.5,0.0,0.0
19,nonselective_reward,1,0.5001059546943722,0.04262061281337037,0.04253584905660379
19,nonselective_reward,2,0.5001993643453504,0.08333094506963801,0.08317145358490552
19,nonselective_reward,3,0.5002813820085019,0.12222351574498058,0.12199841011441515
19,nonselective_reward,4,0.5003530635616138,0.15938588020862432,0.15910342931238852
19,nonselective_reward,5,0.5004153755934349,0.19490092777439616,0.19456862722320278
19,nonselective_reward,6,0.5004692026635144,0.2288471595880467,0.22847179734705325
19,nonselective_reward,7,0.5005153539827435,0.2612989482454603,0.26088666491326784
19,nonselective_reward,8,0.5005545695603486,0.2923267804333681,0.29188312460316224
19,nonselective_reward,9,0.5005875258594977,0.3219974837885299,0.321527462884605
19,nonselective_reward,10,0.5006148410003856,0.35037443908300137,0.3498825660347695
19,nonselective_reward,11,0.5006370795466101,0.37751777876144665,0.3770081148483485
19,nonselective_reward,12,0.5006547569078411,0.4034845727809997,0.4029607669553146
19,nonselective_reward,13,0.5006683433891874,0.42832900263444185,0.4277943276046515
19,nonselective_reward,14,0.5006782679152774,0.45210252437299503,0.451559909707935
19,nonselective_reward,15,0.5006849214548638,0.4748540213854422,0.47430608387882167
19,nonselective_reward,16,0.5006886601697221,0.49662994763518165,0.49607901915103125
19,nonselective_reward,17,0.5006898083097524,0.5174744620058873,0.5169226150079673
19,nonselective_reward,18,0.5006886608744494,0.5374295543593175,0.5368786253113842
19,nonselective_reward,19,0.5006854860593271,0.5565351638652511,0.5559867746742118
19,nonselective_reward,20,0.5006805275044147,0.5748292901232114,0.574284867783504
19,nonselective_reward,21,0.5006740063605828,0.5923480975583477,0.5918088921432777
19,nonselective_reward,22,0.5006661231882185,0.6091260135393375,0.6085931146734853
19,nonselective_reward,23,0.5006570597016223,0.6251958206342351,0.6246701725703547
19,nonselective_reward,24,0.5006469803714355,0.6405887433906374,0.640071158804619
19,nonselective_reward,25,0.5006360338964414,0.6553345299991729,0.6548257026075656
19,nonselective_reward,26,0.5006243545551768,0.6694615291739845,0.6689620452702321
19,nonselective_reward,27,0.5006120634469764,0.6829967625604212,0.6825071115582615
19,nonselective_reward,28,0.5005992696312919,0.6959659929584141,0.6954865770238208
19,nonselective_reward,29,0.5005860711734503,0.7083937886298952,0.7079249314764111
19,nonselective_reward,30,0.5005725561043478,0.7203035839399552,0.7198455388562681
19,nonselective_reward,31,0.5005588033009942,0.731717736564161,0.7312706937372401
19,nonselective_reward,32,0.5005448832942669,0.742657581478425,0.7422216746704516
19,nonselective_reward,33,0.5005308590097355,0.753143481932975,0.752718794565611
19,nonselective_reward,34,0.5005167864469431,0.7631948775981898,0.7627814482934169
19,nonselective_reward,35,0.5005027153021138,0.7728303300573014,0.7724281576800929
19,nonselective_reward,36,0.50048868953885,0.7820675658091063,0.7816766140535382
19,nonselective_reward,37,0.5004747479110252,0.7909235169328378,0.7905437184898828
19,nonselective_reward,38,0.5004609244417467,0.7994143595571421,0.7990456198992925
19,nonselective_reward,39,0.5004472488619447,0.8075555502656275,0.8071977510806436
19,nonselective_reward,40,0.500433747011868,0.8153618605626569,0.8150148628661186
20,reward_A,0,0.5,0.0,0.0
20,reward_A,1,0.5829247036548028,0.07999999999999985,0.01304174950298198
20,reward_A,2,0.6553859502707513,0.15359999999999996,0.02504015904572543
20,reward_A,3,0.7162969089110132,0.22131199999999973,0.03607869582504952
20,reward_A,4,0.7661798049412037,0.2836070399999999,0.04623414966202777
20,reward_A,5,0.8063876390633777,0.34091847679999965,0.05557716719204775
20,reward_A,6,0.8385341004391623,0.3936449986559998,0.06417274331966583
20,reward_A,7,0.8641697913163808,0.4421533987635198,0.0720806733570748
20,reward_A,8,0.8846402735300611,0.48678112686243824,0.079355968991491
20,reward_A,9,0.9010500803121431,0.5278386367134431,0.08604924097515365
20,reward_A,10,0.91427778778213,0.5656115457763676,0.09220705120012351
20,reward_A,11,0.9250101491783701,0.6003626221142582,0.09787223660709576
20,reward_A,12,0.9337793008596583,0.6323336123451175,0.10308420718151035
20,reward_A,13,0.9409962701540613,0.6617469233575081,0.10787922010997142
20,reward_A,14,0.9469786902683186,0.6888071694889075,0.11229063200415601
20,reward_A,15,0.9519727258886991,0.7137025959297949,0.11634913094680566
20,reward_A,16,0.9561699993431713,0.7366063882554112,0.12008294997404312
20,reward_A,17,0.9597204855811873,0.7576778771949784,0.12351806347910177
20,reward_A,18,0.9627422733026622,0.7770636470193801,0.12667836790375564
20,reward_A,19,0.9653289385242732,0.7948985552578296,0.1295858479744374
20,reward_A,20,0.9675551187641149,0.8113066708372032,0.13226072963946456
20,reward_A,21,0.969480738021937,0.826402137170227,0.13472162077128957
20,reward_A,22,0.9711542215327038,0.8402899661966088,0.13698564061256846
20,reward_A,23,0.9726149533347457,0.8530667689008802,0.13906853886654513
20,reward_A,24,0.9738951648087636,0.8648214273888097,0.14098480526020352
20,reward_A,25,0.9750213939866548,0.875635713197705,0.1427477703423693
20,reward_A,26,0.9760156196340429,0.8855848561418885,0.14436969821796186
20,reward_A,27,0.9768961476894816,0.8947380676505374,0.1458618718635072
20,reward_A,28,0.9776783081461372,0.9031590222384944,0.14723467161740866
20,reward_A,29,0.9783750060517449,0.9109063004594149,0.14849764739099813
20,reward_A,30,0.9789971596230549,0.9180337964226617,0.1496595851027004
20,reward_A,31,0.9795540505276467,0.9245910927088488,0.15072856779746646
20,reward_A,32,0.9800536054531767,0.9306238052921408,0.15171203187665117
20,reward_A,33,0.9805026236327672,0.9361739008687696,0.15261681882950118
20,reward_A,34,0.9809069616393779,0.941279988799268,0.15344922282612328
20,reward_A,35,0.981271684219475,0.9459775896953265,0.15421503450301555
20,reward_A,36,0.9816011880003237,0.9502993825197005,0.15491958124575633
20,reward_A,37,0.9818993034236412,0.9542754319181244,0.1555677642490778
20,reward_A,38,0.9821693791187999,0.9579333973646744,0.15616409261213382
20,reward_A,39,0.9824143520479389,0.9612987255755004,0.15671271470614512
20,reward_A,40,0.9826368060711461,0.9643948275294605,0.15721744703263585
20,reward_B,0,0.5,0.0,0.0
20,reward_B,1,0.41650811459299947,0.012575079872204298,0.08000000000000007
20,reward_B,2,0.3436029175516335,0.02414415335463249,0.15359999999999996
20,reward_B,3,0.2823931727468139,0.034787700958466394,0.22131199999999995
20,reward_B,4,0.2323415578681694,0.0445797647539935,0.2836070399999998
20,reward_B,5,0.19206464101102871,0.05358846344587853,0.34091847679999987
20,reward_B,6,0.1599174169726551,0.06187646624241261,0.3936449986559999
20,reward_B,7,0.1343235421916003,0.06950142881522414,0.4421533987635198
20,reward_B,8,0.11391870087161077,0.0765163943822108,0.48678112686243824
20,reward_B,9,0.09758573442464202,0.08297016270383828,0.5278386367134431
20,reward_B,10,0.08443807468378144,0.08890762955973552,0.5656115457763677
20,reward_B,11,0.07378420144004223,0.09437009906716132,0.6003626221142582
20,reward_B,12,0.06508933875490411,0.09939557101399288,0.6323336123451175
20,reward_B,13,0.057941167197260196,0.10401900520507801,0.6617469233575082
20,reward_B,14,0.05202158402659448,0.1082725646608762,0.6888071694889075
20,reward_B,15,0.04708443672317202,0.11218583936021054,0.7137025959297949
20,reward_B,16,0.042938381337953135,0.11578605208359816,0.7366063882554112
20,reward_B,17,0.039433854495273854,0.11909824778911482,0.7576778771949784
20,reward_B,18,0.03645323222955734,0.12214546783819002,0.7770636470193801
20,reward_B,19,0.03390340982612208,0.12494891028333943,0.7948985552578297
20,reward_B,20,0.03171020182465361,0.12752807733287663,0.8113066708372032
20,reward_B,21,0.02981410393062291,0.12990091101845092,0.826402137170227
20,reward_B,22,0.028167072762404564,0.1320839180091795,0.8402899661966088
20,reward_B,23,0.026730067211978285,0.13409228444064936,0.8530667689008802
20,reward_B,24,0.025471161297870977,0.135939981557602,0.8648214273888097
20,reward_B,25,0.024364087513079603,0.13763986290519836,0.875635713197705
20,reward_B,26,0.023387105946387127,0.13920375374498706,0.8855848561418885
20,reward_B,27,0.022522121175561082,0.14064253331759247,0.8947380676505374
20,reward_B,28,0.021753988612786764,0.1419662105243895,0.9031590222384944
20,reward_B,29,0.021069966505416832,0.14318399355464273,0.9109063004594149
20,reward_B,30,0.020459280542338462,0.14430435394247587,0.9180337964226617
20,reward_B,31,0.01991277599916821,0.14533508549928242,0.9245910927088488
20,reward_B,32,0.01942263831049968,0.14628335853154406,0.9306238052921408
20,reward_B,33,0.018982167420365115,0.14715576972122502,0.9361739008687696
20,reward_B,34,0.018585594623135224,0.14795838801573158,0.941279988799268
20,reward_B,35,0.01822793315104423,0.14869679684667758,0.9459775896953265
20,reward_B,36,0.017904855699841054,0.14937613297114782,0.9502993825197005
20,reward_B,37,0.017612593563874207,0.15000112220566042,0.9542754319181244
20,reward_B,38,0.017347853189177975,0.1505761123014121,0.9579333973646744
20,reward_B,39,0.01710774683152812,0.15110510318950354,0.9612987255755004
20,reward_B,40,0.016889734688253,0.15159177480654762,0.9643948275294605
20,no_reward,0,0.5,0.0,0.0
20,no_reward,1,0.5,0.0,0.0
20,no_reward,2,0.5,0.0,0.0
20,no_reward,3,0.5,0.0,0.0
20,no_reward,4,0.5,0.0,0.0
20,no_reward,5,0.5,0.0,0.0
20,no_reward,6,0.5,0.0,0.0
20,no_reward,7,0.5,0.0,0.0
20,no_reward,8,0.5,0.0,0.0
20,no_reward,9,0.5,0.0,0.0
20,no_reward,10,0.5,0.0,0.0
20,no_reward,11,0.5,0.0,0.0
20,no_reward,12,0.5,0.0,0.0
20,no_reward,13,0.5,0.0,0.0
20,no_reward,14,0.5,0.0,0.0
20,no_reward,15,0.5,0.0,0.0
20,no_reward,16,0.5,0.0,0.0
20,no_reward,17,0.5,0.0,0.0
20,no_reward,18,0.5,0.0,0.0
20,no_reward,19,0.5,0.0,0.0
20,no_reward,20,0.5,0.0,0.0
20,no_reward,21,0.5,0.0,0.0
20,no_reward,22,0.5,0.0,0.0
20,no_reward,23,0.5,0.0,0.0
20,no_reward,24,0.5,0.0,0.0
20,no_reward,25,0.5,0.0,0.0
20,no_reward,26,0.5,0.0,0.0
20,no_reward,27,0.5,0.0,0.0
20,no_reward,28,0.5,0.0,0.0
20,no_reward,29,0.5,0.0,0.0
20,no_reward,30,0.5,0.0,0.0
20,no_reward,31,0.5,0.0,0.0
20,no_reward,32,0.5,0.0,0.0
20,no_reward,33,0.5,0.0,0.0
20,no_reward,34,0.5,0.0,0.0
20,no_reward,35,0.5,0.0,0.0
20,no_reward,36,0.5,0.0,0.0
20,no_reward,37,0.5,0.0,0.0
20,no_reward,38,0.5,0.0,0.0
20,no_reward,39,0.5,0.0,0.0
20,no_reward,40,0.5,0.0,0.0
20,frozen,0,0.5,0.0,0.0
20,frozen,1,0.5,0.0,0.0
20,frozen,2,0.5,0.0,0.0
20,frozen,3,0.5,0.0,0.0
20,frozen,4,0.5,0.0,0.0
20,frozen,5,0.5,0.0,0.0
20,frozen,6,0.5,0.0,0.0
20,frozen,7,0.5,0.0,0.0
20,frozen,8,0.5,0.0,0.0
20,frozen,9,0.5,0.0,0.0
20,frozen,10,0.5,0.0,0.0
20,frozen,11,0.5,0.0,0.0
20,frozen,12,0.5,0.0,0.0
20,frozen,13,0.5,0.0,0.0
20,frozen,14,0.5,0.0,0.0
20,frozen,15,0.5,0.0,0.0
20,frozen,16,0.5,0.0,0.0
20,frozen,17,0.5,0.0,0.0
20,frozen,18,0.5,0.0,0.0
20,frozen,19,0.5,0.0,0.0
20,frozen,20,0.5,0.0,0.0
20,frozen,21,0.5,0.0,0.0
20,frozen,22,0.5,0.0,0.0
20,frozen,23,0.5,0.0,0.0
20,frozen,24,0.5,0.0,0.0
20,frozen,25,0.5,0.0,0.0
20,frozen,26,0.5,0.0,0.0
20,frozen,27,0.5,0.0,0.0
20,frozen,28,0.5,0.0,0.0
20,frozen,29,0.5,0.0,0.0
20,frozen,30,0.5,0.0,0.0
20,frozen,31,0.5,0.0,0.0
20,frozen,32,0.5,0.0,0.0
20,frozen,33,0.5,0.0,0.0
20,frozen,34,0.5,0.0,0.0
20,frozen,35,0.5,0.0,0.0
20,frozen,36,0.5,0.0,0.0
20,frozen,37,0.5,0.0,0.0
20,frozen,38,0.5,0.0,0.0
20,frozen,39,0.5,0.0,0.0
20,frozen,40,0.5,0.0,0.0
20,nonselective_reward,0,0.5,0.0,0.0
20,nonselective_reward,1,0.4997199982508032,0.0460360383386581,0.04626003976143145
20,nonselective_reward,2,0.4994731488486228,0.08975740973801904,0.09017889081510932
20,nonselective_reward,3,0.49925640470836996,0.13129380174746585,0.13188867841934016
20,nonselective_reward,4,0.4990669755035036,0.17076680570605574,0.1715132261696336
20,nonselective_reward,5,0.4989023068421538,0.2082904686336683,0.20916862457076935
20,nonselective_reward,6,0.4987600610968176,0.24397180516795758,0.24496375832394268
20,nonselective_reward,7,0.49863809975911627,0.2779112725469516,0.2790007954340863
20,nonselective_reward,8,0.49853446720061667,0.31020321140726614,0.31137564100428494
20,nonselective_reward,9,0.49844737572960907,0.34093625495581215,0.34217835836449095
20,nonselective_reward,10,0.4983751918420869,0.3701937088772371,0.3714935599790591
20,nonselective_reward,11,0.49831642357292255,0.39805390415882413,0.3994007703906315
20,nonselective_reward,12,0.49826970886047456,0.42459052484803206,0.4259747632853791
20,nonselective_reward,13,0.49823380484456065,0.4498729126041957,0.45128587460544367
20,nonselective_reward,14,0.4982075780239565,0.4739663497641061,0.47540029348754964
20,nonselective_reward,15,0.49818999520532736,0.49693232251035646,0.4983803326712516
20,nonselective_reward,16,0.49818011518083377,0.5188287656105905,0.5202846798952263
20,nonselective_reward,17,0.4981770810765652,0.5397102900843642,0.5411686316846254
20,nonselective_reward,18,0.49818011331850365,0.5596283950514885,0.5610843108260082
20,nonselective_reward,19,0.49818850316690544,0.5786316649208006,0.5800808687280883
20,nonselective_reward,20,0.4982016067738716,0.5967659529907048,0.5982046737758115
20,nonselective_reward,21,0.4982188397224253,0.6140745524519406,0.6154994867015533
20,nonselective_reward,22,0.4982396720087296,0.6305983557083872,0.6320066239199262
20,nonselective_reward,23,0.49826362343208463,0.6463760028627813,0.6477651097013477
20,nonselective_reward,24,0.4982902593601587,0.6614440201505937,0.662811817993636
20,nonselective_reward,25,0.4983191868394752,0.6758369490465512,0.677181604640094
20,nonselective_reward,26,0.49835005102354846,0.6895874667140354,0.6909074306863834
20,nonselective_reward,27,0.49838253189325055,0.7027264984174793,0.7040204774166405
20,nonselective_reward,28,0.49841634124600576,0.7152833224716202,0.7165502537114029
20,nonselective_reward,29,0.4984512199322644,0.7272856682587137,0.7285246962756868
20,nonselective_reward,30,0.4984869353194143,0.7387598078053442,0.7399702632447205
20,nonselective_reward,31,0.4985232789648643,0.7497306413739944,0.7509120216371
20,nonselective_reward,32,0.49856006448148754,0.7602217774908389,0.7613737290902864
20,nonselective_reward,33,0.4985971255799389,0.7702556078001002,0.7713779102811616
20,nonselective_reward,34,0.4986343142736023,0.7798533771065336,0.7809459284046101
20,nonselective_reward,35,0.4986714992330461,0.7890352489410241,0.7900980520556005
20,nonselective_reward,36,0.49870856427791616,0.7978203669597049,0.7988535178348367
20,nonselective_reward,37,0.4987454069951508,0.8062269124642949,0.8072305889745651
20,nonselective_reward,38,0.49878193747329286,0.8142721583103558,0.8152466102594196
20,nonselective_reward,39,0.4988180771434837,0.821972519450755,0.822918059497123
20,nonselective_reward,40,0.4988537577184773,0.8293436003436697,0.8302605957753089
21,reward_A,0,0.5,0.0,0.0
21,reward_A,1,0.5866897012013877,0.07999999999999974,0.00994051553205555
21,reward_A,2,0.6620786212425641,0.15359999999999985,0.019085789821546628
21,reward_A,3,0.724932652381887,0.22131199999999973,0.027499442167878363
21,reward_A,4,0.7758832938139576,0.2836070399999998,0.03524000232650348
21,reward_A,5,0.8164960371310009,0.34091847679999965,0.04236131767243878
21,reward_A,6,0.8485997125380789,0.39364499865599967,0.04891292779069922
21,reward_A,7,0.8739191996383621,0.4421533987635198,0.05494040909949882
21,reward_A,8,0.8939251599518251,0.48678112686243813,0.06048569190359432
21,reward_A,9,0.9098050102965344,0.5278386367134431,0.06558735208336242
21,reward_A,10,0.9224888385234494,0.5656115457763676,0.07028087944874872
21,reward_A,11,0.9326934162065005,0.6003626221142582,0.07459892462490447
21,reward_A,12,0.9409669428117062,0.6323336123451175,0.07857152618696772
21,reward_A,13,0.9477278183017593,0.6617469233575081,0.08222631962406568
21,reward_A,14,0.9532958468453544,0.6888071694889074,0.08558872958619601
21,reward_A,15,0.957916394072673,0.7137025959297948,0.08868214675135588
21,reward_A,16,0.9617787021239301,0.7366063882554112,0.09152809054330269
21,reward_A,17,0.96502962722601,0.7576778771949784,0.09414635883189415
21,reward_A,18,0.9677838973763402,0.77706364701938,0.09655516565739808
21,reward_A,19,0.9701317671796272,0.7948985552578296,0.09877126793686186
21,reward_A,20,0.9721447415883979,0.8113066708372032,0.10081008203396835
21,reward_A,21,0.9738798713476794,0.8264021371702269,0.10268579100330644
21,reward_A,22,0.9753829918725063,0.8402899661966088,0.10441144325509744
21,reward_A,23,0.9766911787611514,0.8530667689008801,0.10599904332674503
21,reward_A,24,0.9778346203607805,0.8648214273888097,0.10745963539266101
21,reward_A,25,0.9788380545225348,0.875635713197705,0.1088033800933037
21,reward_A,26,0.9797218778426044,0.8855848561418885,0.11003962521789501
21,reward_A,27,0.9805030073958415,0.8947380676505374,0.11117697073251864
21,reward_A,28,0.9811955543360498,0.9031590222384944,0.11222332860597284
21,reward_A,29,0.9818113536477499,0.9109063004594149,0.11318597784955053
21,reward_A,30,0.9823603832571713,0.9180337964226617,0.11407161515364206
21,reward_A,31,0.9828510975424507,0.9245910927088488,0.11488640147340623
21,reward_A,32,0.9832906942309929,0.9306238052921408,0.11563600488758918
21,reward_A,33,0.983685329164386,0.9361739008687695,0.11632564002863754
21,reward_A,34,0.9840402900361036,0.941279988799268,0.11696010435840198
21,reward_A,35,0.9843601376662504,0.9459775896953265,0.1175438115417855
21,reward_A,36,0.9846488214542142,0.9502993825197005,0.1180808221504982
21,reward_A,37,0.9849097741863007,0.9542754319181244,0.11857487191051375
21,reward_A,38,0.9851459902554017,0.9579333973646744,0.11902939768972809
21,reward_A,39,0.985360090488268,0.9612987255755004,0.1194475614066054
21,reward_A,40,0.9855543761098657,0.9643948275294605,0.11983227202613234
21,reward_B,0,0.5,0.0,0.0
21,reward_B,1,0.4127484351207731,0.009477000630119692,0.07999999999999985
21,reward_B,2,0.3369265545435642,0.018195841209829755,0.15359999999999996
21,reward_B,3,0.2737907382000572,0.02621717454316319,0.22131199999999973
21,reward_B,4,0.22269127703315628,0.033596801209829774,0.2836070399999998
21,reward_B,5,0.18202881735492288,0.04038605774316306,0.34091847679999976
21,reward_B,6,0.1499409682554274,0.046632173753829775,0.3936449986559998
21,reward_B,7,0.12467618987646437,0.05237860048364307,0.4421533987635198
21,reward_B,8,0.10474506564071842,0.05766531307507128,0.48678112686243824
21,reward_B,9,0.08894802481121299,0.06252908865918527,0.5278386367134431
21,reward_B,10,0.07634762083848878,0.06700376219657023,0.5656115457763676
21,reward_B,11,0.06622293913636336,0.07112046185096443,0.6003626221142582
21,reward_B,12,0.058023679951301865,0.0749078255330069,0.6323336123451175
21,reward_B,13,0.05133058487775666,0.07839220012048598,0.6617469233575081
21,reward_B,14,0.04582371342081095,0.08159782474096677,0.6888071694889075
21,reward_B,15,0.04125796014313189,0.08454699939180932,0.7137025959297949
21,reward_B,16,0.03744454142062539,0.0872602400705843,0.7366063882554112
21,reward_B,17,0.03423714063769802,0.08975642149505725,0.7576778771949784
21,reward_B,18,0.031521583572189454,0.09205290840557234,0.7770636470193801
21,reward_B,19,0.029208147286049573,0.09416567636324624,0.7948985552578297
21,reward_B,20,0.02722581844835794,0.09610942288430613,0.8113066708372032
21,reward_B,21,0.025517990670811144,0.09789766968368141,0.826402137170227
21,reward_B,22,0.024039224473485277,0.09954285673910679,0.8402899661966088
21,reward_B,23,0.02275279387168079,0.1010564288300978,0.8530667689008802
21,reward_B,24,0.021628817500726417,0.10244891515380972,0.8648214273888097
21,reward_B,25,0.02064282617315126,0.10373000257162479,0.875635713197705
21,reward_B,26,0.019774658026728346,0.10490860299601434,0.8855848561418885
21,reward_B,27,0.019007600966446266,0.10599291538645295,0.8947380676505374
21,reward_B,28,0.018327722886615366,0.10699048278565648,0.9031590222384944
21,reward_B,29,0.01772334533599912,0.1079082447929236,0.9109063004594149
21,reward_B,30,0.01718462741482859,0.10875258583960945,0.9180337964226617
21,reward_B,31,0.01670323488617221,0.10952937960256037,0.9245910927088488
21,reward_B,32,0.01627207554836461,0.11024402986447535,0.9306238052921408
21,reward_B,33,0.015885086427056213,0.11090150810543697,0.9361739008687696
21,reward_B,34,0.015537061720521534,0.11150638808712177,0.941279988799268
21,reward_B,35,0.015223512970445946,0.11206287767027179,0.9459775896953265
21,reward_B,36,0.01494055485034211,0.11257484808676987,0.9502993825197005
21,reward_B,37,0.014684811423747187,0.11304586086994783,0.9542754319181244
21,reward_B,38,0.014453338840613223,0.11347919263047168,0.9579333973646744
21,reward_B,39,0.014243561298303242,0.1138778578501537,0.9612987255755004
21,reward_B,40,0.014053217756540731,0.11424462985226103,0.9643948275294605
21,no_reward,0,0.5,0.0,0.0
21,no_reward,1,0.5,0.0,0.0
21,no_reward,2,0.5,0.0,0.0
21,no_reward,3,0.5,0.0,0.0
21,no_reward,4,0.5,0.0,0.0
21,no_reward,5,0.5,0.0,0.0
21,no_reward,6,0.5,0.0,0.0
21,no_reward,7,0.5,0.0,0.0
21,no_reward,8,0.5,0.0,0.0
21,no_reward,9,0.5,0.0,0.0
21,no_reward,10,0.5,0.0,0.0
21,no_reward,11,0.5,0.0,0.0
21,no_reward,12,0.5,0.0,0.0
21,no_reward,13,0.5,0.0,0.0
21,no_reward,14,0.5,0.0,0.0
21,no_reward,15,0.5,0.0,0.0
21,no_reward,16,0.5,0.0,0.0
21,no_reward,17,0.5,0.0,0.0
21,no_reward,18,0.5,0.0,0.0
21,no_reward,19,0.5,0.0,0.0
21,no_reward,20,0.5,0.0,0.0
21,no_reward,21,0.5,0.0,0.0
21,no_reward,22,0.5,0.0,0.0
21,no_reward,23,0.5,0.0,0.0
21,no_reward,24,0.5,0.0,0.0
21,no_reward,25,0.5,0.0,0.0
21,no_reward,26,0.5,0.0,0.0
21,no_reward,27,0.5,0.0,0.0
21,no_reward,28,0.5,0.0,0.0
21,no_reward,29,0.5,0.0,0.0
21,no_reward,30,0.5,0.0,0.0
21,no_reward,31,0.5,0.0,0.0
21,no_reward,32,0.5,0.0,0.0
21,no_reward,33,0.5,0.0,0.0
21,no_reward,34,0.5,0.0,0.0
21,no_reward,35,0.5,0.0,0.0
21,no_reward,36,0.5,0.0,0.0
21,no_reward,37,0.5,0.0,0.0
21,no_reward,38,0.5,0.0,0.0
21,no_reward,39,0.5,0.0,0.0
21,no_reward,40,0.5,0.0,0.0
21,frozen,0,0.5,0.0,0.0
21,frozen,1,0.5,0.0,0.0
21,frozen,2,0.5,0.0,0.0
21,frozen,3,0.5,0.0,0.0
21,frozen,4,0.5,0.0,0.0
21,frozen,5,0.5,0.0,0.0
21,frozen,6,0.5,0.0,0.0
21,frozen,7,0.5,0.0,0.0
21,frozen,8,0.5,0.0,0.0
21,frozen,9,0.5,0.0,0.0
21,frozen,10,0.5,0.0,0.0
21,frozen,11,0.5,0.0,0.0
21,frozen,12,0.5,0.0,0.0
21,frozen,13,0.5,0.0,0.0
21,frozen,14,0.5,0.0,0.0
21,frozen,15,0.5,0.0,0.0
21,frozen,16,0.5,0.0,0.0
21,frozen,17,0.5,0.0,0.0
21,frozen,18,0.5,0.0,0.0
21,frozen,19,0.5,0.0,0.0
21,frozen,20,0.5,0.0,0.0
21,frozen,21,0.5,0.0,0.0
21,frozen,22,0.5,0.0,0.0
21,frozen,23,0.5,0.0,0.0
21,frozen,24,0.5,0.0,0.0
21,frozen,25,0.5,0.0,0.0
21,frozen,26,0.5,0.0,0.0
21,frozen,27,0.5,0.0,0.0
21,frozen,28,0.5,0.0,0.0
21,frozen,29,0.5,0.0,0.0
21,frozen,30,0.5,0.0,0.0
21,frozen,31,0.5,0.0,0.0
21,frozen,32,0.5,0.0,0.0
21,frozen,33,0.5,0.0,0.0
21,frozen,34,0.5,0.0,0.0
21,frozen,35,0.5,0.0,0.0
21,frozen,36,0.5,0.0,0.0
21,frozen,37,0.5,0.0,0.0
21,frozen,38,0.5,0.0,0.0
21,frozen,39,0.5,0.0,0.0
21,frozen,40,0.5,0.0,0.0
21,nonselective_reward,0,0.5,0.0,0.0
21,nonselective_reward,1,0.499721891087519,0.04454896030245736,0.044771447455386415
21,nonselective_reward,2,0.4994767104073684,0.08695932370510373,0.0873779555320554
21,nonselective_reward,3,0.49926143147234725,0.1273445945413686,0.12793544979322669
21,nonselective_reward,4,0.4990732828188531,0.1658115448714803,0.1665529194653267
21,nonselective_reward,5,0.4989097273234148,0.20246065563402516,0.2033328751576985
21,nonselective_reward,6,0.49876844316174507,0.23738652667756777,0.23837177414065036
21,nonselective_reward,7,0.4986473062826413,0.27067825797348644,0.27176041558752606
21,nonselective_reward,8,0.49854437427850157,0.30241980413630754,0.30358430800338654
21,nonselective_reward,9,0.4984578715430815,0.33269030421644596,0.33392401089392676
21,nonselective_reward,10,0.4983861756154017,0.36156438858132434,0.3628554525723283
21,nonselective_reward,11,0.49832780461643367,0.38911246456337834,0.39045022585784384
21,nonselective_reward,12,0.4982814056923729,0.4154009824265662,0.4167758632870875
21,nonselective_reward,13,0.4982457443849738,0.44049268308588185,0.44189609333641855
21,nonselective_reward,14,0.4982196948556,0.4644468289062448,0.4658710790406404
21,nonselective_reward,15,0.49820223089535853,0.48731941880731944,0.48875764028877944
21,nonselective_reward,16,0.4981924176589805,0.5091633888086569,0.5106094609812672
21,nonselective_reward,17,0.4981894040649918,0.5300287990644561,0.5314772821438191
21,nonselective_reward,18,0.49819241580923923,0.5499630083586649,0.5514090820110875
21,nonselective_reward,19,0.4982007489429895,0.5690108369585732,0.5704502440172681
21,nonselective_reward,20,0.49821376397067435,0.5872147186580396,0.5886437135607303
21,nonselective_reward,21,0.498230880425895,0.604614842779587,0.6060301443450085
21,nonselective_reward,22,0.4982515718875599,0.6212492868474317,0.6226480350387016
21,nonselective_reward,23,0.4982753614010498,0.6371541405906868,0.6385338569415955
21,nonselective_reward,24,0.49830181727207856,0.6523636218871869,0.6537221732933054
21,nonselective_reward,25,0.4983305492034735,0.6669101852132889,0.668245750813604
21,nonselective_reward,26,0.4983612047474584,0.6808246231233424,0.6821356640200515
21,nonselective_reward,27,0.49839346604818935,0.6941361612440164,0.6954213928283041
21,nonselective_reward,28,0.49842704685130407,0.7068725472330881,0.7081309139032927
21,nonselective_reward,29,0.4984616897590746,0.7190601341193923,0.7202907861950931
21,nonselective_reward,30,0.49849716371146385,0.7307239584102352,0.7319262310615436
21,nonselective_reward,31,0.4985332616749373,0.741887813324444,0.7430612073502987
21,nonselective_reward,32,0.4985697985223348,0.7525743174832358,0.753718481785856
21,nonselective_reward,33,0.49860660908842297,0.7628049793670413,0.7639196949819929
21,nonselective_reward,34,0.4986435463869744,0.7726002578241767,0.7736854233768267
21,nonselective_reward,35,0.49868047997634746,0.7819796188966923,0.7830352373662486
21,nonselective_reward,36,0.49871729446157226,0.7909615892096853,0.7919877558916133
21,nonselective_reward,37,0.4987538881219085,0.7995638061527601,0.8005606977191941
21,nonselective_reward,38,0.4987901716537092,0.8078030650660132,0.8087709296319134
21,nonselective_reward,39,0.49882606701925236,0.815695363627842,0.8166345117381193
21,nonselective_reward,40,0.49886150639292576,0.8232559436279033,0.8241667400876248
22,reward_A,0,0.5,0.0,0.0
22,reward_A,1,0.5805464546605178,0.08000000000000007,0.014996591683708482
22,reward_A,2,0.6511351712179924,0.15359999999999996,0.02879345603271999
22,reward_A,3,0.7107700973917583,0.22131199999999984,0.04148657123381061
22,reward_A,4,0.7599150832478265,0.2836070399999998,0.053164237218813915
22,reward_A,5,0.7998014578631681,0.34091847679999976,0.06390768992501694
22,reward_A,6,0.8319158659663829,0.3936449986559998,0.07379166641472379
22,reward_A,7,0.8577031106769586,0.4421533987635198,0.08288492478525422
22,reward_A,8,0.8784306436553024,0.48678112686243824,0.09125072248614208
22,reward_A,9,0.8951496580862796,0.5278386367134431,0.09894725637095902
22,reward_A,10,0.9087044112871148,0.5656115457763677,0.10602806754499061
22,reward_A,11,0.9197607689093714,0.6003626221142582,0.11254241382509955
22,reward_A,12,0.9288389666925299,0.6323336123451175,0.11853561240279997
22,reward_A,13,0.9363439104191735,0.6617469233575082,0.12404935509428416
22,reward_A,14,0.9425907010057523,0.6888071694889075,0.12912199837044958
22,reward_A,15,0.9478251184704723,0.7137025959297949,0.13378883018452203
22,reward_A,16,0.9522396238525918,0.7366063882554112,0.13808231545346827
22,reward_A,17,0.9559856748718814,0.7576778771949784,0.1420323219008991
22,reward_A,18,0.9591831322038552,0.7770636470193801,0.1456663278325354
22,reward_A,19,0.9619274217213803,0.7948985552578297,0.1490096132896409
22,reward_A,20,0.9642949877856145,0.8113066708372033,0.15208543591017776
22,reward_A,21,0.9663474534771083,0.826402137170227,0.15491519272107168
22,reward_A,22,0.9681348048586393,0.8402899661966089,0.15751856898709438
22,reward_A,23,0.9696978384730186,0.8530667689008802,0.15991367515183508
22,reward_A,24,0.9710700515645888,0.8648214273888097,0.16211717282339644
22,reward_A,25,0.97227910945352,0.875635713197705,0.164144390681233
22,reward_A,26,0.9733479907876879,0.8855848561418885,0.16600943111044253
22,reward_A,27,0.9742958862938484,0.8947380676505374,0.1677252683053153
22,reward_A,28,0.9751389079776783,0.9031590222384944,0.1693038385245984
22,reward_A,29,0.9758906518240261,0.9109063004594149,0.1707561231263388
22,reward_A,30,0.9765626466825831,0.9180337964226617,0.17209222495994003
22,reward_A,31,0.977164714269149,0.9245910927088488,0.173321438646853
22,reward_A,32,0.9777052593896635,0.9306238052921408,0.174452315238813
22,reward_A,33,0.9781915051038138,0.9361739008687696,0.17549272170341612
22,reward_A,34,0.9786296842201069,0.941279988799268,0.17644989565085112
22,reward_A,35,0.9790251959846191,0.9459775896953265,0.17733049568249126
22,reward_A,36,0.9793827348918427,0.9502993825197005,0.17814064771160032
22,reward_A,37,0.9797063970606966,0.9542754319181244,0.1788859875783806
22,reward_A,38,0.9799997684723869,0.9579333973646744,0.17957170025581826
22,reward_A,39,0.9802659984777989,0.9612987255755004,0.1802025559190611
22,reward_A,40,0.9805078612894594,0.9643948275294605,0.18078294312924448
22,reward_B,0,0.5,0.0,0.0
22,reward_B,1,0.41925655998975075,0.014834794335805812,0.07999999999999996
22,reward_B,2,0.34851207721852884,0.0284828051247471,0.15359999999999996
22,reward_B,3,0.2887700446261003,0.04103897505057308,0.22131199999999995
22,reward_B,4,0.23956206994947649,0.05259065138233299,0.2836070399999999
22,reward_B,5,0.19964710502604147,0.06321819360755232,0.34091847679999976
22,reward_B,6,0.1675282447810431,0.07299553245475388,0.3936449986559999
22,reward_B,7,0.14175205806867958,0.08199068419417932,0.4421533987635198
22,reward_B,8,0.12104466052237633,0.09026622379445093,0.48678112686243824
22,reward_B,9,0.10435042017410491,0.09787972022670044,0.5278386367134431
22,reward_B,10,0.09082219020138547,0.10488413694437049,0.5656115457763677
22,reward_B,11,0.07979232114009858,0.11132820032462643,0.6003626221142582
22,reward_B,12,0.07073954104387861,0.11725673863446207,0.6323336123451175
22,reward_B,13,0.06325839395320815,0.1227109938795109,0.6617469233575082
22,reward_B,14,0.05703353434804984,0.1277289087049559,0.6888071694889075
22,reward_B,15,0.0518191231782669,0.13234539034436532,0.7137025959297949
22,reward_B,16,0.04742274822450867,0.1365925534526219,0.7366063882554112
22,reward_B,17,0.04369305919068629,0.14049994351221784,0.7576778771949784
22,reward_B,18,0.04051033088567397,0.14409474236704622,0.7770636470193801
22,reward_B,19,0.03777928251218314,0.14740195731348837,0.7948985552578297
22,reward_B,20,0.03542361358850505,0.15044459506421515,0.8113066708372032
22,reward_B,21,0.033381837751531716,0.1532438217948836,0.826402137170227
22,reward_B,22,0.03160409550738326,0.15581911038709872,0.8402899661966089
22,reward_B,23,0.03004970555117686,0.1581883758919368,0.8530667689008802
22,reward_B,24,0.02868527442397197,0.16036810015638747,0.8648214273888097
22,reward_B,25,0.027483229612279017,0.16237344647968233,0.875635713197705
22,reward_B,26,0.026420675077402613,0.16421836509711363,0.8855848561418885
22,reward_B,27,0.025478493417844493,0.16591569022515018,0.8947380676505374
22,reward_B,28,0.02464063761151097,0.16747722934294407,0.9031590222384944
22,reward_B,29,0.023893569227438825,0.16891384533131437,0.9109063004594149
22,reward_B,30,0.023225810390671193,0.17023553204061492,0.9180337964226617
22,reward_B,31,0.022627584555923032,0.17145148381317166,0.9245910927088488
22,reward_B,32,0.022090526978796963,0.1725701594439235,0.9306238052921408
22,reward_B,33,0.021607450169504095,0.1735993410242156,0.9361739008687696
22,reward_B,34,0.021172152942091266,0.17454618807808409,0.941279988799268
22,reward_B,35,0.020779264203352556,0.17541728736764317,0.9459775896953265
22,reward_B,36,0.020424114559887435,0.1762186987140375,0.9502993825197005
22,reward_B,37,0.020102630307044612,0.17695599715272037,0.9542754319181244
22,reward_B,38,0.01981124550948336,0.1776343117163085,0.9579333973646744
22,reward_B,39,0.019546828771535057,0.17825836111480964,0.9612987255755004
22,reward_B,40,0.019306621987594395,0.17883248656143058,0.9643948275294605
22,no_reward,0,0.5,0.0,0.0
22,no_reward,1,0.5,0.0,0.0
22,no_reward,2,0.5,0.0,0.0
22,no_reward,3,0.5,0.0,0.0
22,no_reward,4,0.5,0.0,0.0
22,no_reward,5,0.5,0.0,0.0
22,no_reward,6,0.5,0.0,0.0
22,no_reward,7,0.5,0.0,0.0
22,no_reward,8,0.5,0.0,0.0
22,no_reward,9,0.5,0.0,0.0
22,no_reward,10,0.5,0.0,0.0
22,no_reward,11,0.5,0.0,0.0
22,no_reward,12,0.5,0.0,0.0
22,no_reward,13,0.5,0.0,0.0
22,no_reward,14,0.5,0.0,0.0
22,no_reward,15,0.5,0.0,0.0
22,no_reward,16,0.5,0.0,0.0
22,no_reward,17,0.5,0.0,0.0
22,no_reward,18,0.5,0.0,0.0
22,no_reward,19,0.5,0.0,0.0
22,no_reward,20,0.5,0.0,0.0
22,no_reward,21,0.5,0.0,0.0
22,no_reward,22,0.5,0.0,0.0
22,no_reward,23,0.5,0.0,0.0
22,no_reward,24,0.5,0.0,0.0
22,no_reward,25,0.5,0.0,0.0
22,no_reward,26,0.5,0.0,0.0
22,no_reward,27,0.5,0.0,0.0
22,no_reward,28,0.5,0.0,0.0
22,no_reward,29,0.5,0.0,0.0
22,no_reward,30,0.5,0.0,0.0
22,no_reward,31,0.5,0.0,0.0
22,no_reward,32,0.5,0.0,0.0
22,no_reward,33,0.5,0.0,0.0
22,no_reward,34,0.5,0.0,0.0
22,no_reward,35,0.5,0.0,0.0
22,no_reward,36,0.5,0.0,0.0
22,no_reward,37,0.5,0.0,0.0
22,no_reward,38,0.5,0.0,0.0
22,no_reward,39,0.5,0.0,0.0
22,no_reward,40,0.5,0.0,0.0
22,frozen,0,0.5,0.0,0.0
22,frozen,1,0.5,0.0,0.0
22,frozen,2,0.5,0.0,0.0
22,frozen,3,0.5,0.0,0.0
22,frozen,4,0.5,0.0,0.0
22,frozen,5,0.5,0.0,0.0
22,frozen,6,0.5,0.0,0.0
22,frozen,7,0.5,0.0,0.0
22,frozen,8,0.5,0.0,0.0
22,frozen,9,0.5,0.0,0.0
22,frozen,10,0.5,0.0,0.0
22,frozen,11,0.5,0.0,0.0
22,frozen,12,0.5,0.0,0.0
22,frozen,13,0.5,0.0,0.0
22,frozen,14,0.5,0.0,0.0
22,frozen,15,0.5,0.0,0.0
22,frozen,16,0.5,0.0,0.0
22,frozen,17,0.5,0.0,0.0
22,frozen,18,0.5,0.0,0.0
22,frozen,19,0.5,0.0,0.0
22,frozen,20,0.5,0.0,0.0
22,frozen,21,0.5,0.0,0.0
22,frozen,22,0.5,0.0,0.0
22,frozen,23,0.5,0.0,0.0
22,frozen,24,0.5,0.0,0.0
22,frozen,25,0.5,0.0,0.0
22,frozen,26,0.5,0.0,0.0
22,frozen,27,0.5,0.0,0.0
22,frozen,28,0.5,0.0,0.0
22,frozen,29,0.5,0.0,0.0
22,frozen,30,0.5,0.0,0.0
22,frozen,31,0.5,0.0,0.0
22,frozen,32,0.5,0.0,0.0
22,frozen,33,0.5,0.0,0.0
22,frozen,34,0.5,0.0,0.0
22,frozen,35,0.5,0.0,0.0
22,frozen,36,0.5,0.0,0.0
22,frozen,37,0.5,0.0,0.0
22,frozen,38,0.5,0.0,0.0
22,frozen,39,0.5,0.0,0.0
22,frozen,40,0.5,0.0,0.0
22,nonselective_reward,0,0.5,0.0,0.0
22,nonselective_reward,1,0.4999029215924784,0.04712070128118673,0.047198364008179894
22,nonselective_reward,2,0.4998173372742381,0.09179831153068096,0.09194444171779148
22,nonselective_reward,3,0.49974219058580005,0.13417432220741743,0.13438056975705526
22,nonselective_reward,4,0.4996765141049151,0.17438113371506803,0.17463992246724325
22,nonselective_reward,5,0.4996194222184761,0.21254268806577026,0.21284715034978696
22,nonselective_reward,6,0.4995701044707308,0.24877505514601905,0.24911897165418018
22,nonselective_reward,7,0.49952781944231117,0.2831869760941921,0.28356472065263627
22,nonselective_reward,8,0.4994918891181544,0.31588036702916333,0.31628685587456773
22,nonselective_reward,9,0.49946169370566673,0.34695078612040287,0.34738143132225574
22,nonselective_reward,10,0.49943666686751254,0.37648786676023605,0.37693853345691475
22,nonselective_reward,11,0.4994162913362164,0.4045757193870394,0.4050426865302038
22,nonselective_reward,12,0.4994000948803319,0.431293304312669,0.4317732286386944
22,nonselective_reward,13,0.49938764659431495,0.45671477772710656,0.45720466069658094
22,nonselective_reward,14,0.49937855348643434,0.48090981288695,0.48140697035380275
22,nonselective_reward,15,0.49937245734107366,0.5039438983409159,0.5044459327316652
22,nonselective_reward,16,0.49936903183363546,0.5258786149039187,0.526383389704959
22,nonselective_reward,17,0.4993679798779841,0.5467718929606649,0.5472775093275686
22,nonselective_reward,18,0.49936903118794596,0.5666782515591535,0.5671830268767462
22,nonselective_reward,19,0.49937194003583396,0.5856490206432565,0.58615146887885
22,nonselective_reward,20,0.4993764831923253,0.6037325476709122,0.6042313613756193
22,nonselective_reward,21,0.49938245803324327,0.6209743897697564,0.6214684235943669
22,nonselective_reward,22,0.49938968079994234,0.6374174924946012,0.637905748097141
22,nonselective_reward,23,0.49939798500105154,0.6531023561705065,0.6535839684023945
22,nonselective_reward,24,0.4994072199442882,0.6680671907307216,0.6685414149974735
22,nonselective_reward,25,0.49941724938795734,0.6823480598900564,0.6828142605907852
22,nonselective_reward,26,0.49942795030256976,0.6959790154307945,0.6964366553884168
22,nonselective_reward,27,0.49943921173376754,0.708992222319694,0.7094408531207961
22,nonselective_reward,28,0.4994509337584471,0.7214180753205568,0.7218573284903635
22,nonselective_reward,29,0.49946302652661123,0.733285307716923,0.7337148866607874
22,nonselective_reward,30,0.49947540938207013,0.7446210927133541,0.7450407653616873
22,nonselective_reward,31,0.49948801005566523,0.7554511380412074,0.7558607301398325
22,nonselective_reward,32,0.4995007639251826,0.7657997742554938,0.7661991632480709
22,nonselective_reward,33,0.49951361333659083,0.7756900371731116,0.7760791466265755
22,nonselective_reward,34,0.4995265069816638,0.7851437448692181,0.7855225393971192
22,nonselective_reward,35,0.4995393993274422,0.7941815696175308,0.7945500502598095
22,nonselective_reward,36,0.49955225009334336,0.8028231051317334,0.803181305152808
22,nonselective_reward,37,0.499565023772074,0.8110869294387338,0.8114349105088606
22,nonselective_reward,38,0.49957768919079193,0.8189906636900922,0.8193285124177975
22,nonselective_reward,39,0.4995902191092595,0.82655102719537,0.8268788519813604
22,nonselective_reward,40,0.49960258985198086,0.8337838889402907,0.8341018171256552
23,reward_A,0,0.5,0.0,0.0
23,reward_A,1,0.5946962439553455,0.07999999999999974,0.0033172080165859708
23,reward_A,2,0.6761544459202165,0.15359999999999963,0.006369039391845077
23,reward_A,3,0.7428197809347584,0.22131199999999962,0.009176724257083602
23,reward_A,4,0.7956355367674843,0.2836070399999997,0.011759794333102813
23,reward_A,5,0.8367047420234328,0.34091847679999976,0.014136218803040723
23,reward_A,6,0.8683687897522263,0.39364499865599967,0.01632252931538347
23,reward_A,7,0.8927455275759699,0.4421533987635198,0.018333934986738742
23,reward_A,8,0.9115721268123296,0.48678112686243813,0.020184428204385485
23,reward_A,9,0.9262018668031189,0.5278386367134431,0.021886881964620963
23,reward_A,10,0.937660461557869,0.5656115457763676,0.023453139424037373
23,reward_A,11,0.9467149695958016,0.6003626221142582,0.02489409628670025
23,reward_A,12,0.953936190240374,0.6323336123451175,0.026219776600350242
23,reward_A,13,0.9597490255225142,0.6617469233575081,0.027439402488908304
23,reward_A,14,0.9644709333792842,0.6888071694889074,0.02856145830638157
23,reward_A,15,0.9683404604909437,0.7137025959297949,0.02959374965845718
23,reward_A,16,0.9715381143184103,0.7366063882554112,0.03054345770236666
23,reward_A,17,0.9742015409683512,0.7576778771949784,0.031417189102763365
23,reward_A,18,0.9764365531427378,0.77706364701938,0.03222102199112831
23,reward_A,19,0.9783251618383728,0.7948985552578296,0.03296054824842398
23,reward_A,20,0.9799314516713006,0.8113066708372032,0.033640912405136114
23,reward_A,21,0.9813059032861421,0.8264021371702269,0.0342668474293113
23,reward_A,22,0.9824885939700094,0.8402899661966088,0.03484270765155251
23,reward_A,23,0.9835115841112851,0.8530667689008802,0.03537249905601425
23,reward_A,24,0.9844007094139328,0.8648214273888097,0.03585990714811915
23,reward_A,25,0.985176936637638,0.875635713197705,0.03630832259285566
23,reward_A,26,0.9858573966035599,0.8855848561418885,0.0367208648020132
23,reward_A,27,0.9864561769270404,0.8947380676505374,0.037100403634438006
23,reward_A,28,0.9869849346296609,0.9031590222384944,0.03744957936026927
23,reward_A,29,0.9874533727921756,0.9109063004594149,0.03777082102803353
23,reward_A,30,0.9878696138834834,0.9180337964226617,0.0380663633623769
23,reward_A,31,0.9882404940426828,0.9245910927088488,0.03833826230997295
23,reward_A,32,0.9885717964928128,0.9306238052921408,0.03858840934176122
23,reward_A,33,0.988868437787034,0.9361739008687696,0.03881854461100609
23,reward_A,34,0.989134617279198,0.941279988799268,0.03903026905871165
23,reward_A,35,0.9893739377503185,0.9459775896953265,0.03922505555060085
23,reward_A,36,0.989589503281447,0.9502993825197005,0.03940425912313872
23,reward_A,37,0.9897839990774768,0.9542754319181244,0.039569126409873756
23,reward_A,38,0.9899597568966844,0.9579333973646744,0.03972080431366998
23,reward_A,39,0.9901188089411617,0.9612987255755004,0.03986034798516236
23,reward_A,40,0.9902629324505845,0.9643948275294605,0.039988728162935305
23,reward_B,0,0.5,0.0,0.0
23,reward_B,1,0.4053259815436113,0.0033356497567754717,0.07999999999999974
23,reward_B,2,0.32388432182322935,0.00640444753300895,0.15359999999999985
23,reward_B,3,0.2572289533728739,0.00922774148714367,0.22131199999999984
23,reward_B,4,0.20441762023014373,0.011825171924947697,0.2836070399999997
23,reward_B,5,0.16334895320790968,0.014214807927727335,0.34091847679999965
23,reward_B,6,0.13168308097295786,0.016413273050284838,0.3936449986559998
23,reward_B,7,0.10730327973758601,0.01843586096303751,0.4421533987635198
23,reward_B,8,0.08847311043317627,0.020296641842769914,0.48678112686243824
23,reward_B,9,0.0738397287337343,0.022008560252124054,0.527838636713443
23,reward_B,10,0.06237765672120914,0.023583525188729526,0.5656115457763675
23,reward_B,11,0.05331994879946992,0.02503249293040677,0.6003626221142582
23,reward_B,12,0.04609584670139435,0.026365543252749757,0.6323336123451175
23,reward_B,13,0.04028044991259297,0.027591949549305328,0.6617469233575081
23,reward_B,14,0.035556281892302206,0.028720243342136298,0.6888071694889074
23,reward_B,15,0.031684768459982346,0.02975827363154082,0.7137025959297948
23,reward_B,16,0.02848537199147955,0.0307132614977933,0.7366063882554112
23,reward_B,17,0.025820416838603193,0.03159185033474532,0.7576778771949784
23,reward_B,18,0.02358406296569962,0.03240015206474123,0.7770636470193801
23,reward_B,19,0.021694274884824182,0.03314378965633746,0.7948985552578296
23,reward_B,20,0.02008694645261433,0.03382793624060598,0.8113066708372032
23,reward_B,21,0.018711578321199664,0.03445735109813308,0.826402137170227
23,reward_B,22,0.01752807706601318,0.035036412767057934,0.8402899661966088
23,reward_B,23,0.01650436842853832,0.03556914950246881,0.8530667689008802
23,reward_B,24,0.015614604804543523,0.03605926729904685,0.8648214273888097
23,reward_B,25,0.014837809227624888,0.036510175671898626,0.875635713197705
23,reward_B,26,0.014156842116620048,0.03692501137492221,0.8855848561418885
23,reward_B,27,0.013557608327535635,0.037306660221703924,0.8947380676505374
23,reward_B,28,0.013028444356336842,0.037657777160743255,0.9031590222384944
23,reward_B,29,0.01255964152831105,0.03798080474465926,0.9109063004594149
23,reward_B,30,0.012143072535547013,0.03827799012186206,0.9180337964226617
23,reward_B,31,0.011771897042170576,0.038551400668888514,0.9245910927088488
23,reward_B,32,0.01144032817564576,0.03880293837215287,0.9306238052921408
23,reward_B,33,0.01114344620063097,0.039034353059156146,0.9361739008687695
23,reward_B,34,0.010877048981051728,0.039247254571199375,0.941279988799268
23,reward_B,35,0.010637531296832781,0.03944312396227878,0.9459775896953265
23,reward_B,36,0.010421786923059007,0.03962332380207201,0.9502993825197005
23,reward_B,37,0.010227128765597952,0.03978910765468191,0.9542754319181244
23,reward_B,38,0.010051223397157085,0.03994162879908281,0.9579333973646744
23,reward_B,39,0.009892037137625799,0.0400819482519319,0.9612987255755004
23,reward_B,40,0.009747791435408939,0.040211042148552534,0.9643948275294605
23,no_reward,0,0.5,0.0,0.0
23,no_reward,1,0.5,0.0,0.0
23,no_reward,2,0.5,0.0,0.0
23,no_reward,3,0.5,0.0,0.0
23,no_reward,4,0.5,0.0,0.0
23,no_reward,5,0.5,0.0,0.0
23,no_reward,6,0.5,0.0,0.0
23,no_reward,7,0.5,0.0,0.0
23,no_reward,8,0.5,0.0,0.0
23,no_reward,9,0.5,0.0,0.0
23,no_reward,10,0.5,0.0,0.0
23,no_reward,11,0.5,0.0,0.0
23,no_reward,12,0.5,0.0,0.0
23,no_reward,13,0.5,0.0,0.0
23,no_reward,14,0.5,0.0,0.0
23,no_reward,15,0.5,0.0,0.0
23,no_reward,16,0.5,0.0,0.0
23,no_reward,17,0.5,0.0,0.0
23,no_reward,18,0.5,0.0,0.0
23,no_reward,19,0.5,0.0,0.0
23,no_reward,20,0.5,0.0,0.0
23,no_reward,21,0.5,0.0,0.0
23,no_reward,22,0.5,0.0,0.0
23,no_reward,23,0.5,0.0,0.0
23,no_reward,24,0.5,0.0,0.0
23,no_reward,25,0.5,0.0,0.0
23,no_reward,26,0.5,0.0,0.0
23,no_reward,27,0.5,0.0,0.0
23,no_reward,28,0.5,0.0,0.0
23,no_reward,29,0.5,0.0,0.0
23,no_reward,30,0.5,0.0,0.0
23,no_reward,31,0.5,0.0,0.0
23,no_reward,32,0.5,0.0,0.0
23,no_reward,33,0.5,0.0,0.0
23,no_reward,34,0.5,0.0,0.0
23,no_reward,35,0.5,0.0,0.0
23,no_reward,36,0.5,0.0,0.0
23,no_reward,37,0.5,0.0,0.0
23,no_reward,38,0.5,0.0,0.0
23,no_reward,39,0.5,0.0,0.0
23,no_reward,40,0.5,0.0,0.0
23,frozen,0,0.5,0.0,0.0
23,frozen,1,0.5,0.0,0.0
23,frozen,2,0.5,0.0,0.0
23,frozen,3,0.5,0.0,0.0
23,frozen,4,0.5,0.0,0.0
23,frozen,5,0.5,0.0,0.0
23,frozen,6,0.5,0.0,0.0
23,frozen,7,0.5,0.0,0.0
23,frozen,8,0.5,0.0,0.0
23,frozen,9,0.5,0.0,0.0
23,frozen,10,0.5,0.0,0.0
23,frozen,11,0.5,0.0,0.0
23,frozen,12,0.5,0.0,0.0
23,frozen,13,0.5,0.0,0.0
23,frozen,14,0.5,0.0,0.0
23,frozen,15,0.5,0.0,0.0
23,frozen,16,0.5,0.0,0.0
23,frozen,17,0.5,0.0,0.0
23,frozen,18,0.5,0.0,0.0
23,frozen,19,0.5,0.0,0.0
23,frozen,20,0.5,0.0,0.0
23,frozen,21,0.5,0.0,0.0
23,frozen,22,0.5,0.0,0.0
23,frozen,23,0.5,0.0,0.0
23,frozen,24,0.5,0.0,0.0
23,frozen,25,0.5,0.0,0.0
23,frozen,26,0.5,0.0,0.0
23,frozen,27,0.5,0.0,0.0
23,frozen,28,0.5,0.0,0.0
23,frozen,29,0.5,0.0,0.0
23,frozen,30,0.5,0.0,0.0
23,frozen,31,0.5,0.0,0.0
23,frozen,32,0.5,0.0,0.0
23,frozen,33,0.5,0.0,0.0
23,frozen,34,0.5,0.0,0.0
23,frozen,35,0.5,0.0,0.0
23,frozen,36,0.5,0.0,0.0
23,frozen,37,0.5,0.0,0.0
23,frozen,38,0.5,0.0,0.0
23,frozen,39,0.5,0.0,0.0
23,frozen,40,0.5,0.0,0.0
23,nonselective_reward,0,0.5,0.0,0.0
23,nonselective_reward,1,0.500011065044112,0.041601111883252107,0.04159225984796111
23,nonselective_reward,2,0.5000208199869923,0.08141265211952742,0.08139599612992399
23,nonselective_reward,3,0.5000293852446442,0.1195160449049616,0.11949253670921911
23,nonselective_reward,4,0.5000368710842976,0.15598868590755377,0.15595918904006223
23,nonselective_reward,5,0.500043378448396,0.1909041638986172,0.1908694611398134
23,nonselective_reward,6,0.500048999712853,0.22433246877653246,0.22429326900612456
23,nonselective_reward,7,0.5000538193847752,0.25634018689891624,0.2562971313909298
23,nonselective_reward,8,0.5000579147444356,0.2869906845735267,0.2869443527777711
23,nonselective_reward,9,0.5000613564359175,0.31634428049734864,0.31629519534836825
23,nonselective_reward,10,0.5000642090104864,0.34445840787696713,0.34440704066829564
23,nonselective_reward,11,0.5000665314264422,0.37138776691119935,0.37133454176973146
23,nonselective_reward,12,0.5000683775088924,0.39718446826867604,0.3971297662612211
23,nonselective_reward,13,0.5000697963726286,0.4218981681483941,0.4218423310499285
23,nonselective_reward,14,0.5000708328110325,0.44557619546986305,0.44551952922065796
23,nonselective_reward,15,0.5000715276537074,0.4682636717011567,0.46820644957780033
23,nonselective_reward,16,0.5000719180953171,0.4900036237976716,0.4899460893210211
23,nonselective_reward,17,0.5000720379979212,0.5108370906915044,0.5107794602927687
23,nonselective_reward,18,0.5000719181689132,0.5308032237408777,0.5307456892053505
23,nonselective_reward,19,0.5000715866165011,0.5499393815207968,0.5498821122272046
23,nonselective_reward,20,0.5000710687845203,0.568281219309922,0.5682243642819229
23,nonselective_reward,21,0.500070387768219,0.5858627736043657,0.5858064633894184
23,nonselective_reward,22,0.5000695645125424,0.6027165419665913,0.6026608903561983
23,nonselective_reward,23,0.500068617994299,0.618873558496706,0.6188186641009221
23,nonselective_reward,24,0.5000675653895067,0.634363465194048,0.6343094128821136
23,nonselective_reward,25,0.5000664222270936,0.649214579458979,0.6491614416769915
23,nonselective_reward,26,0.5000652025300505,0.6634539579680936,0.6634017959437575
23,nonselective_reward,27,0.5000639189450347,0.6771074571405458,0.6770563219842395
23,nonselective_reward,28,0.5000625828613516,0.6901997903987915,0.6901497241094487
23,nonselective_reward,29,0.5000612045201666,0.7027545824136684,0.7027056187972907
23,nonselective_reward,30,0.5000597931147255,0.7147944205112932,0.7147465860192848
23,nonselective_reward,31,0.5000583568823139,0.7263409034077098,0.7262942179016467
23,nonselective_reward,32,0.5000569031886131,0.7374146874264673,0.7373691648753803
23,nonselective_reward,33,0.5000554386050644,0.7480355303443176,0.7479911794600843
23,nonselective_reward,34,0.5000539689798086,0.7582223330009248,0.7581791578169103
23,nonselective_reward,35,0.5000524995027181,0.76799317879983,0.7679511791975011
23,nonselective_reward,36,0.5000510347649948,0.7773653712198538,0.7773245434077162
23,nonselective_reward,37,0.5000495788137777,0.7863554694486306,0.7863158063974784
23,nonselective_reward,38,0.5000481352021621,0.7949793222429749,0.7949408140811263
23,nonselective_reward,39,0.5000467070350018,0.8032521001142777,0.8032147344861676
23,nonselective_reward,40,0.5000452970108393,0.8111883259310644,0.8111520883222938
24,reward_A,0,0.5,0.0,0.0
24,reward_A,1,0.5845627417113405,0.07999999999999996,0.0116934964584674
24,reward_A,2,0.6583033378136903,0.15360000000000007,0.022451513200257622
24,reward_A,3,0.720071350389459,0.22131199999999984,0.03234888860270424
24,reward_A,4,0.770433895218421,0.2836070399999999,0.04145447397295543
24,reward_A,5,0.8108333727108663,0.34091847679999987,0.049831612513586365
24,reward_A,6,0.8429749761994125,0.3936449986559999,0.0575385799709669
24,reward_A,7,0.8684841596714195,0.4421533987635198,0.06462899003175715
24,reward_A,8,0.8887607508258686,0.48678112686243824,0.07115216728768392
24,reward_A,9,0.9049456223343428,0.5278386367134431,0.07715349036313668
24,reward_A,10,0.9179402145983726,0.5656115457763677,0.08267470759255335
24,reward_A,11,0.9284448149390085,0.6003626221142583,0.08775422744361672
24,reward_A,12,0.9369989715154649,0.6323336123451176,0.09242738570659481
24,reward_A,13,0.9440172673623407,0.6617469233575082,0.09672669130853451
24,reward_A,14,0.9498185526346572,0.6888071694889075,0.1006820524623192
24,reward_A,15,0.9546488506089345,0.7137025959297949,0.10432098472380136
24,reward_A,16,0.9586989004179244,0.7366063882554112,0.1076688024043645
24,reward_A,17,0.9621174304608732,0.7576778771949784,0.11074879467048271
24,reward_A,18,0.9650211456875544,0.7770636470193801,0.11358238755531169
24,reward_A,19,0.9675022316673033,0.7948985552578297,0.11618929300935432
24,reward_A,20,0.9696340001414424,0.8113066708372033,0.1185876460270735
24,reward_A,21,0.9714751494328804,0.826402137170227,0.12079413080337498
24,reward_A,22,0.9730729932561991,0.8402899661966089,0.12282409679757256
24,reward_A,23,0.9744659200213552,0.8530667689008802,0.12469166551223398
24,reward_A,24,0.9756852763504661,0.8648214273888097,0.12640982872972284
24,reward_A,25,0.9767568179785003,0.875635713197705,0.1279905388898125
24,reward_A,26,0.9777018340461003,0.8855848561418885,0.12944479223709482
24,reward_A,27,0.9785380235244995,0.8947380676505374,0.13078270531659486
24,reward_A,28,0.9792801824949798,0.9031590222384944,0.13201358534973473
24,reward_A,29,0.9799407462797609,0.9109063004594149,0.1331459949802235
24,reward_A,30,0.9805302195537748,0.9180337964226617,0.13418781184027295
24,reward_A,31,0.9810575195147674,0.9245910927088488,0.13514628335151857
24,reward_A,32,0.9815302511963658,0.9306238052921408,0.1360280771418646
24,reward_A,33,0.9819549295270008,0.9361739008687696,0.13683932742898297
24,reward_A,34,0.9823371593689524,0.941279988799268,0.1375856776931318
24,reward_A,35,0.9826817822267562,0.9459775896953265,0.13827231993614864
24,reward_A,36,0.9829929963813786,0.9502993825197005,0.13890403079972435
24,reward_A,37,0.9832744557310191,0.9542754319181244,0.1394852047942139
24,reward_A,38,0.9835293514871055,0.9579333973646744,0.14001988486914418
24,reward_A,39,0.9837604800007289,0.9612987255755006,0.14051179053808016
24,reward_A,40,0.9839702993177762,0.9643948275294605,0.1409643437535012
24,reward_B,0,0.5,0.0,0.0
24,reward_B,1,0.4160278047839977,0.01217974513749176,0.07999999999999996
24,reward_B,2,0.34274745408525314,0.023385110663983855,0.15359999999999996
24,reward_B,3,0.28128636254423034,0.03369404694835687,0.22131199999999973
24,reward_B,4,0.23109405559132332,0.04317826832997995,0.2836070399999998
24,reward_B,5,0.19076089815838715,0.05190375200107311,0.34091847679999976
24,reward_B,6,0.1586150604419945,0.05993119697847893,0.3936449986559998
24,reward_B,7,0.13305825282972022,0.0673164463576923,0.4421533987635198
24,reward_B,8,0.11271024701608863,0.0741108757865685,0.48678112686243824
24,reward_B,9,0.0964432271368142,0.08036175086113462,0.5278386367134431
24,reward_B,10,0.08336391870695312,0.08611255592973555,0.5656115457763675
24,reward_B,11,0.07277683121516189,0.09140329659284818,0.6003626221142582
24,reward_B,12,0.06414501395916596,0.09627077800291195,0.6323336123451175
24,reward_B,13,0.05705510379390591,0.10074886090017066,0.6617469233575082
24,reward_B,14,0.05118864034709275,0.10486869716564862,0.6888071694889074
24,reward_B,15,0.046299512008684186,0.10865894652988828,0.7137025959297949
24,reward_B,16,0.04219663342715399,0.11214597594498898,0.7366063882554112
24,reward_B,17,0.038730806498117144,0.11535404300688146,0.7576778771949784
24,reward_B,18,0.03578481284913186,0.11830546470382264,0.77706364701938
24,reward_B,19,0.033265955385993244,0.12102077266500844,0.7948985552578296
24,reward_B,20,0.031100437349273497,0.12351885598929924,0.8113066708372032
24,reward_B,21,0.029229113822681913,0.12581709264764707,0.826402137170227
24,reward_B,22,0.027604267348445847,0.12793147037332686,0.8402899661966088
24,reward_B,23,0.026187148772161044,0.12987669788095224,0.8530667689008801
24,reward_B,24,0.024946091563603924,0.1316663071879678,0.8648214273888097
24,reward_B,25,0.023855057626889643,0.133312747750422,0.875635713197705
24,reward_B,26,0.022892509290200525,0.13482747306788,0.8855848561418885
24,reward_B,27,0.022040529133990606,0.1362210203599411,0.8947380676505374
24,reward_B,28,0.021284129151108108,0.13750308386863752,0.9031590222384944
24,reward_B,29,0.020610705347604598,0.1386825822966382,0.9109063004594149
24,reward_B,30,0.02000960469535106,0.13976772085039857,0.9180337964226617
24,reward_B,31,0.019471779362390976,0.1407660483198584,0.9245910927088488
24,reward_B,32,0.018989509119588063,0.14168450959176127,0.9306238052921408
24,reward_B,33,0.018556177293994384,0.14252949396191206,0.9361739008687696
24,reward_B,34,0.018166089004175646,0.1433068795824507,0.941279988799268
24,reward_B,35,0.017814322957437415,0.14402207435334624,0.9459775896953265
24,reward_B,36,0.017496610023289207,0.1446800535425703,0.9502993825197005
24,reward_B,37,0.01720923327552244,0.14528539439665622,0.9542754319181244
24,reward_B,38,0.016948945330413787,0.14584230798241538,0.9579333973646744
24,reward_B,39,0.016712899684766042,0.14635466848131373,0.9612987255755004
24,reward_B,40,0.0164985934372028,0.14682604014030032,0.9643948275294605
24,no_reward,0,0.5,0.0,0.0
24,no_reward,1,0.5,0.0,0.0
24,no_reward,2,0.5,0.0,0.0
24,no_reward,3,0.5,0.0,0.0
24,no_reward,4,0.5,0.0,0.0
24,no_reward,5,0.5,0.0,0.0
24,no_reward,6,0.5,0.0,0.0
24,no_reward,7,0.5,0.0,0.0
24,no_reward,8,0.5,0.0,0.0
24,no_reward,9,0.5,0.0,0.0
24,no_reward,10,0.5,0.0,0.0
24,no_reward,11,0.5,0.0,0.0
24,no_reward,12,0.5,0.0,0.0
24,no_reward,13,0.5,0.0,0.0
24,no_reward,14,0.5,0.0,0.0
24,no_reward,15,0.5,0.0,0.0
24,no_reward,16,0.5,0.0,0.0
24,no_reward,17,0.5,0.0,0.0
24,no_reward,18,0.5,0.0,0.0
24,no_reward,19,0.5,0.0,0.0
24,no_reward,20,0.5,0.0,0.0
24,no_reward,21,0.5,0.0,0.0
24,no_reward,22,0.5,0.0,0.0
24,no_reward,23,0.5,0.0,0.0
24,no_reward,24,0.5,0.0,0.0
24,no_reward,25,0.5,0.0,0.0
24,no_reward,26,0.5,0.0,0.0
24,no_reward,27,0.5,0.0,0.0
24,no_reward,28,0.5,0.0,0.0
24,no_reward,29,0.5,0.0,0.0
24,no_reward,30,0.5,0.0,0.0
24,no_reward,31,0.5,0.0,0.0
24,no_reward,32,0.5,0.0,0.0
24,no_reward,33,0.5,0.0,0.0
24,no_reward,34,0.5,0.0,0.0
24,no_reward,35,0.5,0.0,0.0
24,no_reward,36,0.5,0.0,0.0
24,no_reward,37,0.5,0.0,0.0
24,no_reward,38,0.5,0.0,0.0
24,no_reward,39,0.5,0.0,0.0
24,no_reward,40,0.5,0.0,0.0
24,frozen,0,0.5,0.0,0.0
24,frozen,1,0.5,0.0,0.0
24,frozen,2,0.5,0.0,0.0
24,frozen,3,0.5,0.0,0.0
24,frozen,4,0.5,0.0,0.0
24,frozen,5,0.5,0.0,0.0
24,frozen,6,0.5,0.0,0.0
24,frozen,7,0.5,0.0,0.0
24,frozen,8,0.5,0.0,0.0
24,frozen,9,0.5,0.0,0.0
24,frozen,10,0.5,0.0,0.0
24,frozen,11,0.5,0.0,0.0
24,frozen,12,0.5,0.0,0.0
24,frozen,13,0.5,0.0,0.0
24,frozen,14,0.5,0.0,0.0
24,frozen,15,0.5,0.0,0.0
24,frozen,16,0.5,0.0,0.0
24,frozen,17,0.5,0.0,0.0
24,frozen,18,0.5,0.0,0.0
24,frozen,19,0.5,0.0,0.0
24,frozen,20,0.5,0.0,0.0
24,frozen,21,0.5,0.0,0.0
24,frozen,22,0.5,0.0,0.0
24,frozen,23,0.5,0.0,0.0
24,frozen,24,0.5,0.0,0.0
24,frozen,25,0.5,0.0,0.0
24,frozen,26,0.5,0.0,0.0
24,frozen,27,0.5,0.0,0.0
24,frozen,28,0.5,0.0,0.0
24,frozen,29,0.5,0.0,0.0
24,frozen,30,0.5,0.0,0.0
24,frozen,31,0.5,0.0,0.0
24,frozen,32,0.5,0.0,0.0
24,frozen,33,0.5,0.0,0.0
24,frozen,34,0.5,0.0,0.0
24,frozen,35,0.5,0.0,0.0
24,frozen,36,0.5,0.0,0.0
24,frozen,37,0.5,0.0,0.0
24,frozen,38,0.5,0.0,0.0
24,frozen,39,0.5,0.0,0.0
24,frozen,40,0.5,0.0,0.0
24,nonselective_reward,0,0.5,0.0,0.0
24,nonselective_reward,1,0.500291749174304,0.04584627766599614,0.04561287830006444
24,nonselective_reward,2,0.5005489550881002,0.08940035605633834,0.08896119180940099
24,nonselective_reward,3,0.5007747926618762,0.13078985763850337,0.1301700230128835
24,nonselective_reward,4,0.5009721692904022,0.17013448271674736,0.16935674630435937
24,nonselective_reward,5,0.5011437465378329,0.2075465471921728,0.20663154836595587
24,nonselective_reward,6,0.5012919601107434,0.24313148149590824,0.24209791110704904
24,nonselective_reward,7,0.5014190382427236,0.2769882936060869,0.27585305996392095
24,nonselective_reward,8,0.5015270186143264,0.30920999883644906,0.30798838014690766
24,nonselective_reward,9,0.5016177639229588,0.3398840188787877,0.338589803224182
24,nonselective_reward,10,0.5016929762086441,0.3690925523917623,0.36773816624896616
24,nonselective_reward,11,0.5017542100335316,0.39691291925359706,0.395509545468705
24,nonselective_reward,12,0.5018028846055195,0.42341788043468964,0.42197556649946977
24,nonselective_reward,13,0.5018402949293818,0.44867593529716177,0.44720369270560234
24,nonselective_reward,14,0.501867622062319,0.4727515979908741,0.4712574933923863
24,nonselective_reward,15,0.5018859425448675,0.49570565448855897,0.49419689329753047
24,nonselective_reward,16,0.5018962370725566,0.5175954016856185,0.5160784047546271
24,nonselective_reward,17,0.5018993984685808,0.53847486988207,0.5369553437978222
24,nonselective_reward,18,0.501896239013018,0.5583950298643756,0.5568780313809927
24,nonselective_reward,19,0.5018874971797708,0.577403985712826,0.5758939807961656
24,nonselective_reward,20,0.5018738438283546,0.5955471543751654,0.5940480722941714
24,nonselective_reward,21,0.5018558878939656,0.6128674329686883,0.6113827158350364
24,nonselective_reward,22,0.5018341816158102,0.6294053547006174,0.6279380028259487
24,nonselective_reward,23,0.5018092253405365,0.6451992342296964,0.6437518476402782
24,nonselective_reward,24,0.5017814719346813,0.6602853032301913,0.6588601196517287
24,nonselective_reward,25,0.5017513308373732,0.6746978368624833,0.6732967664628238
24,nonselective_reward,26,0.5017191717820564,0.688469271801782,0.6870939289562574
24,nonselective_reward,27,0.5016853282137186,0.701630316427867,0.700282048750841
24,nonselective_reward,28,0.5016501004260099,0.7142100537338533,0.7128899686005391
24,nonselective_reward,29,0.5016137584407084,0.7262360374704928,0.7249450262351502
24,nonselective_reward,30,0.5015765446502055,0.737734382004205,0.7364731421042923
24,nonselective_reward,31,0.5015386762420389,0.7487298463316181,0.7474989014522542
24,nonselective_reward,32,0.5015003474230003,0.7592459126607004,0.7580456311197786
24,nonselective_reward,33,0.501461731458945,0.7693048599383232,0.7681354714397138
24,nonselective_reward,34,0.5014229825451507,0.7789278326761717,0.7777894435665771
24,nonselective_reward,35,0.5013842375208933,0.7881349054010923,0.7870275125551847
24,nonselective_reward,36,0.5013456174408228,0.7969451430321098,0.7958686464805165
24,nonselective_reward,37,0.5013072290147156,0.8053766574642771,0.8043308718697159
24,nonselective_reward,38,0.5012691659262595,0.813446660619127,0.8124313256974711
24,nonselective_reward,39,0.501231510040683,0.8211715142026348,0.8201863041778368
24,nonselective_reward,40,0.5011943325102501,0.8285667763941535,0.8276113085687399
25,reward_A,0,0.5,0.0,0.0
25,reward_A,1,0.5897422763694388,0.07999999999999985,0.007419986936642697
25,reward_A,2,0.6674708348906282,0.15359999999999996,0.014246374918354232
25,reward_A,3,0.7318299218725187,0.22131199999999984,0.020526651861528245
25,reward_A,4,0.7835563369588078,0.2836070399999998,0.026304506649248882
25,reward_A,5,0.8244064493039566,0.34091847679999987,0.031620133053951505
25,reward_A,6,0.8563958858651407,0.3936449986559999,0.0365105093462782
25,reward_A,7,0.8813962001660384,0.4421533987635198,0.041009655535218736
25,reward_A,8,0.9009800066283694,0.48678112686243824,0.045148870029043775
25,reward_A,9,0.9163999246347561,0.5278386367134431,0.0489569473633632
25,reward_A,10,0.9286249010318092,0.5656115457763677,0.052460378510936656
25,reward_A,11,0.9383931212526687,0.6003626221142582,0.055683535166704434
25,reward_A,12,0.946263259303901,0.6323336123451175,0.05864883929001086
25,reward_A,13,0.9526576346657927,0.6617469233575082,0.06137691908345266
25,reward_A,14,0.9578962266792096,0.6888071694889075,0.06388675249341935
25,reward_A,15,0.9622225711702332,0.7137025959297949,0.06619579923058849
25,reward_A,16,0.9658231203415243,0.7366063882554112,0.06832012222878414
25,reward_A,17,0.9688415888247266,0.7576778771949784,0.07027449938712393
25,reward_A,18,0.9713895518551912,0.7770636470193801,0.07207252637279704
25,reward_A,19,0.9735542792256412,0.7948985552578297,0.07372671119961594
25,reward_A,20,0.9754045429575409,0.8113066708372033,0.07524856124028911
25,reward_A,21,0.9769949419842934,0.826402137170227,0.0766486632777088
25,reward_A,22,0.9783691400297653,0.8402899661966089,0.07793675715213488
25,reward_A,23,0.979562304448888,0.8530667689008802,0.07912180351660669
25,reward_A,24,0.980602954967485,0.8648214273888097,0.08021204617192079
25,reward_A,25,0.9815143743172522,0.875635713197705,0.08121506941481005
25,reward_A,26,0.9823156917237587,0.8855848561418885,0.08213785079826785
25,reward_A,27,0.9830227206123612,0.8947380676505374,0.08298680967104921
25,reward_A,28,0.98364861050545,0.9031590222384944,0.08376785183400803
25,reward_A,29,0.9842043575646392,0.9109063004594149,0.08448641062393003
25,reward_A,30,0.9846992069208792,0.9180337964226617,0.08514748471065825
25,reward_A,31,0.9851409716505994,0.9245910927088488,0.08575567287044827
25,reward_A,32,0.985536287154535,0.9306238052921408,0.08631520597745523
25,reward_A,33,0.985890815177081,0.9361739008687696,0.08682997643590151
25,reward_A,34,0.986209408338096,0.941279988799268,0.08730356525767213
25,reward_A,35,0.9864962435273911,0.9459775896953265,0.08773926697370105
25,reward_A,36,0.9867549306120437,0.9502993825197005,0.08814011255244769
25,reward_A,37,0.9869886014667917,0.9542754319181244,0.08850889048489452
25,reward_A,38,0.9871999832404491,0.9579333973646744,0.0888481661827456
25,reward_A,39,0.9873914589304702,0.9612987255755004,0.0891602998247687
25,reward_A,40,0.9875651176900001,0.9643948275294605,0.08944746277543003
25,reward_B,0,0.5,0.0,0.0
25,reward_B,1,0.4101821489968007,0.00735751295336784,0.07999999999999996
25,reward_B,2,0.33239606180590553,0.014126424870466225,0.15360000000000007
25,reward_B,3,0.2680005203809838,0.020353823834196927,0.22131199999999995
25,reward_B,4,0.2162559152091982,0.026083030880828972,0.2836070399999999
25,reward_B,5,0.1754009347991148,0.03135390136373051,0.34091847679999976
25,reward_B,6,0.14341518998222955,0.03620310220799983,0.3936449986559999
25,reward_B,7,0.11842344159737542,0.04066436698472786,0.4421533987635198
25,reward_B,8,0.0988505517909176,0.04476873057931752,0.48678112686243824
25,reward_B,9,0.08344231445726277,0.04854474508633999,0.5278386367134431
25,reward_B,10,0.07122885652433049,0.052018678432800725,0.5656115457763676
25,reward_B,11,0.061471496849468815,0.055214697111544586,0.6003626221142582
25,reward_B,12,0.05361133123436744,0.058155034295988894,0.6323336123451175
25,reward_B,13,0.0472259661195039,0.06086014450567745,0.6617469233575082
25,reward_B,14,0.04199543513049932,0.06334884589859102,0.6888071694889075
25,reward_B,15,0.03767626038030048,0.06563845118007172,0.7137025959297949
25,reward_B,16,0.03408206774086961,0.067744888039034,0.7366063882554112
25,reward_B,17,0.03106922662752582,0.069682809949279,0.7576778771949784
25,reward_B,18,0.028526244119948693,0.07146569810670456,0.7770636470193801
25,reward_B,19,0.02636592713178004,0.07310595521153629,0.7948985552578296
25,reward_B,20,0.024519573078278636,0.07461499174798114,0.8113066708372033
25,reward_B,21,0.022932644775297162,0.07600330536151056,0.826402137170227
25,reward_B,22,0.021561532807351583,0.07728055388595756,0.8402899661966088
25,reward_B,23,0.020371117259168212,0.07845562252844884,0.8530667689008802
25,reward_B,24,0.019332919679389268,0.07953668567954075,0.8648214273888097
25,reward_B,25,0.01842369317279834,0.08053126377854536,0.875635713197705
25,reward_B,26,0.0176243396065863,0.08144627562962958,0.8855848561418885
25,reward_B,27,0.016919072538891466,0.0822880865326272,0.8947380676505374
25,reward_B,28,0.016294765886250995,0.0830625525633849,0.9031590222384944
25,reward_B,29,0.01574044387568337,0.083775061311682,0.9109063004594149
25,reward_B,30,0.015246879142557426,0.08443056936011528,0.9180337964226617
25,reward_B,31,0.01480627412244924,0.0850336367646739,0.9245910927088488
25,reward_B,32,0.01441200698735323,0.08558845877686794,0.9306238052921408
25,reward_B,33,0.014058427895331791,0.08609889502808632,0.9361739008687696
25,reward_B,34,0.013740694688119314,0.08656849637920738,0.941279988799268
25,reward_B,35,0.013454639692212217,0.08700052962223859,0.9459775896953265
25,reward_B,36,0.013196661178356389,0.08739800020582733,0.9502993825197005
25,reward_B,37,0.012963634473550659,0.08776367314272893,0.9542754319181244
25,reward_B,38,0.012752838816351239,0.08810009224467863,0.9579333973646744
25,reward_B,39,0.012561896886527878,0.08840959781847224,0.9612987255755004
25,reward_B,40,0.012388724587413788,0.08869434294636236,0.9643948275294605
25,no_reward,0,0.5,0.0,0.0
25,no_reward,1,0.5,0.0,0.0
25,no_reward,2,0.5,0.0,0.0
25,no_reward,3,0.5,0.0,0.0
25,no_reward,4,0.5,0.0,0.0
25,no_reward,5,0.5,0.0,0.0
25,no_reward,6,0.5,0.0,0.0
25,no_reward,7,0.5,0.0,0.0
25,no_reward,8,0.5,0.0,0.0
25,no_reward,9,0.5,0.0,0.0
25,no_reward,10,0.5,0.0,0.0
25,no_reward,11,0.5,0.0,0.0
25,no_reward,12,0.5,0.0,0.0
25,no_reward,13,0.5,0.0,0.0
25,no_reward,14,0.5,0.0,0.0
25,no_reward,15,0.5,0.0,0.0
25,no_reward,16,0.5,0.0,0.0
25,no_reward,17,0.5,0.0,0.0
25,no_reward,18,0.5,0.0,0.0
25,no_reward,19,0.5,0.0,0.0
25,no_reward,20,0.5,0.0,0.0
25,no_reward,21,0.5,0.0,0.0
25,no_reward,22,0.5,0.0,0.0
25,no_reward,23,0.5,0.0,0.0
25,no_reward,24,0.5,0.0,0.0
25,no_reward,25,0.5,0.0,0.0
25,no_reward,26,0.5,0.0,0.0
25,no_reward,27,0.5,0.0,0.0
25,no_reward,28,0.5,0.0,0.0
25,no_reward,29,0.5,0.0,0.0
25,no_reward,30,0.5,0.0,0.0
25,no_reward,31,0.5,0.0,0.0
25,no_reward,32,0.5,0.0,0.0
25,no_reward,33,0.5,0.0,0.0
25,no_reward,34,0.5,0.0,0.0
25,no_reward,35,0.5,0.0,0.0
25,no_reward,36,0.5,0.0,0.0
25,no_reward,37,0.5,0.0,0.0
25,no_reward,38,0.5,0.0,0.0
25,no_reward,39,0.5,0.0,0.0
25,no_reward,40,0.5,0.0,0.0
25,frozen,0,0.5,0.0,0.0
25,frozen,1,0.5,0.0,0.0
25,frozen,2,0.5,0.0,0.0
25,frozen,3,0.5,0.0,0.0
25,frozen,4,0.5,0.0,0.0
25,frozen,5,0.5,0.0,0.0
25,frozen,6,0.5,0.0,0.0
25,frozen,7,0.5,0.0,0.0
25,frozen,8,0.5,0.0,0.0
25,frozen,9,0.5,0.0,0.0
25,frozen,10,0.5,0.0,0.0
25,frozen,11,0.5,0.0,0.0
25,frozen,12,0.5,0.0,0.0
25,frozen,13,0.5,0.0,0.0
25,frozen,14,0.5,0.0,0.0
25,frozen,15,0.5,0.0,0.0
25,frozen,16,0.5,0.0,0.0
25,frozen,17,0.5,0.0,0.0
25,frozen,18,0.5,0.0,0.0
25,frozen,19,0.5,0.0,0.0
25,frozen,20,0.5,0.0,0.0
25,frozen,21,0.5,0.0,0.0
25,frozen,22,0.5,0.0,0.0
25,frozen,23,0.5,0.0,0.0
25,frozen,24,0.5,0.0,0.0
25,frozen,25,0.5,0.0,0.0
25,frozen,26,0.5,0.0,0.0
25,frozen,27,0.5,0.0,0.0
25,frozen,28,0.5,0.0,0.0
25,frozen,29,0.5,0.0,0.0
25,frozen,30,0.5,0.0,0.0
25,frozen,31,0.5,0.0,0.0
25,frozen,32,0.5,0.0,0.0
25,frozen,33,0.5,0.0,0.0
25,frozen,34,0.5,0.0,0.0
25,frozen,35,0.5,0.0,0.0
25,frozen,36,0.5,0.0,0.0
25,frozen,37,0.5,0.0,0.0
25,frozen,38,0.5,0.0,0.0
25,frozen,39,0.5,0.0,0.0
25,frozen,40,0.5,0.0,0.0
25,nonselective_reward,0,0.5,0.0,0.0
25,nonselective_reward,1,0.4999625156101057,0.04353160621761676,0.043561593729588455
25,nonselective_reward,2,0.49992946937230986,0.08504507025906738,0.08510149476159368
25,nonselective_reward,3,0.4999004533606132,0.12464282504091206,0.12472246235347373
25,nonselective_reward,4,0.49987509402928726,0.1624215043162538,0.16252142909490264
25,nonselective_reward,5,0.49985304942155717,0.19847230806606664,0.19858986853220584
25,nonselective_reward,6,0.4998340066009427,0.232881342814366,0.23301413753849054
25,nonselective_reward,7,0.49981767928765225,0.26572993869037165,0.26587579526671445
25,nonselective_reward,8,0.4998038056838147,0.29709494492359234,0.2972519003845959
25,nonselective_reward,9,0.4997921464726018,0.3270490053310666,0.32721528816256373
25,nonselective_reward,10,0.499782482977474,0.3556608152390156,0.355834828868014
25,nonselective_reward,11,0.4997746154688705,0.38299536117314537,0.38317566881026144
25,nonselective_reward,12,0.4997683616066567,0.4091141445520843,0.4092994552800163
25,nonselective_reward,13,0.49976355500756825,0.43407539052631805,0.4342645465343634
25,nonselective_reward,14,0.4997600439277336,0.45793424301988717,0.45812620789243774
25,nonselective_reward,15,0.4997576900511479,0.48074294695352704,0.4809367949277842
25,nonselective_reward,16,0.49975636737568013,0.5025510185553137,0.502745924670195
25,nonselective_reward,17,0.49975596118886784,0.5234054045978026,0.5236006356622109
25,nonselective_reward,18,0.4997563671263631,0.5433506313386713,0.5435455376530062
25,nonselective_reward,19,0.49975749030645084,0.5624289438846024,0.5626229516546548
25,nonselective_reward,20,0.4997592445345927,0.5806804366452172,0.5808730410324283
25,nonselective_reward,21,0.4997615515724128,0.5981431754949531,0.5983339342514844
25,nonselective_reward,22,0.49976434046599283,0.6148533122155608,0.6150418398567266
25,nonselective_reward,23,0.49976754692874853,0.6308451917500966,0.6310311542204956
25,nonselective_reward,24,0.499771112774528,0.6461514527606352,0.6463345625538035
25,nonselective_reward,25,0.49977498539692233,0.6608031219461978,0.6609831336408123
25,nonselective_reward,26,0.4997791172910963,0.6748297025443324,0.6750064087229505
25,nonselective_reward,27,0.4997834656147351,0.6882592574092244,0.6884324849282659
25,nonselective_reward,28,0.4997879917849776,0.7011184870309345,0.701288093613117
25,nonselective_reward,29,0.4997926611084498,0.7134328028341986,0.7135986739569464
25,nonselective_reward,30,0.4997974424417453,0.7252263960710272,0.7253884421264959
25,nonselective_reward,31,0.4998023078799088,0.7365223025989274,0.7366804563032416
25,nonselective_reward,32,0.4998072324706673,0.7473424638158452,0.7474966778469521
25,nonselective_reward,33,0.49981219395234433,0.75770778400373,0.7578580288489202
25,nonselective_reward,34,0.4998171725135425,0.7676381843148427,0.7677844463105272
25,nonselective_reward,35,0.4998221505728431,0.7771526536184838,0.7772949331662098
25,nonselective_reward,36,0.49982711257690615,0.7862692964105625,0.7864076063545498
25,nonselective_reward,37,0.4998320448154804,0.7950053779743116,0.795139742126981
25,nonselective_reward,38,0.499836935251957,0.8033773669673692,0.8035078187704285
25,nonselective_reward,39,0.49984177336820645,0.8114009755983214,0.8115275569079816
25,nonselective_reward,40,0.49984655002253614,0.8190911975445592,0.8192139575303844
26,reward_A,0,0.5,0.0,0.0
26,reward_A,1,0.5894495078378984,0.07999999999999996,0.007661971830985936
26,reward_A,2,0.6669550242195947,0.15359999999999996,0.014710985915493136
26,reward_A,3,0.7311725207515404,0.22131199999999995,0.0211960788732396
26,reward_A,4,0.7828280068713291,0.28360704000000003,0.027162364394366367
26,reward_A,5,0.823658805347441,0.34091847679999987,0.032651347073802905
26,reward_A,6,0.8556621569260086,0.393644998656,0.03770121113888458
26,reward_A,7,0.8806953608464393,0.4421533987635199,0.04234708607875992
26,reward_A,8,0.9003212544824629,0.48678112686243835,0.0466212910234447
26,reward_A,9,0.915786296995551,0.5278386367134431,0.05055355957255514
26,reward_A,10,0.9280558303096071,0.5656115457763676,0.05417124663773676
26,reward_A,11,0.9378661036311764,0.6003626221142582,0.05749951873770376
26,reward_A,12,0.9457748859366388,0.6323336123451175,0.06056152906967316
26,reward_A,13,0.9522041993560842,0.6617469233575082,0.06337857857508522
26,reward_A,14,0.957474065709493,0.6888071694889075,0.06597026412006457
26,reward_A,15,0.9618282396592804,0.7137025959297949,0.06835461482144523
26,reward_A,16,0.9654534718977542,0.7366063882554112,0.07054821746671558
26,reward_A,17,0.9684937999133227,0.7576778771949784,0.07256633190036421
26,reward_A,18,0.9710611159861923,0.7770636470193801,0.0744229971793211
26,reward_A,19,0.9732429858699445,0.7948985552578297,0.07613112923596121
26,reward_A,20,0.9751084498400586,0.8113066708372032,0.07770261072807028
26,reward_A,21,0.9767123456211757,0.826402137170227,0.07914837370081051
26,reward_A,22,0.9780985471220136,0.8402899661966089,0.08047847563573174
26,reward_A,23,0.9793024054218463,0.8530667689008802,0.08170216941585906
26,reward_A,24,0.9803526001857448,0.8648214273888097,0.08282796769357625
26,reward_A,25,0.9812725530814964,0.875635713197705,0.0838637021090759
26,reward_A,26,0.9820815139325508,0.8855848561418885,0.08481657777133589
26,reward_A,27,0.9827954008647379,0.8947380676505374,0.08569322338061491
26,reward_A,28,0.9834274543794377,0.9031590222384944,0.08649973734115168
26,reward_A,29,0.9839887498026857,0.9109063004594149,0.08724173018484538
26,reward_A,30,0.984488601268062,0.9180337964226617,0.08792436360104394
26,reward_A,31,0.9849348821151275,0.9245910927088488,0.08855238634394613
26,reward_A,32,0.9853342804866799,0.9306238052921408,0.0891301672674163
26,reward_A,33,0.9856925043891193,0.9361739008687696,0.08966172571700903
26,reward_A,34,0.986014447112485,0.941279988799268,0.09015075949063422
26,reward_A,35,0.9863043213825385,0.9459775896953265,0.09060067056236942
26,reward_A,36,0.9865657687144824,0.9502993825197005,0.09101458874836599
26,reward_A,37,0.9868019489953718,0.9542754319181244,0.09139539347948245
26,reward_A,38,0.9870156142225649,0.9579333973646744,0.09174573383210971
26,reward_A,39,0.9872091694825739,0.9612987255755004,0.09206804695652693
26,reward_A,40,0.9873847236050227,0.9643948275294605,0.0923645750309906
26,reward_B,0,0.5,0.0,0.0
26,reward_B,1,0.41047280495741983,0.007597765363128506,0.08000000000000007
26,reward_B,2,0.3329080753721986,0.014587709497206669,0.15360000000000007
26,reward_B,3,0.26865295004847367,0.02101845810055869,0.22131199999999995
26,reward_B,4,0.21697857099973575,0.02693474681564223,0.28360704000000003
26,reward_B,5,0.17614257686763463,0.0323777324335196,0.3409184768
26,reward_B,6,0.1441428576930865,0.03738527920196644,0.3936449986559999
26,reward_B,7,0.11911833547318315,0.041992222228937615,0.4421533987635199
26,reward_B,8,0.09950357824188558,0.046230609813751045,0.48678112686243824
26,reward_B,9,0.08405049013537996,0.0501299263917796,0.5278386367134431
26,reward_B,10,0.07179277005178854,0.05371729764356581,0.5656115457763677
26,reward_B,11,0.06199365253918803,0.05701767919520895,0.6003626221142584
26,reward_B,12,0.054095126408634335,0.0600540302227206,0.6323336123451176
26,reward_B,13,0.047675089017830984,0.0628474731680313,0.6617469233575082
26,reward_B,14,0.042413528615309386,0.06541744067771738,0.6888071694889075
26,reward_B,15,0.038066747735374974,0.0677818107866286,0.7137025959297949
26,reward_B,16,0.03444807427456652,0.06995703128682673,0.7366063882554112
26,reward_B,17,0.03141355599022419,0.07195823414700919,0.7576778771949784
26,reward_B,18,0.02885138444504554,0.07379934077837691,0.7770636470193801
26,reward_B,19,0.026674072233633526,0.07549315887923536,0.7948985552578297
26,reward_B,20,0.024812650147353264,0.07705147153202496,0.8113066708372033
26,reward_B,21,0.023212343759809097,0.07848511917259127,0.826402137170227
26,reward_B,22,0.02182933490381512,0.07980407500191256,0.8402899661966089
26,reward_B,23,0.020628321243361867,0.08101751436488824,0.8530667689008802
26,reward_B,24,0.0195806655605291,0.08213387857882548,0.8648214273888097
26,reward_B,25,0.018662983071287557,0.08316093365564792,0.875635713197705
26,reward_B,26,0.017856055975877725,0.08410582432632474,0.8855848561418885
26,reward_B,27,0.01714399395711423,0.08497512374334704,0.8947380676505374
26,reward_B,28,0.0165135806827882,0.08577487920700788,0.9031590222384944
26,reward_B,29,0.015953761861340135,0.08651065423357573,0.9109063004594149
26,reward_B,30,0.01545524169672992,0.08718756725801824,0.9180337964226617
26,reward_B,31,0.015010162866894718,0.0878103272405053,0.9245910927088488
26,reward_B,32,0.014611851249492326,0.08838326642439331,0.9306238052921408
26,reward_B,33,0.014254611137599097,0.08891037047357042,0.9361739008687696
26,reward_B,34,0.013933560055294019,0.0893953061988132,0.941279988799268
26,reward_B,35,0.013644494806594746,0.0898414470660367,0.9459775896953265
26,reward_B,36,0.013383782293296889,0.09025189666388223,0.9502993825197005
26,reward_B,37,0.013148270079102208,0.0906295102939001,0.9542754319181244
26,reward_B,38,0.012935212776499644,0.09097691483351655,0.9579333973646744
26,reward_B,39,0.012742211175278004,0.09129652700996382,0.9612987255755004
26,reward_B,40,0.01256716168070992,0.09159057021229511,0.9643948275294605
26,no_reward,0,0.5,0.0,0.0
26,no_reward,1,0.5,0.0,0.0
26,no_reward,2,0.5,0.0,0.0
26,no_reward,3,0.5,0.0,0.0
26,no_reward,4,0.5,0.0,0.0
26,no_reward,5,0.5,0.0,0.0
26,no_reward,6,0.5,0.0,0.0
26,no_reward,7,0.5,0.0,0.0
26,no_reward,8,0.5,0.0,0.0
26,no_reward,9,0.5,0.0,0.0
26,no_reward,10,0.5,0.0,0.0
26,no_reward,11,0.5,0.0,0.0
26,no_reward,12,0.5,0.0,0.0
26,no_reward,13,0.5,0.0,0.0
26,no_reward,14,0.5,0.0,0.0
26,no_reward,15,0.5,0.0,0.0
26,no_reward,16,0.5,0.0,0.0
26,no_reward,17,0.5,0.0,0.0
26,no_reward,18,0.5,0.0,0.0
26,no_reward,19,0.5,0.0,0.0
26,no_reward,20,0.5,0.0,0.0
26,no_reward,21,0.5,0.0,0.0
26,no_reward,22,0.5,0.0,0.0
26,no_reward,23,0.5,0.0,0.0
26,no_reward,24,0.5,0.0,0.0
26,no_reward,25,0.5,0.0,0.0
26,no_reward,26,0.5,0.0,0.0
26,no_reward,27,0.5,0.0,0.0
26,no_reward,28,0.5,0.0,0.0
26,no_reward,29,0.5,0.0,0.0
26,no_reward,30,0.5,0.0,0.0
26,no_reward,31,0.5,0.0,0.0
26,no_reward,32,0.5,0.0,0.0
26,no_reward,33,0.5,0.0,0.0
26,no_reward,34,0.5,0.0,0.0
26,no_reward,35,0.5,0.0,0.0
26,no_reward,36,0.5,0.0,0.0
26,no_reward,37,0.5,0.0,0.0
26,no_reward,38,0.5,0.0,0.0
26,no_reward,39,0.5,0.0,0.0
26,no_reward,40,0.5,0.0,0.0
26,frozen,0,0.5,0.0,0.0
26,frozen,1,0.5,0.0,0.0
26,frozen,2,0.5,0.0,0.0
26,frozen,3,0.5,0.0,0.0
26,frozen,4,0.5,0.0,0.0
26,frozen,5,0.5,0.0,0.0
26,frozen,6,0.5,0.0,0.0
26,frozen,7,0.5,0.0,0.0
26,frozen,8,0.5,0.0,0.0
26,frozen,9,0.5,0.0,0.0
26,frozen,10,0.5,0.0,0.0
26,frozen,11,0.5,0.0,0.0
26,frozen,12,0.5,0.0,0.0
26,frozen,13,0.5,0.0,0.0
26,frozen,14,0.5,0.0,0.0
26,frozen,15,0.5,0.0,0.0
26,frozen,16,0.5,0.0,0.0
26,frozen,17,0.5,0.0,0.0
26,frozen,18,0.5,0.0,0.0
26,frozen,19,0.5,0.0,0.0
26,frozen,20,0.5,0.0,0.0
26,frozen,21,0.5,0.0,0.0
26,frozen,22,0.5,0.0,0.0
26,frozen,23,0.5,0.0,0.0
26,frozen,24,0.5,0.0,0.0
26,frozen,25,0.5,0.0,0.0
26,frozen,26,0.5,0.0,0.0
26,frozen,27,0.5,0.0,0.0
26,frozen,28,0.5,0.0,0.0
26,frozen,29,0.5,0.0,0.0
26,frozen,30,0.5,0.0,0.0
26,frozen,31,0.5,0.0,0.0
26,frozen,32,0.5,0.0,0.0
26,frozen,33,0.5,0.0,0.0
26,frozen,34,0.5,0.0,0.0
26,frozen,35,0.5,0.0,0.0
26,frozen,36,0.5,0.0,0.0
26,frozen,37,0.5,0.0,0.0
26,frozen,38,0.5,0.0,0.0
26,frozen,39,0.5,0.0,0.0
26,frozen,40,0.5,0.0,0.0
26,nonselective_reward,0,0.5,0.0,0.0
26,nonselective_reward,1,0.49996147611936154,0.04364692737430176,0.04367774647887346
26,nonselective_reward,2,0.49992751346655545,0.08526205854748625,0.08532004777464808
26,nonselective_reward,3,0.4998976928032712,0.12494908142551986,0.12503092718404518
26,nonselective_reward,4,0.4998716302248713,0.16280577897918924,0.16290847480154858
26,nonselective_reward,5,0.4998489742916724,0.19892440322315375,0.1990452237934902
26,nonselective_reward,6,0.49982940338905185,0.2333920234337541,0.2335285007278085
26,nonselective_reward,7,0.4998126232983026,0.2662908504829117,0.266440751851287
26,nonselective_reward,8,0.4997983649615522,0.2976985390239607,0.29785984706346325
26,nonselective_reward,9,0.49978638242540097,0.32768846913463523,0.3278593632047122
26,nonselective_reward,10,0.499776450949121,0.35633000890182653,0.35650884815444617
26,nonselective_reward,11,0.49976836526438895,0.38368875932137636,0.383874067123122
26,nonselective_reward,12,0.4997619379745407,0.4098267827833353,0.41001723241809396
26,nonselective_reward,13,0.4997569980822863,0.4348028163181664,0.4349972178676432
26,nonselective_reward,14,0.49975338963570026,0.45867247069166495,0.45886975899910265
26,nonselective_reward,15,0.49975097048309597,0.48148841635536765,0.48168763998536424
26,nonselective_reward,16,0.4997496111281398,0.5033005571843988,0.5035008682986315
26,nonselective_reward,17,0.4997491936772462,0.5241561928655822,0.5243568379406137
26,nonselective_reward,18,0.4997496108719087,0.5441001707347832,0.5443004820540008
26,nonselective_reward,19,0.49975076519922207,0.5631750278034444,0.5633744156605809
26,nonselective_reward,20,0.49975256807436175,0.5814211236597517,0.5816190692164207
26,nonselective_reward,21,0.49975493908930185,0.5988767648794808,0.5990728136237375
26,nonselective_reward,22,0.499757805322482,0.615578321534997,0.6157720772921653
26,nonselective_reward,23,0.499761100704568,0.6315603363478379,0.6317514557987273
26,nonselective_reward,24,0.49976476543583154,0.6468556269905047,0.647043814655724
26,nonselective_reward,25,0.4997687454510215,0.661495382006293,0.6616803856586675
26,nonselective_reward,26,0.49977299192793234,0.6755092507819698,0.6756908572521021
26,nonselective_reward,27,0.4997774608361771,0.6889254279766345,0.6891034593194485
26,nonselective_reward,28,0.4997821125229426,0.7017707327809988,0.7019450427736785
26,nonselective_reward,29,0.499786911332763,0.7140706833543916,0.7142411542985019
26,nonselective_reward,30,0.49979182525858595,0.7258495667618936,0.7260161065646479
26,nonselective_reward,31,0.49979682562161476,0.7371305047109478,0.7372930442226021
26,nonselective_reward,32,0.4998018867776188,0.7479355153654688,0.7480940059516679
26,nonselective_reward,33,0.49980698584757616,0.758285571495721,0.7584399828253301
26,nonselective_reward,34,0.49981210247069363,0.7682006552039652,0.7683509732344863
26,nonselective_reward,35,0.49981721857799766,0.7776998094489427,0.7778460345930582
26,nonselective_reward,36,0.4998223181848334,0.7868011865765951,0.7869433320347119
26,nonselective_reward,37,0.4998273872007472,0.7955220940499018,0.7956601842947899
26,nonselective_reward,38,0.4998324132553392,0.8038790375572646,0.8040131069580138
26,nonselective_reward,39,0.4998373855387981,0.8118877616664153,0.8120178532399636
26,nonselective_reward,40,0.4998422946559207,0.8195632881792629,0.8196894524587102
27,reward_A,0,0.5,0.0,0.0
27,reward_A,1,0.5920144216718775,0.08000000000000007,0.005540166204986319
27,reward_A,2,0.6714640931340989,0.15359999999999996,0.010637119113573457
27,reward_A,3,0.7369020185261292,0.22131199999999984,0.015326315789473743
27,reward_A,4,0.7891539733687581,0.2836070399999999,0.019640376731301923
27,reward_A,5,0.8301295690052658,0.3409184768,0.02360931279778411
27,reward_A,6,0.8619904520616982,0.3936449986559998,0.02726073397894746
27,reward_A,7,0.8867200155453068,0.4421533987635199,0.03062004146561781
27,reward_A,8,0.9059666179610285,0.48678112686243824,0.03371060435335449
27,reward_A,9,0.9210299270488751,0.5278386367134432,0.036553922210072365
27,reward_A,10,0.9329059393722563,0.5656115457763676,0.039169774638252663
27,reward_A,11,0.9423470015106656,0.6003626221142583,0.04157635887217859
27,reward_A,12,0.9499180940488147,0.6323336123451175,0.04379041636739045
27,reward_A,13,0.9560432884026494,0.6617469233575082,0.045827349262985484
27,reward_A,14,0.9610418217866926,0.6888071694889075,0.04770132752693268
27,reward_A,15,0.9651552349673342,0.7137025959297949,0.04942538752976433
27,reward_A,16,0.9685674555898711,0.7366063882554112,0.05101152273236942
27,reward_A,17,0.971419550353547,0.7576778771949784,0.05247076711876586
27,reward_A,18,0.9738205393118965,0.7770636470193801,0.053813271954250785
27,reward_A,19,0.9758553346678913,0.7948985552578297,0.05504837640289695
27,reward_A,20,0.9775905897564884,0.8113066708372032,0.05618467249565129
27,reward_A,21,0.9790790300425763,0.826402137170227,0.05723006490098537
27,reward_A,22,0.9803626791140974,0.8402899661966088,0.058191825913892714
27,reward_A,23,0.9814752771486626,0.8530667689008802,0.059076646045767456
27,reward_A,24,0.9824441062679738,0.8648214273888097,0.059890680567092125
27,reward_A,25,0.983291377747931,0.875635713197705,0.06063959232671112
27,reward_A,26,0.9840352935507019,0.8855848561418885,0.06132859114556022
27,reward_A,27,0.9846908642121596,0.8947380676505374,0.06196247005890165
27,reward_A,28,0.9852705432575182,0.9031590222384944,0.0625456386591755
27,reward_A,29,0.9857847225476263,0.9109063004594149,0.06308215377142756
27,reward_A,30,0.9862421215242968,0.9180337964226617,0.06357574767469965
27,reward_A,31,0.9866500949872355,0.9245910927088488,0.06402985406570993
27,reward_A,32,0.9870148779228319,0.9306238052921408,0.06444763194543912
27,reward_A,33,0.9873417813964177,0.9361739008687696,0.06483198759479014
27,reward_A,34,0.9876353501738034,0.941279988799268,0.06518559479219332
27,reward_A,35,0.9878994902400224,0.9459775896953265,0.06551091341380388
27,reward_A,36,0.9881375725072142,0.9502993825197005,0.0658102065456857
27,reward_A,37,0.9883525175862881,0.9542754319181244,0.06608555622701695
27,reward_A,38,0.9885468654200511,0.9579333973646744,0.06633887793384186
27,reward_A,39,0.9887228327524955,0.9612987255755004,0.06657193390412053
27,reward_A,40,0.9888823607765196,0.9643948275294605,0.06678634539677719
27,reward_B,0,0.5,0.0,0.0
27,reward_B,1,0.4075240850456535,0.0051579626047711935,0.07999999999999996
27,reward_B,2,0.32772700094495244,0.009903288201160376,0.15360000000000007
27,reward_B,3,0.2620743056916296,0.014268987749838646,0.22131199999999995
27,reward_B,4,0.2097209881311321,0.018285431334622904,0.2836070399999999
27,reward_B,5,0.16872512752711963,0.021980559432624003,0.34091847679999987
27,reward_B,6,0.1368947089610232,0.02538007728278535,0.3936449986559999
27,reward_B,7,0.11222337827866535,0.028507633704933477,0.4421533987635199
27,reward_B,8,0.09304743726427159,0.031384985613310046,0.48678112686243835
27,reward_B,9,0.07805783721716403,0.03403214936901633,0.5278386367134432
27,reward_B,10,0.06625329372683672,0.03646754002426611,0.5656115457763677
27,reward_B,11,0.05687877310813433,0.038708099427095854,0.6003626221142582
27,reward_B,12,0.049368168679293806,0.040769414077699406,0.6323336123451175
27,reward_B,13,0.043297171940799024,0.04266582355625448,0.6617469233575082
27,reward_B,14,0.03834678371165341,0.044410520276525256,0.6888071694889075
27,reward_B,15,0.03427593065125038,0.046015641259174456,0.7137025959297949
27,reward_B,16,0.03090124105389,0.04749235256321149,0.7366063882554112
27,reward_B,17,0.028082215234083087,0.0488509269629257,0.7576778771949784
27,reward_B,18,0.02571037126074452,0.0501008154106628,0.7770636470193801
27,reward_B,19,0.02370128781330873,0.051250712782580865,0.7948985552578297
27,reward_B,20,0.02198874896221872,0.05230861836474543,0.8113066708372033
27,reward_B,21,0.020520413437918036,0.05328189150033702,0.826402137170227
27,reward_B,22,0.01925459215388724,0.05417730278508115,0.8402899661966089
27,reward_B,23,0.01815783465514706,0.05500108116704572,0.8530667689008802
27,reward_B,24,0.017203109057155976,0.05575895727845337,0.8648214273888097
27,reward_B,25,0.016368419970795568,0.05645620330094803,0.875635713197705
27,reward_B,26,0.01563575168933482,0.05709766964164331,0.8855848561418885
27,reward_B,27,0.014990254502935322,0.05768781867508288,0.8947380676505374
27,reward_B,28,0.014419613952086002,0.058230755785847466,0.9031590222384944
27,reward_B,29,0.013913558645414116,0.05873025792775077,0.9109063004594149
27,reward_B,30,0.013463473721353023,0.059189799898301865,0.9180337964226617
27,reward_B,31,0.013062095375647672,0.059612578511208714,0.9245910927088488
27,reward_B,32,0.012703267988609619,0.0600015348350833,0.9306238052921408
27,reward_B,33,0.012381749890788758,0.06035937465304775,0.9361739008687696
27,reward_B,34,0.01209305714615624,0.06068858728557491,0.941279988799268
27,reward_B,35,0.01183333722401151,0.06099146290750013,0.9459775896953265
27,reward_B,36,0.011599266301294197,0.06127010847967118,0.9502993825197005
27,reward_B,37,0.011387965349221965,0.061526462406068516,0.9542754319181244
27,reward_B,38,0.011196931230675852,0.06176230801835425,0.9579333973646744
27,reward_B,39,0.011023979853902145,0.06197928598165703,0.9612987255755004
27,reward_B,40,0.010867199057231306,0.062178905707895415,0.9643948275294605
27,no_reward,0,0.5,0.0,0.0
27,no_reward,1,0.5,0.0,0.0
27,no_reward,2,0.5,0.0,0.0
27,no_reward,3,0.5,0.0,0.0
27,no_reward,4,0.5,0.0,0.0
27,no_reward,5,0.5,0.0,0.0
27,no_reward,6,0.5,0.0,0.0
27,no_reward,7,0.5,0.0,0.0
27,no_reward,8,0.5,0.0,0.0
27,no_reward,9,0.5,0.0,0.0
27,no_reward,10,0.5,0.0,0.0
27,no_reward,11,0.5,0.0,0.0
27,no_reward,12,0.5,0.0,0.0
27,no_reward,13,0.5,0.0,0.0
27,no_reward,14,0.5,0.0,0.0
27,no_reward,15,0.5,0.0,0.0
27,no_reward,16,0.5,0.0,0.0
27,no_reward,17,0.5,0.0,0.0
27,no_reward,18,0.5,0.0,0.0
27,no_reward,19,0.5,0.0,0.0
27,no_reward,20,0.5,0.0,0.0
27,no_reward,21,0.5,0.0,0.0
27,no_reward,22,0.5,0.0,0.0
27,no_reward,23,0.5,0.0,0.0
27,no_reward,24,0.5,0.0,0.0
27,no_reward,25,0.5,0.0,0.0
27,no_reward,26,0.5,0.0,0.0
27,no_reward,27,0.5,0.0,0.0
27,no_reward,28,0.5,0.0,0.0
27,no_reward,29,0.5,0.0,0.0
27,no_reward,30,0.5,0.0,0.0
27,no_reward,31,0.5,0.0,0.0
27,no_reward,32,0.5,0.0,0.0
27,no_reward,33,0.5,0.0,0.0
27,no_reward,34,0.5,0.0,0.0
27,no_reward,35,0.5,0.0,0.0
27,no_reward,36,0.5,0.0,0.0
27,no_reward,37,0.5,0.0,0.0
27,no_reward,38,0.5,0.0,0.0
27,no_reward,39,0.5,0.0,0.0
27,no_reward,40,0.5,0.0,0.0
27,frozen,0,0.5,0.0,0.0
27,frozen,1,0.5,0.0,0.0
27,frozen,2,0.5,0.0,0.0
27,frozen,3,0.5,0.0,0.0
27,frozen,4,0.5,0.0,0.0
27,frozen,5,0.5,0.0,0.0
27,frozen,6,0.5,0.0,0.0
27,frozen,7,0.5,0.0,0.0
27,frozen,8,0.5,0.0,0.0
27,frozen,9,0.5,0.0,0.0
27,frozen,10,0.5,0.0,0.0
27,frozen,11,0.5,0.0,0.0
27,frozen,12,0.5,0.0,0.0
27,frozen,13,0.5,0.0,0.0
27,frozen,14,0.5,0.0,0.0
27,frozen,15,0.5,0.0,0.0
27,frozen,16,0.5,0.0,0.0
27,frozen,17,0.5,0.0,0.0
27,frozen,18,0.5,0.0,0.0
27,frozen,19,0.5,0.0,0.0
27,frozen,20,0.5,0.0,0.0
27,frozen,21,0.5,0.0,0.0
27,frozen,22,0.5,0.0,0.0
27,frozen,23,0.5,0.0,0.0
27,frozen,24,0.5,0.0,0.0
27,frozen,25,0.5,0.0,0.0
27,frozen,26,0.5,0.0,0.0
27,frozen,27,0.5,0.0,0.0
27,frozen,28,0.5,0.0,0.0
27,frozen,29,0.5,0.0,0.0
27,frozen,30,0.5,0.0,0.0
27,frozen,31,0.5,0.0,0.0
27,frozen,32,0.5,0.0,0.0
27,frozen,33,0.5,0.0,0.0
27,frozen,34,0.5,0.0,0.0
27,frozen,35,0.5,0.0,0.0
27,frozen,36,0.5,0.0,0.0
27,frozen,37,0.5,0.0,0.0
27,frozen,38,0.5,0.0,0.0
27,frozen,39,0.5,0.0,0.0
27,frozen,40,0.5,0.0,0.0
27,nonselective_reward,0,0.5,0.0,0.0
27,nonselective_reward,1,0.49977067785595064,0.0424758220502901,0.042659279778393344
27,nonselective_reward,2,0.49956850753061843,0.08305850676982607,0.083403700831025
27,nonselective_reward,3,0.49939099343988935,0.12183899744061921,0.12232620292964003
27,nonselective_reward,4,0.4992358503009259,0.15890340653876012,0.15951472677397305
27,nonselective_reward,5,0.4991009860700082,0.1943333025037075,0.1950525144227494
27,nonselective_reward,6,0.49898448623729935,0.22820597770349949,0.22901838983074763
27,nonselective_reward,7,0.4988845993724788,0.26059469892298437,0.26148702090520903
27,nonselective_reward,8,0.49879972382317284,0.29156894160400415,0.29252916438994514
27,nonselective_reward,9,0.4987283954756016,0.3211946089757688,0.32221189478852974
27,nonselective_reward,10,0.49866927649379916,0.34953423712984644,0.3505988184483949
27,nonselective_reward,11,0.4986211449602196,0.37664718701673316,0.37775027384487536
27,nonselective_reward,12,0.49858288534652945,0.4025898242693732,0.40372351902775827
27,nonselective_reward,13,0.4985534797489165,0.42741568769281635,0.4285729071222104
27,nonselective_reward,14,0.498531999827382,0.45117564719801495,0.4523500507106082
27,nonselective_reward,15,0.49851759939321555,0.4739180519011934,0.4751039758614045
27,nonselective_reward,16,0.498509507593227,0.49568886905790255,0.49688126651531805
27,nonselective_reward,17,0.4985070226433508,0.5165318144524952,0.5177261998875069
27,nonselective_reward,18,0.4985095060679674,0.5364884748190026,0.5376808734966367
27,nonselective_reward,19,0.49851637740472243,0.5555984228279922,0.5567853243875981
27,nonselective_reward,20,0.49852710933779765,0.5738993251356854,0.5750776410737842
27,nonselective_reward,21,0.4985412232255052,0.5914270439561589,0.5925940686870466
27,nonselective_reward,22,0.49855828499078864,0.6082157325846629,0.6093691077884911
27,nonselective_reward,23,0.49857790134566715,0.6242979252697055,0.6254356072609221
27,nonselective_reward,24,0.49859971632298467,0.6397046218034536,0.6408248516737926
27,nonselective_reward,25,0.4986234080909036,0.6544653671739602,0.6555666434838089
27,nonselective_reward,26,0.4986486860275433,0.6686083265986229,0.6696893804086703
27,nonselective_reward,27,0.49867528803495176,0.6821603562359483,0.6832201282876629
27,nonselective_reward,28,0.49870297807323444,0.695147069852001,0.696184689720821
27,nonselective_reward,29,0.49873154389720675,0.7075929016987571,0.7086076687579832
27,nonselective_reward,30,0.4987607949793138,0.7195211658438014,0.720512531890181
27,nonselective_reward,31,0.49879056060386256,0.7309541121743451,0.7319216655783015
27,nonselective_reward,32,0.49882068811879315,0.7419129792832664,0.742856430537741
27,nonselective_reward,33,0.49885104133231545,0.7524180444307126,0.7533372129827292
27,nonselective_reward,34,0.49888149904273693,0.7624886707616688,0.7633834730200644
27,nonselective_reward,35,0.49891195369074187,0.7721433519477051,0.7730137903690654
27,nonselective_reward,36,0.4989423101242312,0.7813997544098061,0.7822459075725536
27,nonselective_reward,37,0.4989724844666239,0.7902747572686865,0.7910967708525516
27,nonselective_reward,38,0.49900240308024235,0.7987844901592461,0.7995825687540501
27,nonselective_reward,39,0.49903200161707134,0.8069443690367689,0.8077187687106177
27,nonselective_reward,40,0.4990612241497999,0.8147691300940536,0.815520151656715
28,reward_A,0,0.5,0.0,0.0
28,reward_A,1,0.5853112175797616,0.08000000000000007,0.011076923076923317
28,reward_A,2,0.6596335311931671,0.15360000000000007,0.021267692307692432
28,reward_A,3,0.7217871859208452,0.22131200000000006,0.03064319999999998
28,reward_A,4,0.7723611491182839,0.2836070399999999,0.039268667076923336
28,reward_A,5,0.8128402248265602,0.3409184768,0.04720409678769222
28,reward_A,6,0.8449724961697672,0.393644998656,0.05450469212160003
28,reward_A,7,0.870418126778962,0.4421533987635199,0.061221239828795126
28,reward_A,8,0.890601832949988,0.48678112686243824,0.06740046371941477
28,reward_A,9,0.9066809565974838,0.5278386367134431,0.07308534969878455
28,reward_A,10,0.9195671580999129,0.5656115457763677,0.07831544479980479
28,reward_A,11,0.9299666683000529,0.6003626221142582,0.08312713229274349
28,reward_A,12,0.9384222057450268,0.6323336123451176,0.08755388478624693
28,reward_A,13,0.9453497993760237,0.6617469233575082,0.09162649708027049
28,reward_A,14,0.9510687148603066,0.6888071694889075,0.09537330039077185
28,reward_A,15,0.9558248040303297,0.7137025959297949,0.09882035943643319
28,reward_A,16,0.9598083232271503,0.7366063882554112,0.10199165375844155
28,reward_A,17,0.9631673736563894,0.7576778771949784,0.10490924453468942
28,reward_A,18,0.9660179868670398,0.7770636470193801,0.10759342804883731
28,reward_A,19,0.9684516842963788,0.7948985552578297,0.11006287688185346
28,reward_A,20,0.9705411521987056,0.8113066708372033,0.11233476980822821
28,reward_A,21,0.9723445157850801,0.826402137170227,0.11442491130049304
28,reward_A,22,0.973908572615648,0.8402899661966089,0.11634784147337662
28,reward_A,23,0.9752712513329173,0.8530667689008802,0.11811693723242978
28,reward_A,24,0.9764634918814056,0.8648214273888097,0.11974450533075831
28,reward_A,25,0.9775106918338567,0.875635713197705,0.12124186798122083
28,reward_A,26,0.9784338256781436,0.8855848561418885,0.12261944161964622
28,reward_A,27,0.9792503162808298,0.8947380676505374,0.1238868093669977
28,reward_A,28,0.9799747175015293,0.9031590222384944,0.12505278769456096
28,reward_A,29,0.9806192520726806,0.9109063004594149,0.12612548775591903
28,reward_A,30,0.9811942379137337,0.9180337964226617,0.12711237181236867
28,reward_A,31,0.9817084279527524,0.9245910927088488,0.12802030514430207
28,reward_A,32,0.9821692825124092,0.9306238052921408,0.1288556038096812
28,reward_A,33,0.9825831888247847,0.9361739008687696,0.12962407858182967
28,reward_A,34,0.9829556388671908,0.941279988799268,0.13033107537220645
28,reward_A,35,0.983291374166721,0.9459775896953266,0.13098151241935307
28,reward_A,36,0.9835945042910392,0.9502993825197005,0.13157991450272766
28,reward_A,37,0.9838686042710342,0.9542754319181244,0.13213044441943267
28,reward_A,38,0.9841167950726261,0.9579333973646744,0.13263693194280113
28,reward_A,39,0.9843418103655986,0.9612987255755004,0.13310290046430018
28,reward_A,40,0.9845460521639984,0.9643948275294605,0.13353159150407923
28,reward_B,0,0.5,0.0,0.0
28,reward_B,1,0.4152217434082,0.011515994436717802,0.07999999999999996
28,reward_B,2,0.34131346343111707,0.022110709318498012,0.15359999999999996
28,reward_B,3,0.2794340242814348,0.03185784700973571,0.22131200000000006
28,reward_B,4,0.22901010611803946,0.04082521368567449,0.2836070399999999
28,reward_B,5,0.18858719963237217,0.04907519102753832,0.34091847679999987
28,reward_B,6,0.156447830972362,0.05666517018205286,0.3936449986559999
28,reward_B,7,0.130956583735201,0.06364795100420628,0.4421533987635198
28,reward_B,8,0.1107064689393859,0.07007210936058739,0.48678112686243824
28,reward_B,9,0.09455186240492268,0.07598233504845808,0.5278386367134431
28,reward_B,10,0.08158836595628283,0.08141974268129903,0.5656115457763677
28,reward_B,11,0.07111396521739023,0.0864221577035128,0.6003626221142584
28,reward_B,12,0.06258818517840695,0.09102437952394948,0.6323336123451175
28,reward_B,13,0.05559601499962965,0.09525842359875114,0.6617469233575082
28,reward_B,14,0.04981847591895384,0.09915374414756883,0.6888071694889075
28,reward_B,15,0.04500958724828677,0.102737439052481,0.7137025959297949
28,reward_B,16,0.040978743870184436,0.10603443836500026,0.7366063882554112
28,reward_B,17,0.03757739436460636,0.1090676777325178,0.7576778771949784
28,reward_B,18,0.034689025116008,0.11185825795063409,0.7770636470193801
28,reward_B,19,0.03222164000216149,0.11442559175130107,0.7948985552578297
28,reward_B,20,0.030102106175413635,0.11678753884791448,0.8113066708372033
28,reward_B,21,0.02827188954250096,0.11896053017679908,0.826402137170227
28,reward_B,22,0.02668382451794733,0.12095968219937281,0.8402899661966088
28,reward_B,23,0.025299654798225543,0.12279890206014055,0.8530667689008802
28,reward_B,24,0.024088150731104232,0.12449098433204708,0.8648214273888097
28,reward_B,25,0.023023659686095637,0.12604770002220111,0.875635713197705
28,reward_B,26,0.02208498316970099,0.1274798784571427,0.8855848561418885
28,reward_B,27,0.021254501805048606,0.12879748261728885,0.8947380676505374
28,reward_B,28,0.020517489378495304,0.1300096784446233,0.9031590222384944
28,reward_B,29,0.01986157192056049,0.13112489860577126,0.9109063004594149
28,reward_B,30,0.01927629867899411,0.13215090115402717,0.9180337964226617
28,reward_B,31,0.018752799906827544,0.13309482349842272,0.9245910927088488
28,reward_B,32,0.018283512388007236,0.1339632320552666,0.9306238052921408
28,reward_B,33,0.01786195810827479,0.1347621679275628,0.9361739008687696
28,reward_B,34,0.01748256484874663,0.13549718893007545,0.941279988799268
28,reward_B,35,0.017140520024636025,0.13617340825238722,0.9459775896953265
28,reward_B,36,0.016831651023703074,0.13679553002891387,0.9502993825197005
28,reward_B,37,0.016552326773572983,0.1373678820633184,0.9542754319181244
28,reward_B,38,0.016299376398251367,0.13789444593497058,0.9579333973646744
28,reward_B,39,0.01607002169639812,0.13837888469689053,0.9612987255755004
28,reward_B,40,0.015861820849871526,0.13882456835785717,0.9643948275294605
28,no_reward,0,0.5,0.0,0.0
28,no_reward,1,0.5,0.0,0.0
28,no_reward,2,0.5,0.0,0.0
28,no_reward,3,0.5,0.0,0.0
28,no_reward,4,0.5,0.0,0.0
28,no_reward,5,0.5,0.0,0.0
28,no_reward,6,0.5,0.0,0.0
28,no_reward,7,0.5,0.0,0.0
28,no_reward,8,0.5,0.0,0.0
28,no_reward,9,0.5,0.0,0.0
28,no_reward,10,0.5,0.0,0.0
28,no_reward,11,0.5,0.0,0.0
28,no_reward,12,0.5,0.0,0.0
28,no_reward,13,0.5,0.0,0.0
28,no_reward,14,0.5,0.0,0.0
28,no_reward,15,0.5,0.0,0.0
28,no_reward,16,0.5,0.0,0.0
28,no_reward,17,0.5,0.0,0.0
28,no_reward,18,0.5,0.0,0.0
28,no_reward,19,0.5,0.0,0.0
28,no_reward,20,0.5,0.0,0.0
28,no_reward,21,0.5,0.0,0.0
28,no_reward,22,0.5,0.0,0.0
28,no_reward,23,0.5,0.0,0.0
28,no_reward,24,0.5,0.0,0.0
28,no_reward,25,0.5,0.0,0.0
28,no_reward,26,0.5,0.0,0.0
28,no_reward,27,0.5,0.0,0.0
28,no_reward,28,0.5,0.0,0.0
28,no_reward,29,0.5,0.0,0.0
28,no_reward,30,0.5,0.0,0.0
28,no_reward,31,0.5,0.0,0.0
28,no_reward,32,0.5,0.0,0.0
28,no_reward,33,0.5,0.0,0.0
28,no_reward,34,0.5,0.0,0.0
28,no_reward,35,0.5,0.0,0.0
28,no_reward,36,0.5,0.0,0.0
28,no_reward,37,0.5,0.0,0.0
28,no_reward,38,0.5,0.0,0.0
28,no_reward,39,0.5,0.0,0.0
28,no_reward,40,0.5,0.0,0.0
28,frozen,0,0.5,0.0,0.0
28,frozen,1,0.5,0.0,0.0
28,frozen,2,0.5,0.0,0.0
28,frozen,3,0.5,0.0,0.0
28,frozen,4,0.5,0.0,0.0
28,frozen,5,0.5,0.0,0.0
28,frozen,6,0.5,0.0,0.0
28,frozen,7,0.5,0.0,0.0
28,frozen,8,0.5,0.0,0.0
28,frozen,9,0.5,0.0,0.0
28,frozen,10,0.5,0.0,0.0
28,frozen,11,0.5,0.0,0.0
28,frozen,12,0.5,0.0,0.0
28,frozen,13,0.5,0.0,0.0
28,frozen,14,0.5,0.0,0.0
28,frozen,15,0.5,0.0,0.0
28,frozen,16,0.5,0.0,0.0
28,frozen,17,0.5,0.0,0.0
28,frozen,18,0.5,0.0,0.0
28,frozen,19,0.5,0.0,0.0
28,frozen,20,0.5,0.0,0.0
28,frozen,21,0.5,0.0,0.0
28,frozen,22,0.5,0.0,0.0
28,frozen,23,0.5,0.0,0.0
28,frozen,24,0.5,0.0,0.0
28,frozen,25,0.5,0.0,0.0
28,frozen,26,0.5,0.0,0.0
28,frozen,27,0.5,0.0,0.0
28,frozen,28,0.5,0.0,0.0
28,frozen,29,0.5,0.0,0.0
28,frozen,30,0.5,0.0,0.0
28,frozen,31,0.5,0.0,0.0
28,frozen,32,0.5,0.0,0.0
28,frozen,33,0.5,0.0,0.0
28,frozen,34,0.5,0.0,0.0
28,frozen,35,0.5,0.0,0.0
28,frozen,36,0.5,0.0,0.0
28,frozen,37,0.5,0.0,0.0
28,frozen,38,0.5,0.0,0.0
28,frozen,39,0.5,0.0,0.0
28,frozen,40,0.5,0.0,0.0
28,nonselective_reward,0,0.5,0.0,0.0
28,nonselective_reward,1,0.5002634427914988,0.045527677329624594,0.045316923076923143
28,nonselective_reward,2,0.5004956938399562,0.0888008776634216,0.08840432246153862
28,nonselective_reward,3,0.5006996200350919,0.12994375628159138,0.1293840598882462
28,nonselective_reward,4,0.5008778466863034,0.1690728385190171,0.1683705604483926
28,nonselective_reward,5,0.5010327771179914,0.20629753379983284,0.20547131093040782
28,nonselective_reward,6,0.5011666107080363,0.24172061273780432,0.24078732247778634
28,nonselective_reward,7,0.5012813594906748,0.2754386500635235,0.27441356022687746
28,nonselective_reward,8,0.5013788634359714,0.30754243592833197,0.30643934238318593
28,nonselective_reward,9,0.5014608045096408,0.3381173579401481,0.33694871100731594
28,nonselective_reward,10,0.5015287196090893,0.3672437561066936,0.3660207766086352
28,nonselective_reward,11,0.5015840124641923,0.39499725269582,0.3937300384850395
28,nonselective_reward,12,0.5016279645845014,0.421449058869643,0.4201466825998328
28,nonselective_reward,13,0.5016617453282478,0.44666625980803154,0.44533685865074546
28,nonselective_reward,14,0.5016864211626386,0.4707120799066994,0.4693629378605969
28,nonselective_reward,15,0.5017029641795292,0.49364612951492726,0.4922837529032733
28,nonselective_reward,16,0.5017122599255214,0.5155246345669535,0.514154821271766
28,nonselective_reward,17,0.5017151146009237,0.5364006503586609,0.5350285532963244
28,nonselective_reward,18,0.5017122616777181,0.5563242606266282,0.5549544459296669
28,nonselective_reward,19,0.5017043679827374,0.5753427629993435,0.5739792633320844
28,nonselective_reward,20,0.5016920392886143,0.593500841809804,0.5921472052116201
28,nonselective_reward,21,0.5016758254517073,0.6108407291843403,0.6095000638028094
28,nonselective_reward,22,0.5016562251331093,0.6274023552538158,0.6260773703012583
28,nonselective_reward,23,0.5016336901359998,0.6432234882699434,0.6419165315102053
28,nonselective_reward,24,0.5016086293899612,0.6583398653508854,0.6570529573987482
28,nonselective_reward,25,0.5015814126104647,0.6727853145262295,0.6715201802192715
28,nonselective_reward,26,0.5015523736594958,0.6865918687014723,0.6853499657834425
28,nonselective_reward,27,0.5015218136312377,0.6997898721160122,0.6985724174516479
28,nonselective_reward,28,0.5014900036848223,0.7124080798260227,0.711216073349641
28,nonselective_reward,29,0.5014571876444337,0.7244737507042123,0.7233079972881833
28,nonselective_reward,30,0.5014235843854207,0.7360127344120897,0.7348738638263778
28,nonselective_reward,31,0.5013893900236099,0.747049552766746,0.7459380378869542
28,nonselective_reward,32,0.501354779923636,0.7576074758930947,0.7565236493017989
28,nonselective_reward,33,0.501319910540855,0.7677085935238073,0.7666526626383126
28,nonselective_reward,34,0.5012849211102487,0.7773738817826426,0.7763459426315724
28,nonselective_reward,35,0.5012499351946592,0.7866232657623413,0.7856233155235968
28,nonselective_reward,36,0.5012150621037159,0.7954756781855732,0.7945036265891127
28,nonselective_reward,37,0.5011803981939077,0.8039491144164639,0.8030047941069896
28,nonselective_reward,38,0.5011460280594253,0.812060684070827,0.8111438600177663
28,nonselective_reward,39,0.5011120256226304,0.8198266594553035,0.8189370374903875
28,nonselective_reward,40,0.5010784551322983,0.827262521049012,0.8263997556052347
29,reward_A,0,0.5,0.0,0.0
29,reward_A,1,0.5899324186073914,0.0800000000000003,0.007262798634812273
29,reward_A,2,0.6678056797762078,0.15360000000000018,0.013944573378839475
29,reward_A,3,0.732256409719907,0.22131200000000006,0.020091806143344715
29,reward_A,4,0.7840284968454797,0.28360704000000003,0.02574726028668939
29,reward_A,5,0.8248907651720745,0.3409184768,0.030950278098566653
29,reward_A,6,0.8568708356813041,0.3936449986559999,0.03573705448549358
29,reward_A,7,0.8818495394900828,0.4421533987635199,0.040140888761466154
29,reward_A,8,0.901405839505387,0.48678112686243835,0.04419241629536119
29,reward_A,9,0.9167963444908657,0.5278386367134432,0.04791982162654462
29,reward_A,10,0.9289923282196598,0.5656115457763677,0.051349034531233406
29,reward_A,11,0.938733220089552,0.6003626221142583,0.05450391040354696
29,reward_A,12,0.9465782705744774,0.6323336123451176,0.05740639620607568
29,reward_A,13,0.9529499834426819,0.6617469233575082,0.06007668314440184
29,reward_A,14,0.9581683038512587,0.6888071694889075,0.06253334712766201
29,reward_A,15,0.9624766207258569,0.7137025959297949,0.06479347799226143
29,reward_A,16,0.9660611890414535,0.7366063882554114,0.06687279838769267
29,reward_A,17,0.9690655114239048,0.7576778771949784,0.0687857731514896
29,reward_A,18,0.9716009556408333,0.7770636470193801,0.07054570993418274
29,reward_A,19,0.9737545982576883,0.7948985552578297,0.07216485177426035
29,reward_A,20,0.9755950364500655,0.8113066708372033,0.07365446226713168
29,reward_A,21,0.9771767137104831,0.826402137170227,0.0750249039205736
29,reward_A,22,0.9785431570865964,0.8402899661966089,0.07628571024173991
29,reward_A,23,0.9797294145681199,0.8530667689008802,0.0774456520572131
29,reward_A,24,0.980763902046564,0.8648214273888097,0.07851279852744808
29,reward_A,25,0.9816698121135492,0.875635713197705,0.0794945732800647
29,reward_A,26,0.9824661957971451,0.8855848561418885,0.08039780605247193
29,reward_A,27,0.9831687986681241,0.8947380676505374,0.08122878020308644
29,reward_A,28,0.9837907113141348,0.9031590222384944,0.08199327642165166
29,reward_A,29,0.984342878636758,0.9109063004594149,0.08269661294273178
29,reward_A,30,0.984834501103813,0.9180337964226617,0.08334368254212576
29,reward_A,31,0.9852733527989774,0.9245910927088488,0.0839389865735678
29,reward_A,32,0.9856660350076031,0.9306238052921408,0.08448666628249468
29,reward_A,33,0.9860181795590574,0.9361739008687696,0.08499053161470749
29,reward_A,34,0.9863346127812618,0.941279988799268,0.08545408772034313
29,reward_A,35,0.9866194884031091,0.9459775896953265,0.08588055933752792
29,reward_A,36,0.9868763958421592,0.9502993825197005,0.08627291322533803
29,reward_A,37,0.9871084488768544,0.9542754319181244,0.08663387880212337
29,reward_A,38,0.9873183586067937,0.9579333973646744,0.08696596713276572
29,reward_A,39,0.9875084937651986,0.9612987255755004,0.08727148839695675
29,reward_A,40,0.9876809308011527,0.9643948275294605,0.08755256796001243
29,reward_B,0,0.5,0.0,0.0
29,reward_B,1,0.4096834448447617,0.006945169712793908,0.08000000000000007
29,reward_B,2,0.3315182199903869,0.01333472584856421,0.15359999999999996
29,reward_B,3,0.26688310458039,0.019213117493472653,0.22131199999999984
29,reward_B,4,0.21501969310052413,0.024621237806788487,0.2836070399999999
29,reward_B,5,0.17413379484777503,0.02959670849503926,0.34091847679999976
29,reward_B,6,0.1421734312375928,0.03417414152822995,0.3936449986559998
29,reward_B,7,0.11723898088176592,0.038385379918765006,0.4421533987635198
29,reward_B,8,0.09773865929407051,0.042259719238057714,0.48678112686243813
29,reward_B,9,0.08240782617892671,0.045824111411806756,0.5278386367134431
29,reward_B,10,0.0702705414998968,0.04910335221165596,0.5656115457763677
29,reward_B,11,0.060584895367813495,0.052120253747517165,0.6003626221142582
29,reward_B,12,0.05279049987177729,0.05489580316050968,0.6323336123451175
29,reward_B,13,0.0464645000776119,0.05744930862046249,0.6617469233575081
29,reward_B,14,0.041287035638134434,0.05979853364361942,0.6888071694889075
29,reward_B,15,0.03701502577601923,0.06195982066492356,0.7137025959297949
29,reward_B,16,0.03346262197084228,0.06394820472452334,0.7366063882554112
29,reward_B,17,0.03048675540178566,0.06577751805935517,0.7576778771949784
29,reward_B,18,0.027976481116608266,0.06746048632740054,0.7770636470193801
29,reward_B,19,0.02584511529323356,0.0690088171340022,0.7948985552578296
29,reward_B,20,0.024024415445535366,0.07043328147607575,0.8113066708372032
29,reward_B,21,0.02246025292779161,0.07174378867078357,0.826402137170227
29,reward_B,22,0.021109377190591423,0.07294945528991459,0.8402899661966088
29,reward_B,23,0.019936981473521544,0.07405866857951515,0.8530667689008802
29,reward_B,24,0.01891485954259571,0.07507914480594757,0.8648214273888097
29,reward_B,25,0.018020000673321282,0.07601798293426565,0.875635713197705
29,reward_B,26,0.017233511502512462,0.07688171401231803,0.8855848561418885
29,reward_B,27,0.016539783187827672,0.07767634660412637,0.8947380676505374
29,reward_B,28,0.015925843831802556,0.07840740858859008,0.9031590222384944
29,reward_B,29,0.015380851715872517,0.07907998561429663,0.9109063004594149
29,reward_B,30,0.014895696235733384,0.07969875647794677,0.9180337964226617
29,reward_B,31,0.014462681729987019,0.08026802567250457,0.9245910927088488
29,reward_B,32,0.01407527550025132,0.0807917533314978,0.9306238052921408
29,reward_B,33,0.013727905838599471,0.08127358277777186,0.9361739008687696
29,reward_B,34,0.01341579924005848,0.08171686586834381,0.941279988799268
29,reward_B,35,0.013134848494289324,0.08212468631167014,0.9459775896953265
29,reward_B,36,0.012881505245090324,0.08249988111953022,0.9502993825197005
29,reward_B,37,0.012652692040914543,0.08284506034276151,0.9542754319181244
29,reward_B,38,0.01244572999200685,0.08316262522813433,0.9579333973646744
29,reward_B,39,0.012258278986270764,0.08345478492267722,0.9612987255755004
29,reward_B,40,0.012088288059999806,0.0837235718416568,0.9643948275294605
29,no_reward,0,0.5,0.0,0.0
29,no_reward,1,0.5,0.0,0.0
29,no_reward,2,0.5,0.0,0.0
29,no_reward,3,0.5,0.0,0.0
29,no_reward,4,0.5,0.0,0.0
29,no_reward,5,0.5,0.0,0.0
29,no_reward,6,0.5,0.0,0.0
29,no_reward,7,0.5,0.0,0.0
29,no_reward,8,0.5,0.0,0.0
29,no_reward,9,0.5,0.0,0.0
29,no_reward,10,0.5,0.0,0.0
29,no_reward,11,0.5,0.0,0.0
29,no_reward,12,0.5,0.0,0.0
29,no_reward,13,0.5,0.0,0.0
29,no_reward,14,0.5,0.0,0.0
29,no_reward,15,0.5,0.0,0.0
29,no_reward,16,0.5,0.0,0.0
29,no_reward,17,0.5,0.0,0.0
29,no_reward,18,0.5,0.0,0.0
29,no_reward,19,0.5,0.0,0.0
29,no_reward,20,0.5,0.0,0.0
29,no_reward,21,0.5,0.0,0.0
29,no_reward,22,0.5,0.0,0.0
29,no_reward,23,0.5,0.0,0.0
29,no_reward,24,0.5,0.0,0.0
29,no_reward,25,0.5,0.0,0.0
29,no_reward,26,0.5,0.0,0.0
29,no_reward,27,0.5,0.0,0.0
29,no_reward,28,0.5,0.0,0.0
29,no_reward,29,0.5,0.0,0.0
29,no_reward,30,0.5,0.0,0.0
29,no_reward,31,0.5,0.0,0.0
29,no_reward,32,0.5,0.0,0.0
29,no_reward,33,0.5,0.0,0.0
29,no_reward,34,0.5,0.0,0.0
29,no_reward,35,0.5,0.0,0.0
29,no_reward,36,0.5,0.0,0.0
29,no_reward,37,0.5,0.0,0.0
29,no_reward,38,0.5,0.0,0.0
29,no_reward,39,0.5,0.0,0.0
29,no_reward,40,0.5,0.0,0.0
29,frozen,0,0.5,0.0,0.0
29,frozen,1,0.5,0.0,0.0
29,frozen,2,0.5,0.0,0.0
29,frozen,3,0.5,0.0,0.0
29,frozen,4,0.5,0.0,0.0
29,frozen,5,0.5,0.0,0.0
29,frozen,6,0.5,0.0,0.0
29,frozen,7,0.5,0.0,0.0
29,frozen,8,0.5,0.0,0.0
29,frozen,9,0.5,0.0,0.0
29,frozen,10,0.5,0.0,0.0
29,frozen,11,0.5,0.0,0.0
29,frozen,12,0.5,0.0,0.0
29,frozen,13,0.5,0.0,0.0
29,frozen,14,0.5,0.0,0.0
29,frozen,15,0.5,0.0,0.0
29,frozen,16,0.5,0.0,0.0
29,frozen,17,0.5,0.0,0.0
29,frozen,18,0.5,0.0,0.0
29,frozen,19,0.5,0.0,0.0
29,frozen,20,0.5,0.0,0.0
29,frozen,21,0.5,0.0,0.0
29,frozen,22,0.5,0.0,0.0
29,frozen,23,0.5,0.0,0.0
29,frozen,24,0.5,0.0,0.0
29,frozen,25,0.5,0.0,0.0
29,frozen,26,0.5,0.0,0.0
29,frozen,27,0.5,0.0,0.0
29,frozen,28,0.5,0.0,0.0
29,frozen,29,0.5,0.0,0.0
29,frozen,30,0.5,0.0,0.0
29,frozen,31,0.5,0.0,0.0
29,frozen,32,0.5,0.0,0.0
29,frozen,33,0.5,0.0,0.0
29,frozen,34,0.5,0.0,0.0
29,frozen,35,0.5,0.0,0.0
29,frozen,36,0.5,0.0,0.0
29,frozen,37,0.5,0.0,0.0
29,frozen,38,0.5,0.0,0.0
29,frozen,39,0.5,0.0,0.0
29,frozen,40,0.5,0.0,0.0
29,nonselective_reward,0,0.5,0.0,0.0
29,nonselective_reward,1,0.499809422656018,0.04333368146214123,0.043486143344710015
29,nonselective_reward,2,0.4996414097136783,0.08467265503916466,0.08495952731740608
29,nonselective_reward,3,0.49949388721960086,0.12411719971960333,0.12452209008220627
29,nonselective_reward,4,0.4993649559985795,0.16176197686367544,0.16227001233798655
29,nonselective_reward,5,0.49925287747028096,0.1976963808555684,0.19829407932418464
29,nonselective_reward,6,0.49915606059500933,0.23200486585537716,0.23268001802052507
29,nonselective_reward,7,0.4990730498599452,0.26476725038084514,0.2655088113424581
29,nonselective_reward,8,0.4990025142240717,0.2960590013191753,0.2968569909985618
29,nonselective_reward,9,0.4989432369462716,0.3259514988492128,0.326796910551013
29,nonselective_reward,10,0.49889410622694447,0.35451228364355714,0.35539700010468234
29,nonselective_reward,11,0.4988541065988812,0.3818052876178598,0.3827220039437095
29,nonselective_reward,12,0.4988223110081595,0.4078910494000988,0.4088332023358675
29,nonselective_reward,13,0.4987978735304343,0.43282691560535125,0.4337886186340264
29,nonselective_reward,14,0.49878002267228555,0.456667228920983,0.457643212719958
29,nonselective_reward,15,0.4987680552112362,0.47946350393270565,0.4804490617580789
29,nonselective_reward,16,0.49876133053168414,0.5012645915531441,0.5022555291549968
29,nonselective_reward,17,0.4987592654173746,0.5221168328509895,0.5231094225544461
29,nonselective_reward,18,0.49876132926411937,0.5420642030200598,0.5430551416359706
29,nonselective_reward,19,0.4987670396793471,0.561148446173291,0.5621348164291117
29,nonselective_reward,20,0.49877595843769895,0.5794092015965089,0.5803884368025746
29,nonselective_reward,21,0.4987876877643077,0.5968841220504184,0.5978539737394978
29,nonselective_reward,22,0.49880186691964856,0.6136089846663784,0.6145674929652765
29,nonselective_reward,23,0.4988181690619084,0.6296177949418584,0.6305632614530758
29,nonselective_reward,24,0.4988362983647228,0.644942884304808,0.6458738472939807
29,nonselective_reward,25,0.49885598736988246,0.6596150016822466,0.6605302133834055
29,nonselective_reward,26,0.498876994556224,0.6736633994770167,0.6745618053427285
29,nonselective_reward,27,0.4988991021074126,0.6871159143276104,0.6879966340648973
29,nonselective_reward,28,0.4989221138626867,0.6999990429991338,0.7008613532448065
29,nonselective_reward,29,0.49894585343590137,0.7123380137286177,0.713181332229387
29,nonselective_reward,30,0.4989701624893685,0.7241568533248852,0.7249807244984173
29,nonselective_reward,31,0.49899489915006756,0.7354784503019018,0.7362825320649232
29,nonselective_reward,32,0.4990199365567755,0.7463246143048128,0.7471086660635278
29,nonselective_reward,33,0.4990451615275881,0.7567161320696323,0.7574800037761419
29,nonselective_reward,34,0.499070473338129,0.7666728201406373,0.7674164423268074
29,nonselective_reward,35,0.49909578260152154,0.776213574553865,0.776936949261232
29,nonselective_reward,36,0.49912101024190736,0.7853564176806055,0.7860596102114839
29,nonselective_reward,37,0.49914608655394205,0.794118542411339,0.7948016738323427
29,nonselective_reward,38,0.4991709503413163,0.8025163538481072,0.8031795941828687
29,nonselective_reward,39,0.49919554812788564,0.8105655086617601,0.8112090707147541
29,nonselective_reward,40,0.4992198334355199,0.8182809522598089,0.8189050860179069
