bodyId,type,instance,class,somaSide
10013,MBON01,MBON01(y5B'2a)_R,MBON,R
10079,MBON06,MBON06(B1>a)_R,MBON,R
10267,MBON14,MBON14(a3)_R,MBON,R
10495,MBON05,MBON05(y4>y1y2)_R,MBON,R
10599,MBON35,MBON35(y2)_L,MBON,L
10704,MBON11,MBON11(y1pedc>a/B)_L,MBON,L
10804,MBON20,MBON20(y1y2)_R,MBON,R
10816,MBON31,MBON31(a'1a)_L,MBON,L
10826,MBON21,MBON21(y4y5)_L,MBON,L
11145,MBON20,MBON20(y1y2)_L,MBON,L
11176,MBON26,MBON26(b'2d)_R,MBON,R
11402,MBON11,MBON11(y1pedc>a/B)_R,MBON,R
11455,MBON32,MBON32(y2)_L,MBON,L
11777,MBON15,MBON15(a'1)_R,MBON,R
11785,MBON33,MBON33(y2y3)_L,MBON,L
11805,MBON31,MBON31(a'1a)_R,MBON,R
11862,KCab-s,KCab-s_L,Kenyon_Cell,L
11873,MBON14,MBON14(a3)_L,MBON,L
11990,MBON22,MBON22(calyx)_R,MBON,R
12690,MBON06,MBON06(B1>a)_L,MBON,L
12726,MBON13,MBON13(a'2)_L,MBON,L
12859,MBON07,MBON07(a1)_R,MBON,R
12918,MBON22,MBON22(calyx)_L,MBON,L
13173,KCab-c,KCab-c_R,Kenyon_Cell,R
13728,MBON12,MBON12(y2a'1)_L,MBON,L
13768,MBON12,MBON12(y2a'1)_L,MBON,L
14221,MBON18,MBON18(a2sc)_R,MBON,R
14292,KCg-m,KCg-m_R,Kenyon_Cell,R
15103,KCg-m,KCg-m_R,Kenyon_Cell,R
15626,MBON07,MBON07(a1)_L,MBON,L
15708,MBON24,MBON24(B2y5)_R,MBON,R
17488,KCa'b'-ap2,KCa'b'-ap2_R,Kenyon_Cell,R
17946,MBON14,MBON14(a3)_R,MBON,R
18031,KCa'b'-ap2,KCa'b'-ap2_R,Kenyon_Cell,R
18406,MBON24,MBON24(B2y5)_L,MBON,L
18540,KCg-s1,KCg-s1_R,Kenyon_Cell,R
18603,MBON07,MBON07(a1)_L,MBON,L
18713,MBON09,MBON09(y3B'1)_L,MBON,L
19083,KCg-m,KCg-m_L,Kenyon_Cell,L
19102,KCg-d,KCg-d_R,Kenyon_Cell,R
19267,MBON09,MBON09(y3B'1)_L,MBON,L
19366,MBON14,MBON14(a3)_L,MBON,L
19788,KCg-d,KCg-d_L,Kenyon_Cell,L
20322,KCa'b'-ap2,KCa'b'-ap2_R,Kenyon_Cell,R
20773,KCg-m,KCg-m_R,Kenyon_Cell,R
20835,MBON23,MBON23(a2sp)_R,MBON,R
21242,MBON09,MBON09(y3B'1)_R,MBON,R
21778,KCg-s1,KCg-s1_L,Kenyon_Cell,L
21879,KCg-m,KCg-m_R,Kenyon_Cell,R
22031,KCg-m,KCg-m_R,Kenyon_Cell,R
22533,KCg-m,KCg-m_R,Kenyon_Cell,R
22995,KCa'b'-ap2,KCa'b'-ap2_R,Kenyon_Cell,R
23037,KCab-s,KCab-s_R,Kenyon_Cell,R
23166,KCg-m,KCg-m_R,Kenyon_Cell,R
24146,KCg-s2,KCg-s2_L,Kenyon_Cell,L
24204,KCg-m,KCg-m_R,Kenyon_Cell,R
24695,KCab-m,KCab-m_R,Kenyon_Cell,R
24959,KCg-m,KCg-m_R,Kenyon_Cell,R
25017,KCg-m,KCg-m_R,Kenyon_Cell,R
25030,KCg-s2,KCg-s2_R,Kenyon_Cell,R
25631,KCa'b'-ap1,KCa'b'-ap1_R,Kenyon_Cell,R
25879,KCab-m,KCab-m_R,Kenyon_Cell,R
26485,MBON28,MBON28(a'3a)_R,MBON,R
26792,KCg-m,KCg-m_R,Kenyon_Cell,R
26853,MBON19,MBON19(a2p3p)_R,MBON,R
27583,KCg-m,KCg-m_R,Kenyon_Cell,R
28196,KCa'b'-ap1,KCa'b'-ap1_L,Kenyon_Cell,L
28516,KCa'b'-ap1,KCa'b'-ap1_L,Kenyon_Cell,L
28622,MBON28,MBON28(a'3a)_L,MBON,L
28631,KCg-m,KCg-m_R,Kenyon_Cell,R
28848,KCg-d,KCg-d_L,Kenyon_Cell,L
29471,KCab-m,KCab-m_R,Kenyon_Cell,R
29728,KCg-m,KCg-m_R,Kenyon_Cell,R
30397,KCg-d,KCg-d_R,Kenyon_Cell,R
31016,MBON17,MBON17(a'3m)_L,MBON,L
31083,MBON15-like,MBON15-like(a'1a'2)_L,MBON,L
31720,KCg-m,KCg-m_R,Kenyon_Cell,R
32035,KCg-m,KCg-m_R,Kenyon_Cell,R
32386,KCa'b'-ap1,KCa'b'-ap1_L,Kenyon_Cell,L
32683,KCg-d,KCg-d_L,Kenyon_Cell,L
33086,KCa'b'-ap2,KCa'b'-ap2_L,Kenyon_Cell,L
33617,MBON19,MBON19(a2p3p)_R,MBON,R
33673,KCa'b'-ap1,KCa'b'-ap1_L,Kenyon_Cell,L
33808,KCg-m,KCg-m_L,Kenyon_Cell,L
34130,KCg-m,KCg-m_R,Kenyon_Cell,R
34870,KCab-p,KCab-p_R,Kenyon_Cell,R
34908,KCg-m,KCg-m_R,Kenyon_Cell,R
35073,KCa'b'-ap2,KCa'b'-ap2_L,Kenyon_Cell,L
35180,KCg-d,KCg-d_R,Kenyon_Cell,R
35489,KCa'b'-ap1,KCa'b'-ap1_L,Kenyon_Cell,L
35668,KCa'b'-ap1,KCa'b'-ap1_L,Kenyon_Cell,L
35736,KCa'b'-m,KCa'b'-m_R,Kenyon_Cell,R
35775,KCa'b'-ap2,KCa'b'-ap2_R,Kenyon_Cell,R
36007,KCa'b'-ap1,KCa'b'-ap1_L,Kenyon_Cell,L
36043,KCa'b'-ap2,KCa'b'-ap2_L,Kenyon_Cell,L
36094,MBON19,MBON19(a2p3p)_L,MBON,L
36119,KCa'b'-ap1,KCa'b'-ap1_R,Kenyon_Cell,R
36251,KCg-m,KCg-m_R,Kenyon_Cell,R
36376,KCa'b'-ap2,KCa'b'-ap2_L,Kenyon_Cell,L
36378,KCg-m,KCg-m_R,Kenyon_Cell,R
36482,KCab-c,KCab-c_R,Kenyon_Cell,R
36713,KCa'b'-ap1,KCa'b'-ap1_R,Kenyon_Cell,R
36723,KCg-d,KCg-d_R,Kenyon_Cell,R
36839,KCg-m,KCg-m_R,Kenyon_Cell,R
37043,KCa'b'-ap1,KCa'b'-ap1_L,Kenyon_Cell,L
37293,KCa'b'-ap1,KCa'b'-ap1_R,Kenyon_Cell,R
37311,KCg-m,KCg-m_R,Kenyon_Cell,R
37432,KCg-m,KCg-m_R,Kenyon_Cell,R
37720,KCab-s,KCab-s_R,Kenyon_Cell,R
37860,KCa'b'-ap2,KCa'b'-ap2_R,Kenyon_Cell,R
37904,KCa'b'-ap1,KCa'b'-ap1_R,Kenyon_Cell,R
37916,KCg-m,KCg-m_L,Kenyon_Cell,L
38113,KCg-m,KCg-m_L,Kenyon_Cell,L
38121,KCa'b'-ap1,KCa'b'-ap1_R,Kenyon_Cell,R
38528,KCa'b'-ap1,KCa'b'-ap1_R,Kenyon_Cell,R
38549,KCg-m,KCg-m_L,Kenyon_Cell,L
38657,KCg-d,KCg-d_R,Kenyon_Cell,R
38684,KCa'b'-ap1,KCa'b'-ap1_L,Kenyon_Cell,L
38746,KCa'b'-ap2,KCa'b'-ap2_L,Kenyon_Cell,L
38774,KCa'b'-ap1,KCa'b'-ap1_R,Kenyon_Cell,R
38853,MBON15,MBON15(a'1)_L,MBON,L
38859,MBON15-like,MBON15-like(a'1a'2)_L,MBON,L
38934,KCa'b'-ap2,KCa'b'-ap2_R,Kenyon_Cell,R
38962,KCg-m,KCg-m_L,Kenyon_Cell,L
38967,KCg-m,KCg-m_R,Kenyon_Cell,R
39205,KCa'b'-ap1,KCa'b'-ap1_R,Kenyon_Cell,R
39316,KCg-d,KCg-d_R,Kenyon_Cell,R
39456,KCa'b'-ap2,KCa'b'-ap2_L,Kenyon_Cell,L
39531,KCg-m,KCg-m_L,Kenyon_Cell,L
39569,KCg-m,KCg-m_R,Kenyon_Cell,R
39608,MBON10,MBON10(B'1)_L,MBON,L
39655,KCa'b'-ap1,KCa'b'-ap1_R,Kenyon_Cell,R
39771,KCg-d,KCg-d_R,Kenyon_Cell,R
39909,KCg-m,KCg-m_R,Kenyon_Cell,R
40027,KCg-d,KCg-d_L,Kenyon_Cell,L
40066,KCa'b'-ap2,KCa'b'-ap2_R,Kenyon_Cell,R
40327,KCg-m,KCg-m_R,Kenyon_Cell,R
40376,KCg-m,KCg-m_R,Kenyon_Cell,R
40602,KCg-m,KCg-m_R,Kenyon_Cell,R
40615,KCa'b'-ap1,KCa'b'-ap1_R,Kenyon_Cell,R
40788,KCa'b'-ap2,KCa'b'-ap2_R,Kenyon_Cell,R
40821,KCg,KCg_L,Kenyon_Cell,L
40921,KCg-m,KCg-m_R,Kenyon_Cell,R
41131,KCg-m,KCg-m_L,Kenyon_Cell,L
41134,KCg-d,KCg-d_R,Kenyon_Cell,R
41150,KCg-m,KCg-m_R,Kenyon_Cell,R
41232,KCg-m,KCg-m_R,Kenyon_Cell,R
41295,KCg-m,KCg-m_R,Kenyon_Cell,R
41378,KCg-m,KCg-m_R,Kenyon_Cell,R
41406,KCab-c,KCab-c_R,Kenyon_Cell,R
41480,KCa'b'-m,KCa'b'-m_L,Kenyon_Cell,L
41509,KCa'b'-ap2,KCa'b'-ap2_L,Kenyon_Cell,L
41555,KCa'b'-ap1,KCa'b'-ap1_L,Kenyon_Cell,L
41602,KCa'b'-ap1,KCa'b'-ap1_L,Kenyon_Cell,L
41645,KCa'b'-ap2,KCa'b'-ap2_R,Kenyon_Cell,R
41692,MBON17,MBON17(a'3m)_R,MBON,R
41787,KCg-m,KCg-m_R,Kenyon_Cell,R
41793,KCa'b'-ap2,KCa'b'-ap2_L,Kenyon_Cell,L
41807,KCg-m,KCg-m_R,Kenyon_Cell,R
41891,KCg-m,KCg-m_R,Kenyon_Cell,R
41899,KCa'b'-ap2,KCa'b'-ap2_R,Kenyon_Cell,R
41920,KCg-m,KCg-m_L,Kenyon_Cell,L
41968,KCa'b'-ap1,KCa'b'-ap1_R,Kenyon_Cell,R
42111,KCa'b'-ap1,KCa'b'-ap1_L,Kenyon_Cell,L
42115,KCa'b'-ap1,KCa'b'-ap1_L,Kenyon_Cell,L
42131,KCa'b'-ap1,KCa'b'-ap1_L,Kenyon_Cell,L
42140,KCg-m,KCg-m_L,Kenyon_Cell,L
42182,KCa'b'-ap2,KCa'b'-ap2_R,Kenyon_Cell,R
42185,KCab-p,KCab-p_R,Kenyon_Cell,R
42216,KCg-m,KCg-m_R,Kenyon_Cell,R
42260,KCa'b'-ap1,KCa'b'-ap1_R,Kenyon_Cell,R
42370,KCg-d,KCg-d_R,Kenyon_Cell,R
42409,KCa'b'-ap1,KCa'b'-ap1_L,Kenyon_Cell,L
42425,KCg-m,KCg-m_R,Kenyon_Cell,R
42582,KCab-s,KCab-s_R,Kenyon_Cell,R
42597,KCa'b'-ap1,KCa'b'-ap1_L,Kenyon_Cell,L
42744,KCg-m,KCg-m_L,Kenyon_Cell,L
42813,KCa'b'-m,KCa'b'-m_R,Kenyon_Cell,R
42908,KCg-m,KCg-m_R,Kenyon_Cell,R
42969,KCg-d,KCg-d_R,Kenyon_Cell,R
43228,KCa'b'-ap2,KCa'b'-ap2_L,Kenyon_Cell,L
43246,KCa'b'-ap1,KCa'b'-ap1_L,Kenyon_Cell,L
43321,KCab-m,KCab-m_R,Kenyon_Cell,R
43351,KCa'b'-ap1,KCa'b'-ap1_L,Kenyon_Cell,L
43354,KCg-m,KCg-m_L,Kenyon_Cell,L
43358,KCa'b'-ap1,KCa'b'-ap1_R,Kenyon_Cell,R
43379,KCa'b'-m,KCa'b'-m_L,Kenyon_Cell,L
43380,KCg-m,KCg-m_R,Kenyon_Cell,R
43462,KCa'b'-ap1,KCa'b'-ap1_R,Kenyon_Cell,R
43474,KCab-m,KCab-m_R,Kenyon_Cell,R
43580,KCa'b'-ap2,KCa'b'-ap2_L,Kenyon_Cell,L
43597,KCg-m,KCg-m_R,Kenyon_Cell,R
43616,KCg-m,KCg-m_R,Kenyon_Cell,R
43639,KCg-m,KCg-m_L,Kenyon_Cell,L
43658,KCg-m,KCg-m_R,Kenyon_Cell,R
43775,KCg-m,KCg-m_R,Kenyon_Cell,R
43811,KCg-m,KCg-m_L,Kenyon_Cell,L
43850,KCg-m,KCg-m_R,Kenyon_Cell,R
43856,KCa'b'-ap2,KCa'b'-ap2_L,Kenyon_Cell,L
43867,KCg-d,KCg-d_R,Kenyon_Cell,R
43876,KCg-m,KCg-m_R,Kenyon_Cell,R
43889,KCa'b'-ap2,KCa'b'-ap2_R,Kenyon_Cell,R
43899,KCa'b'-ap1,KCa'b'-ap1_R,Kenyon_Cell,R
43980,KCg-m,KCg-m_R,Kenyon_Cell,R
44024,KCg-m,KCg-m_R,Kenyon_Cell,R
44035,KCa'b'-ap1,KCa'b'-ap1_L,Kenyon_Cell,L
44054,KCg-m,KCg-m_R,Kenyon_Cell,R
44069,KCg-d,KCg-d_L,Kenyon_Cell,L
44082,KCg-m,KCg-m_R,Kenyon_Cell,R
44179,KCa'b'-ap2,KCa'b'-ap2_R,Kenyon_Cell,R
44260,KCg-m,KCg-m_L,Kenyon_Cell,L
44314,KCa'b'-ap2,KCa'b'-ap2_R,Kenyon_Cell,R
44485,KCg-d,KCg-d_R,Kenyon_Cell,R
44551,KCa'b'-ap2,KCa'b'-ap2_L,Kenyon_Cell,L
44557,KCa'b'-m,KCa'b'-m_R,Kenyon_Cell,R
44619,MBON15-like,MBON15-like(a'1a'2)_R,MBON,R
44647,KCa'b'-ap1,KCa'b'-ap1_L,Kenyon_Cell,L
44682,KCg-m,KCg-m_L,Kenyon_Cell,L
44748,KCa'b'-ap2,KCa'b'-ap2_R,Kenyon_Cell,R
44766,KCg-m,KCg-m_R,Kenyon_Cell,R
44820,KCa'b'-ap1,KCa'b'-ap1_L,Kenyon_Cell,L
44840,KCg-m,KCg-m_R,Kenyon_Cell,R
44848,KCa'b'-ap1,KCa'b'-ap1_L,Kenyon_Cell,L
44850,KCg-s3,KCg-s3_L,Kenyon_Cell,L
44940,KCg-m,KCg-m_R,Kenyon_Cell,R
44948,KCg-d,KCg-d_R,Kenyon_Cell,R
45016,KCg-m,KCg-m_R,Kenyon_Cell,R
45032,KCab-s,KCab-s_R,Kenyon_Cell,R
45060,KCg-m,KCg-m_R,Kenyon_Cell,R
45066,KCa'b'-ap2,KCa'b'-ap2_L,Kenyon_Cell,L
45183,KCg-m,KCg-m_R,Kenyon_Cell,R
45199,KCg-m,KCg-m_L,Kenyon_Cell,L
45259,KCg-m,KCg-m_L,Kenyon_Cell,L
45266,KCa'b'-ap2,KCa'b'-ap2_L,Kenyon_Cell,L
45380,KCg-m,KCg-m_L,Kenyon_Cell,L
45388,KCa'b'-ap1,KCa'b'-ap1_R,Kenyon_Cell,R
45392,KCg-m,KCg-m_R,Kenyon_Cell,R
45434,KCg-m,KCg-m_L,Kenyon_Cell,L
45460,KCg-m,KCg-m_L,Kenyon_Cell,L
45467,KCg-m,KCg-m_L,Kenyon_Cell,L
45512,KCg-m,KCg-m_R,Kenyon_Cell,R
45529,KCab-s,KCab-s_R,Kenyon_Cell,R
45553,KCg-m,KCg-m_R,Kenyon_Cell,R
45563,KCg-m,KCg-m_R,Kenyon_Cell,R
45612,KCg-m,KCg-m_R,Kenyon_Cell,R
45620,KCg-m,KCg-m_L,Kenyon_Cell,L
45663,KCg-m,KCg-m_R,Kenyon_Cell,R
45721,KCab-s,KCab-s_R,Kenyon_Cell,R
45736,KCg-m,KCg-m_R,Kenyon_Cell,R
45761,KCg-m,KCg-m_R,Kenyon_Cell,R
45807,KCa'b'-m,KCa'b'-m_L,Kenyon_Cell,L
45881,KCg-m,KCg-m_R,Kenyon_Cell,R
45950,KCg-m,KCg-m_L,Kenyon_Cell,L
46056,KCa'b'-ap2,KCa'b'-ap2_R,Kenyon_Cell,R
46118,KCa'b'-ap1,KCa'b'-ap1_R,Kenyon_Cell,R
46195,KCg-m,KCg-m_R,Kenyon_Cell,R
46196,KCg-d,KCg-d_R,Kenyon_Cell,R
46266,KCg-m,KCg-m_R,Kenyon_Cell,R
46287,KCg-m,KCg-m_R,Kenyon_Cell,R
46398,KCab-p,KCab-p_R,Kenyon_Cell,R
46400,KCa'b'-ap2,KCa'b'-ap2_L,Kenyon_Cell,L
46425,KCa'b'-m,KCa'b'-m_R,Kenyon_Cell,R
46457,KCg-m,KCg-m_R,Kenyon_Cell,R
46463,KCg-m,KCg-m_R,Kenyon_Cell,R
46475,KCg-m,KCg-m_R,Kenyon_Cell,R
46497,KCg-m,KCg-m_L,Kenyon_Cell,L
46566,KCa'b'-ap2,KCa'b'-ap2_L,Kenyon_Cell,L
46592,KCab-s,KCab-s_R,Kenyon_Cell,R
46631,KCa'b'-ap1,KCa'b'-ap1_L,Kenyon_Cell,L
46670,KCg-m,KCg-m_R,Kenyon_Cell,R
46806,KCa'b'-ap1,KCa'b'-ap1_L,Kenyon_Cell,L
46991,KCg-m,KCg-m_R,Kenyon_Cell,R
47026,KCg-m,KCg-m_R,Kenyon_Cell,R
47074,KCa'b'-ap1,KCa'b'-ap1_L,Kenyon_Cell,L
47101,KCg-m,KCg-m_L,Kenyon_Cell,L
47117,KCg-m,KCg-m_L,Kenyon_Cell,L
47181,KCg-d,KCg-d_L,Kenyon_Cell,L
47193,KCab-s,KCab-s_L,Kenyon_Cell,L
47203,KCa'b'-m,KCa'b'-m_L,Kenyon_Cell,L
47287,KCg-m,KCg-m_L,Kenyon_Cell,L
47301,KCa'b'-ap1,KCa'b'-ap1_L,Kenyon_Cell,L
47354,KCg-d,KCg-d_R,Kenyon_Cell,R
47380,KCg-m,KCg-m_R,Kenyon_Cell,R
47391,KCa'b'-ap2,KCa'b'-ap2_L,Kenyon_Cell,L
47401,KCa'b'-m,KCa'b'-m_L,Kenyon_Cell,L
47435,KCa'b'-ap1,KCa'b'-ap1_R,Kenyon_Cell,R
47441,KCg-m,KCg-m_R,Kenyon_Cell,R
47446,KCg-m,KCg-m_R,Kenyon_Cell,R
47551,MBON19,MBON19(a2p3p)_L,MBON,L
47567,KCg-d,KCg-d_L,Kenyon_Cell,L
47630,KCa'b'-ap2,KCa'b'-ap2_R,Kenyon_Cell,R
47694,KCg-m,KCg-m_L,Kenyon_Cell,L
47732,KCa'b'-ap1,KCa'b'-ap1_R,Kenyon_Cell,R
47737,KCa'b'-ap1,KCa'b'-ap1_R,Kenyon_Cell,R
47758,KCg-m,KCg-m_L,Kenyon_Cell,L
47771,KCa'b'-ap2,KCa'b'-ap2_L,Kenyon_Cell,L
47779,KCg-m,KCg-m_R,Kenyon_Cell,R
47793,KCa'b'-m,KCa'b'-m_R,Kenyon_Cell,R
47834,KCa'b'-ap1,KCa'b'-ap1_R,Kenyon_Cell,R
47847,KCg-d,KCg-d_R,Kenyon_Cell,R
47858,KCg-m,KCg-m_R,Kenyon_Cell,R
47901,KCg-m,KCg-m_R,Kenyon_Cell,R
47984,KCg-m,KCg-m_R,Kenyon_Cell,R
47988,KCg-m,KCg-m_L,Kenyon_Cell,L
47997,KCg-m,KCg-m_R,Kenyon_Cell,R
48009,KCa'b'-ap2,KCa'b'-ap2_R,Kenyon_Cell,R
48021,KCg-m,KCg-m_R,Kenyon_Cell,R
48030,KCab-s,KCab-s_L,Kenyon_Cell,L
48032,KCa'b'-ap2,KCa'b'-ap2_L,Kenyon_Cell,L
48034,KCa'b'-ap2,KCa'b'-ap2_L,Kenyon_Cell,L
48100,KCa'b'-ap2,KCa'b'-ap2_L,Kenyon_Cell,L
48111,KCg-m,KCg-m_R,Kenyon_Cell,R
48122,KCg-d,KCg-d_L,Kenyon_Cell,L
48147,KCg-d,KCg-d_R,Kenyon_Cell,R
48174,KCa'b'-ap1,KCa'b'-ap1_R,Kenyon_Cell,R
48219,KCab-p,KCab-p_R,Kenyon_Cell,R
48309,KCg-m,KCg-m_R,Kenyon_Cell,R
48313,KCg-m,KCg-m_R,Kenyon_Cell,R
48337,KCg-m,KCg-m_L,Kenyon_Cell,L
48347,KCg-m,KCg-m_R,Kenyon_Cell,R
48438,KCg-d,KCg-d_R,Kenyon_Cell,R
48443,KCa'b'-ap1,KCa'b'-ap1_R,Kenyon_Cell,R
48502,KCa'b'-ap2,KCa'b'-ap2_L,Kenyon_Cell,L
48515,KCg-m,KCg-m_R,Kenyon_Cell,R
48517,KCa'b'-ap1,KCa'b'-ap1_R,Kenyon_Cell,R
48533,KCg-d,KCg-d_R,Kenyon_Cell,R
48596,KCg-m,KCg-m_L,Kenyon_Cell,L
48632,KCg-d,KCg-d_R,Kenyon_Cell,R
48641,KCg-d,KCg-d_R,Kenyon_Cell,R
48729,KCa'b'-ap1,KCa'b'-ap1_R,Kenyon_Cell,R
48759,KCg-m,KCg-m_L,Kenyon_Cell,L
48779,KCa'b'-ap2,KCa'b'-ap2_R,Kenyon_Cell,R
48829,KCa'b'-ap1,KCa'b'-ap1_R,Kenyon_Cell,R
48886,KCg-m,KCg-m_R,Kenyon_Cell,R
48904,KCg-m,KCg-m_R,Kenyon_Cell,R
48912,KCa'b'-ap2,KCa'b'-ap2_R,Kenyon_Cell,R
48975,KCg-m,KCg-m_R,Kenyon_Cell,R
48978,KCg-d,KCg-d_R,Kenyon_Cell,R
49019,KCg-m,KCg-m_R,Kenyon_Cell,R
49022,KCa'b'-ap1,KCa'b'-ap1_L,Kenyon_Cell,L
49052,KCg-d,KCg-d_R,Kenyon_Cell,R
49073,KCg-m,KCg-m_R,Kenyon_Cell,R
49124,KCg-m,KCg-m_L,Kenyon_Cell,L
49160,KCg-m,KCg-m_L,Kenyon_Cell,L
49254,KCg-m,KCg-m_R,Kenyon_Cell,R
49262,MBON10,MBON10(B'1)_R,MBON,R
49279,KCg-m,KCg-m_R,Kenyon_Cell,R
49345,KCg-d,KCg-d_R,Kenyon_Cell,R
49354,KCab-c,KCab-c_R,Kenyon_Cell,R
49363,KCa'b'-ap2,KCa'b'-ap2_L,Kenyon_Cell,L
49365,KCab-s,KCab-s_R,Kenyon_Cell,R
49394,KCa'b'-ap2,KCa'b'-ap2_L,Kenyon_Cell,L
49420,KCa'b'-m,KCa'b'-m_L,Kenyon_Cell,L
49450,KCa'b'-ap2,KCa'b'-ap2_L,Kenyon_Cell,L
49480,KCa'b'-ap1,KCa'b'-ap1_L,Kenyon_Cell,L
49526,KCg-m,KCg-m_L,Kenyon_Cell,L
49535,KCa'b'-ap2,KCa'b'-ap2_L,Kenyon_Cell,L
49544,KCg-m,KCg-m_L,Kenyon_Cell,L
49545,KCg-m,KCg-m_L,Kenyon_Cell,L
49569,KCg-m,KCg-m_R,Kenyon_Cell,R
49594,KCab-s,KCab-s_R,Kenyon_Cell,R
49632,KCg-m,KCg-m_R,Kenyon_Cell,R
49661,KCa'b'-ap1,KCa'b'-ap1_R,Kenyon_Cell,R
49687,KCg-m,KCg-m_R,Kenyon_Cell,R
49709,KCg-d,KCg-d_R,Kenyon_Cell,R
49710,KCg-d,KCg-d_R,Kenyon_Cell,R
49750,KCa'b'-ap2,KCa'b'-ap2_R,Kenyon_Cell,R
49752,KCg-m,KCg-m_R,Kenyon_Cell,R
49774,KCa'b'-m,KCa'b'-m_R,Kenyon_Cell,R
49805,KCg-m,KCg-m_R,Kenyon_Cell,R
49867,KCg-m,KCg-m_L,Kenyon_Cell,L
49899,KCa'b'-m,KCa'b'-m_R,Kenyon_Cell,R
49903,KCg-m,KCg-m_R,Kenyon_Cell,R
49950,KCa'b'-m,KCa'b'-m_L,Kenyon_Cell,L
49978,KCa'b'-ap1,KCa'b'-ap1_R,Kenyon_Cell,R
49987,KCg-m,KCg-m_R,Kenyon_Cell,R
50035,KCg-m,KCg-m_R,Kenyon_Cell,R
50057,KCa'b'-ap1,KCa'b'-ap1_R,Kenyon_Cell,R
50065,KCa'b'-ap1,KCa'b'-ap1_R,Kenyon_Cell,R
50122,KCa'b'-ap2,KCa'b'-ap2_L,Kenyon_Cell,L
50123,KCab-s,KCab-s_R,Kenyon_Cell,R
50185,KCg-m,KCg-m_R,Kenyon_Cell,R
50256,KCg-m,KCg-m_R,Kenyon_Cell,R
50291,KCg-m,KCg-m_R,Kenyon_Cell,R
50304,KCg-m,KCg-m_R,Kenyon_Cell,R
50411,KCg-m,KCg-m_L,Kenyon_Cell,L
50427,KCab-s,KCab-s_R,Kenyon_Cell,R
50454,KCa'b'-m,KCa'b'-m_R,Kenyon_Cell,R
50471,KCa'b'-ap1,KCa'b'-ap1_L,Kenyon_Cell,L
50568,KCg-m,KCg-m_L,Kenyon_Cell,L
50582,KCg-d,KCg-d_R,Kenyon_Cell,R
50591,KCg-m,KCg-m_L,Kenyon_Cell,L
50659,KCab-c,KCab-c_R,Kenyon_Cell,R
50698,KCa'b'-ap2,KCa'b'-ap2_L,Kenyon_Cell,L
50705,KCa'b'-ap2,KCa'b'-ap2_L,Kenyon_Cell,L
50712,KCa'b'-ap1,KCa'b'-ap1_L,Kenyon_Cell,L
50744,KCg-m,KCg-m_R,Kenyon_Cell,R
50746,KCa'b'-ap1,KCa'b'-ap1_R,Kenyon_Cell,R
50776,KCab-s,KCab-s_R,Kenyon_Cell,R
50791,KCg-m,KCg-m_L,Kenyon_Cell,L
50820,KCg-m,KCg-m_L,Kenyon_Cell,L
50839,KCg-m,KCg-m_R,Kenyon_Cell,R
50933,KCg-d,KCg-d_L,Kenyon_Cell,L
51010,KCa'b'-ap1,KCa'b'-ap1_R,Kenyon_Cell,R
51053,KCg-m,KCg-m_L,Kenyon_Cell,L
51054,KCa'b'-ap2,KCa'b'-ap2_R,Kenyon_Cell,R
51055,KCg-m,KCg-m_L,Kenyon_Cell,L
51093,KCg-m,KCg-m_R,Kenyon_Cell,R
51095,KCg-m,KCg-m_R,Kenyon_Cell,R
51113,KCg-m,KCg-m_R,Kenyon_Cell,R
51121,KCg-m,KCg-m_R,Kenyon_Cell,R
51195,KCg-m,KCg-m_R,Kenyon_Cell,R
51254,KCa'b'-ap2,KCa'b'-ap2_R,Kenyon_Cell,R
51318,KCa'b'-ap2,KCa'b'-ap2_R,Kenyon_Cell,R
51330,KCg-m,KCg-m_L,Kenyon_Cell,L
51334,KCa'b'-ap1,KCa'b'-ap1_L,Kenyon_Cell,L
51354,KCg-m,KCg-m_R,Kenyon_Cell,R
51383,KCa'b'-ap1,KCa'b'-ap1_R,Kenyon_Cell,R
51391,KCg-m,KCg-m_R,Kenyon_Cell,R
51394,KCab-p,KCab-p_R,Kenyon_Cell,R
51408,KCg-m,KCg-m_R,Kenyon_Cell,R
51428,KCg-m,KCg-m_R,Kenyon_Cell,R
51430,KCg-m,KCg-m_R,Kenyon_Cell,R
51459,KCg-m,KCg-m_L,Kenyon_Cell,L
51516,KCg-m,KCg-m_R,Kenyon_Cell,R
51535,KCg-m,KCg-m_L,Kenyon_Cell,L
51538,KCa'b'-ap1,KCa'b'-ap1_L,Kenyon_Cell,L
51552,KCg-m,KCg-m_L,Kenyon_Cell,L
51553,KCg-m,KCg-m_L,Kenyon_Cell,L
51556,KCa'b'-ap1,KCa'b'-ap1_R,Kenyon_Cell,R
51583,KCg-m,KCg-m_L,Kenyon_Cell,L
51600,KCab-p,KCab-p_R,Kenyon_Cell,R
51667,KCg-m,KCg-m_R,Kenyon_Cell,R
51679,KCg-d,KCg-d_R,Kenyon_Cell,R
51686,KCab-p,KCab-p_R,Kenyon_Cell,R
51688,KCa'b'-ap2,KCa'b'-ap2_R,Kenyon_Cell,R
51715,KCa'b'-ap1,KCa'b'-ap1_L,Kenyon_Cell,L
51742,KCg-m,KCg-m_L,Kenyon_Cell,L
51745,KCa'b'-m,KCa'b'-m_R,Kenyon_Cell,R
51751,KCg-m,KCg-m_L,Kenyon_Cell,L
51753,KCa'b'-m,KCa'b'-m_R,Kenyon_Cell,R
51795,KCa'b'-m,KCa'b'-m_L,Kenyon_Cell,L
51855,KCg-m,KCg-m_R,Kenyon_Cell,R
51865,KCg-m,KCg-m_L,Kenyon_Cell,L
51866,KCg-m,KCg-m_R,Kenyon_Cell,R
51883,KCg-m,KCg-m_R,Kenyon_Cell,R
51894,KCa'b'-ap2,KCa'b'-ap2_R,Kenyon_Cell,R
51937,KCg-m,KCg-m_L,Kenyon_Cell,L
51998,KCg-d,KCg-d_R,Kenyon_Cell,R
52022,KCg-m,KCg-m_R,Kenyon_Cell,R
52140,KCa'b'-ap1,KCa'b'-ap1_R,Kenyon_Cell,R
52141,KCa'b'-ap1,KCa'b'-ap1_L,Kenyon_Cell,L
52156,KCg-m,KCg-m_R,Kenyon_Cell,R
52189,KCa'b'-ap2,KCa'b'-ap2_L,Kenyon_Cell,L
52220,KCg-m,KCg-m_R,Kenyon_Cell,R
52267,KCa'b'-m,KCa'b'-m_R,Kenyon_Cell,R
52318,KCg-m,KCg-m_L,Kenyon_Cell,L
52337,KCa'b'-ap2,KCa'b'-ap2_R,Kenyon_Cell,R
52402,KCg-m,KCg-m_R,Kenyon_Cell,R
52513,KCa'b'-ap1,KCa'b'-ap1_L,Kenyon_Cell,L
52518,KCg-m,KCg-m_R,Kenyon_Cell,R
52564,KCg-m,KCg-m_L,Kenyon_Cell,L
52575,KCg-m,KCg-m_R,Kenyon_Cell,R
52581,KCa'b'-ap1,KCa'b'-ap1_R,Kenyon_Cell,R
52594,KCg-d,KCg-d_R,Kenyon_Cell,R
52613,KCa'b'-m,KCa'b'-m_R,Kenyon_Cell,R
52704,KCab-s,KCab-s_L,Kenyon_Cell,L
52706,KCa'b'-m,KCa'b'-m_R,Kenyon_Cell,R
52751,KCg-d,KCg-d_R,Kenyon_Cell,R
52773,KCg-m,KCg-m_R,Kenyon_Cell,R
52789,KCa'b'-ap2,KCa'b'-ap2_R,Kenyon_Cell,R
52824,KCab-s,KCab-s_L,Kenyon_Cell,L
52856,KCg-m,KCg-m_L,Kenyon_Cell,L
52877,KCa'b'-ap2,KCa'b'-ap2_R,Kenyon_Cell,R
52907,KCg-d,KCg-d_R,Kenyon_Cell,R
52923,KCa'b'-ap1,KCa'b'-ap1_L,Kenyon_Cell,L
52933,KCa'b'-ap2,KCa'b'-ap2_R,Kenyon_Cell,R
52938,KCg-m,KCg-m_L,Kenyon_Cell,L
52972,KCa'b'-m,KCa'b'-m_R,Kenyon_Cell,R
53014,KCab-s,KCab-s_R,Kenyon_Cell,R
53050,KCg-m,KCg-m_R,Kenyon_Cell,R
53099,KCg-m,KCg-m_R,Kenyon_Cell,R
53144,KCg-m,KCg-m_R,Kenyon_Cell,R
53154,KCg-m,KCg-m_R,Kenyon_Cell,R
53173,KCg-m,KCg-m_R,Kenyon_Cell,R
53178,KCg-m,KCg-m_R,Kenyon_Cell,R
53217,KCg-d,KCg-d_R,Kenyon_Cell,R
53221,KCa'b'-ap2,KCa'b'-ap2_R,Kenyon_Cell,R
53241,KCa'b'-ap2,KCa'b'-ap2_L,Kenyon_Cell,L
53250,KCa'b'-ap2,KCa'b'-ap2_R,Kenyon_Cell,R
53267,KCg-m,KCg-m_R,Kenyon_Cell,R
53271,KCg-d,KCg-d_L,Kenyon_Cell,L
53278,KCa'b'-ap1,KCa'b'-ap1_L,Kenyon_Cell,L
53331,KCa'b'-ap1,KCa'b'-ap1_L,Kenyon_Cell,L
53354,KCa'b'-ap2,KCa'b'-ap2_L,Kenyon_Cell,L
53382,KCa'b'-ap2,KCa'b'-ap2_R,Kenyon_Cell,R
53383,KCg-m,KCg-m_R,Kenyon_Cell,R
53397,KCa'b'-ap2,KCa'b'-ap2_L,Kenyon_Cell,L
53430,KCab-p,KCab-p_L,Kenyon_Cell,L
53448,KCa'b'-m,KCa'b'-m_R,Kenyon_Cell,R
53472,KCg-m,KCg-m_R,Kenyon_Cell,R
53505,KCg-d,KCg-d_R,Kenyon_Cell,R
53535,KCa'b'-ap1,KCa'b'-ap1_R,Kenyon_Cell,R
53592,KCa'b'-ap1,KCa'b'-ap1_R,Kenyon_Cell,R
53633,KCg-m,KCg-m_R,Kenyon_Cell,R
53645,KCa'b'-ap2,KCa'b'-ap2_R,Kenyon_Cell,R
53655,KCg-m,KCg-m_R,Kenyon_Cell,R
53680,KCg-d,KCg-d_L,Kenyon_Cell,L
53686,KCa'b'-ap2,KCa'b'-ap2_R,Kenyon_Cell,R
53688,KCg-m,KCg-m_R,Kenyon_Cell,R
53756,KCg-m,KCg-m_L,Kenyon_Cell,L
53766,KCa'b'-ap2,KCa'b'-ap2_R,Kenyon_Cell,R
53833,KCa'b'-m,KCa'b'-m_R,Kenyon_Cell,R
53836,KCg-m,KCg-m_R,Kenyon_Cell,R
53851,KCa'b'-ap2,KCa'b'-ap2_R,Kenyon_Cell,R
53863,KCab-c,KCab-c_R,Kenyon_Cell,R
53881,KCa'b'-m,KCa'b'-m_L,Kenyon_Cell,L
53914,KCa'b'-m,KCa'b'-m_R,Kenyon_Cell,R
53947,KCg-m,KCg-m_R,Kenyon_Cell,R
53957,KCa'b'-m,KCa'b'-m_R,Kenyon_Cell,R
53987,KCg-m,KCg-m_L,Kenyon_Cell,L
53994,KCg-m,KCg-m_R,Kenyon_Cell,R
54067,KCa'b'-ap1,KCa'b'-ap1_L,Kenyon_Cell,L
54192,KCa'b'-ap1,KCa'b'-ap1_R,Kenyon_Cell,R
54202,KCg-m,KCg-m_L,Kenyon_Cell,L
54255,KCg-m,KCg-m_L,Kenyon_Cell,L
54345,KCg-m,KCg-m_R,Kenyon_Cell,R
54398,KCab-s,KCab-s_L,Kenyon_Cell,L
54429,KCa'b'-m,KCa'b'-m_L,Kenyon_Cell,L
54455,KCg-m,KCg-m_R,Kenyon_Cell,R
54549,KCa'b'-ap1,KCa'b'-ap1_L,Kenyon_Cell,L
54641,KCa'b'-ap1,KCa'b'-ap1_L,Kenyon_Cell,L
54647,KCa'b'-ap1,KCa'b'-ap1_L,Kenyon_Cell,L
54661,KCab-s,KCab-s_R,Kenyon_Cell,R
54702,KCa'b'-ap1,KCa'b'-ap1_R,Kenyon_Cell,R
54717,KCa'b'-m,KCa'b'-m_L,Kenyon_Cell,L
54729,KCa'b'-ap1,KCa'b'-ap1_L,Kenyon_Cell,L
54746,KCg-m,KCg-m_R,Kenyon_Cell,R
54936,KCg-m,KCg-m_R,Kenyon_Cell,R
54957,KCa'b'-m,KCa'b'-m_R,Kenyon_Cell,R
54996,KCa'b'-ap2,KCa'b'-ap2_R,Kenyon_Cell,R
55003,KCa'b'-ap1,KCa'b'-ap1_L,Kenyon_Cell,L
55062,KCg-m,KCg-m_R,Kenyon_Cell,R
55083,KCa'b'-ap1,KCa'b'-ap1_R,Kenyon_Cell,R
55123,KCa'b'-ap2,KCa'b'-ap2_L,Kenyon_Cell,L
55141,KCa'b'-ap2,KCa'b'-ap2_R,Kenyon_Cell,R
55216,KCa'b'-m,KCa'b'-m_R,Kenyon_Cell,R
55227,KCab-c,KCab-c_R,Kenyon_Cell,R
55278,KCg-m,KCg-m_R,Kenyon_Cell,R
55316,KCab-p,KCab-p_L,Kenyon_Cell,L
55460,KCa'b'-ap2,KCa'b'-ap2_R,Kenyon_Cell,R
55480,KCa'b'-m,KCa'b'-m_L,Kenyon_Cell,L
55485,KCa'b'-ap1,KCa'b'-ap1_L,Kenyon_Cell,L
55528,KCab-s,KCab-s_R,Kenyon_Cell,R
55542,KCg-m,KCg-m_L,Kenyon_Cell,L
55586,KCa'b'-ap1,KCa'b'-ap1_L,Kenyon_Cell,L
55670,KCg-m,KCg-m_R,Kenyon_Cell,R
55755,KCab-c,KCab-c_R,Kenyon_Cell,R
55765,KCa'b'-m,KCa'b'-m_L,Kenyon_Cell,L
55850,KCg-m,KCg-m_R,Kenyon_Cell,R
55853,KCg-m,KCg-m_L,Kenyon_Cell,L
55857,KCg-m,KCg-m_R,Kenyon_Cell,R
55884,KCa'b'-m,KCa'b'-m_L,Kenyon_Cell,L
55919,KCa'b'-ap1,KCa'b'-ap1_R,Kenyon_Cell,R
55935,KCa'b'-ap2,KCa'b'-ap2_L,Kenyon_Cell,L
55946,KCab-p,KCab-p_R,Kenyon_Cell,R
55955,KCab-s,KCab-s_L,Kenyon_Cell,L
55998,KCg-m,KCg-m_R,Kenyon_Cell,R
56000,KCa'b'-ap1,KCa'b'-ap1_R,Kenyon_Cell,R
56130,KCa'b'-ap2,KCa'b'-ap2_R,Kenyon_Cell,R
56145,KCg-d,KCg-d_L,Kenyon_Cell,L
56223,KCg-m,KCg-m_R,Kenyon_Cell,R
56251,KCg-m,KCg-m_L,Kenyon_Cell,L
56274,KCab-s,KCab-s_R,Kenyon_Cell,R
56284,KCg-d,KCg-d_R,Kenyon_Cell,R
56297,KCg-m,KCg-m_R,Kenyon_Cell,R
56315,KCg-m,KCg-m_R,Kenyon_Cell,R
56352,KCab-p,KCab-p_L,Kenyon_Cell,L
56424,KCg-m,KCg-m_R,Kenyon_Cell,R
56430,KCg-m,KCg-m_R,Kenyon_Cell,R
56461,KCa'b'-ap2,KCa'b'-ap2_R,Kenyon_Cell,R
56650,KCg-m,KCg-m_L,Kenyon_Cell,L
56666,KCg-m,KCg-m_R,Kenyon_Cell,R
56692,KCa'b'-ap1,KCa'b'-ap1_L,Kenyon_Cell,L
56749,KCa'b'-m,KCa'b'-m_R,Kenyon_Cell,R
56866,KCg-m,KCg-m_L,Kenyon_Cell,L
56936,KCa'b'-ap2,KCa'b'-ap2_R,Kenyon_Cell,R
56943,KCa'b'-ap2,KCa'b'-ap2_R,Kenyon_Cell,R
57015,KCa'b'-ap2,KCa'b'-ap2_R,Kenyon_Cell,R
57075,KCg-m,KCg-m_R,Kenyon_Cell,R
57106,KCa'b'-ap2,KCa'b'-ap2_R,Kenyon_Cell,R
57152,KCg-m,KCg-m_L,Kenyon_Cell,L
57171,KCg-m,KCg-m_R,Kenyon_Cell,R
57179,KCg-m,KCg-m_R,Kenyon_Cell,R
57219,KCab-s,KCab-s_R,Kenyon_Cell,R
57244,KCab-p,KCab-p_L,Kenyon_Cell,L
57302,KCg-d,KCg-d_R,Kenyon_Cell,R
57314,KCg-m,KCg-m_R,Kenyon_Cell,R
57341,KCa'b'-m,KCa'b'-m_R,Kenyon_Cell,R
57355,KCg-m,KCg-m_R,Kenyon_Cell,R
57356,KCg-m,KCg-m_R,Kenyon_Cell,R
57387,KCa'b'-m,KCa'b'-m_L,Kenyon_Cell,L
57403,KCa'b'-ap1,KCa'b'-ap1_R,Kenyon_Cell,R
57413,KCg-d,KCg-d_R,Kenyon_Cell,R
57425,KCab-s,KCab-s_R,Kenyon_Cell,R
57460,KCg-d,KCg-d_R,Kenyon_Cell,R
57498,KCg-d,KCg-d_R,Kenyon_Cell,R
57532,KCg-m,KCg-m_R,Kenyon_Cell,R
57545,KCg-d,KCg-d_R,Kenyon_Cell,R
57550,KCg-d,KCg-d_R,Kenyon_Cell,R
57568,KCg-m,KCg-m_R,Kenyon_Cell,R
57661,KCa'b'-ap1,KCa'b'-ap1_L,Kenyon_Cell,L
57669,KCg-m,KCg-m_R,Kenyon_Cell,R
57673,KCa'b'-ap2,KCa'b'-ap2_L,Kenyon_Cell,L
57684,KCg-m,KCg-m_R,Kenyon_Cell,R
57729,KCab-s,KCab-s_R,Kenyon_Cell,R
57770,KCg-m,KCg-m_L,Kenyon_Cell,L
57796,KCa'b'-ap2,KCa'b'-ap2_L,Kenyon_Cell,L
57806,KCg-m,KCg-m_L,Kenyon_Cell,L
57865,KCab-p,KCab-p_R,Kenyon_Cell,R
57879,KCab-s,KCab-s_R,Kenyon_Cell,R
57902,KCab-s,KCab-s_L,Kenyon_Cell,L
57977,KCa'b'-ap1,KCa'b'-ap1_R,Kenyon_Cell,R
57978,KCg-m,KCg-m_R,Kenyon_Cell,R
58013,KCg-m,KCg-m_R,Kenyon_Cell,R
58014,KCg-m,KCg-m_R,Kenyon_Cell,R
58058,KCg-m,KCg-m_L,Kenyon_Cell,L
58097,KCa'b'-ap1,KCa'b'-ap1_L,Kenyon_Cell,L
58111,KCa'b'-ap1,KCa'b'-ap1_R,Kenyon_Cell,R
58130,KCa'b'-ap1,KCa'b'-ap1_R,Kenyon_Cell,R
58169,KCab-p,KCab-p_R,Kenyon_Cell,R
58183,KCg-m,KCg-m_R,Kenyon_Cell,R
58275,KCab-s,KCab-s_L,Kenyon_Cell,L
58295,KCab-p,KCab-p_R,Kenyon_Cell,R
58387,KCab-s,KCab-s_L,Kenyon_Cell,L
58401,MBON15,MBON15(a'1)_R,MBON,R
58471,KCg-m,KCg-m_L,Kenyon_Cell,L
58487,KCg-m,KCg-m_R,Kenyon_Cell,R
58501,KCg-d,KCg-d_R,Kenyon_Cell,R
58524,KCg-d,KCg-d_R,Kenyon_Cell,R
58570,KCa'b'-ap2,KCa'b'-ap2_R,Kenyon_Cell,R
58586,KCg-m,KCg-m_R,Kenyon_Cell,R
58662,KCab-s,KCab-s_L,Kenyon_Cell,L
58782,KCg-d,KCg-d_R,Kenyon_Cell,R
58802,KCg-d,KCg-d_L,Kenyon_Cell,L
58805,KCa'b'-m,KCa'b'-m_R,Kenyon_Cell,R
58884,KCa'b'-m,KCa'b'-m_L,Kenyon_Cell,L
58950,KCg-m,KCg-m_R,Kenyon_Cell,R
58961,KCg-m,KCg-m_R,Kenyon_Cell,R
58980,KCa'b'-ap2,KCa'b'-ap2_L,Kenyon_Cell,L
59001,KCa'b'-ap2,KCa'b'-ap2_L,Kenyon_Cell,L
59078,KCa'b'-m,KCa'b'-m_L,Kenyon_Cell,L
59090,KCa'b'-ap2,KCa'b'-ap2_R,Kenyon_Cell,R
59174,KCg-m,KCg-m_R,Kenyon_Cell,R
59261,KCg-m,KCg-m_R,Kenyon_Cell,R
59286,KCg-m,KCg-m_R,Kenyon_Cell,R
59320,KCa'b'-ap2,KCa'b'-ap2_R,Kenyon_Cell,R
59384,KCg-m,KCg-m_R,Kenyon_Cell,R
59442,KCg-m,KCg-m_R,Kenyon_Cell,R
59463,KCa'b'-ap2,KCa'b'-ap2_L,Kenyon_Cell,L
59494,KCg-m,KCg-m_R,Kenyon_Cell,R
59616,KCa'b'-ap2,KCa'b'-ap2_L,Kenyon_Cell,L
59715,KCa'b'-ap2,KCa'b'-ap2_R,Kenyon_Cell,R
59765,KCa'b'-m,KCa'b'-m_R,Kenyon_Cell,R
59787,KCab-p,KCab-p_R,Kenyon_Cell,R
59818,KCab-s,KCab-s_R,Kenyon_Cell,R
59901,KCa'b'-ap2,KCa'b'-ap2_R,Kenyon_Cell,R
59923,KCg-m,KCg-m_R,Kenyon_Cell,R
59932,KCg-m,KCg-m_R,Kenyon_Cell,R
59978,KCg-m,KCg-m_R,Kenyon_Cell,R
60011,KCg-m,KCg-m_L,Kenyon_Cell,L
60083,KCa'b'-m,KCa'b'-m_L,Kenyon_Cell,L
60098,KCa'b'-m,KCa'b'-m_R,Kenyon_Cell,R
60166,KCab-p,KCab-p_L,Kenyon_Cell,L
60172,KCg-m,KCg-m_R,Kenyon_Cell,R
60200,KCg-m,KCg-m_R,Kenyon_Cell,R
60227,KCg-m,KCg-m_R,Kenyon_Cell,R
60314,KCa'b'-m,KCa'b'-m_R,Kenyon_Cell,R
60329,KCg-m,KCg-m_R,Kenyon_Cell,R
60344,KCg-d,KCg-d_R,Kenyon_Cell,R
60349,KCa'b'-ap1,KCa'b'-ap1_L,Kenyon_Cell,L
60354,KCa'b'-ap1,KCa'b'-ap1_R,Kenyon_Cell,R
60388,KCg-m,KCg-m_L,Kenyon_Cell,L
60391,KCa'b'-ap2,KCa'b'-ap2_L,Kenyon_Cell,L
60443,KCa'b'-ap2,KCa'b'-ap2_R,Kenyon_Cell,R
60471,KCg-m,KCg-m_L,Kenyon_Cell,L
60494,KCa'b'-ap2,KCa'b'-ap2_L,Kenyon_Cell,L
60505,KCa'b'-m,KCa'b'-m_R,Kenyon_Cell,R
60516,KCg-m,KCg-m_R,Kenyon_Cell,R
60539,KCa'b'-ap1,KCa'b'-ap1_L,Kenyon_Cell,L
60545,KCg-m,KCg-m_L,Kenyon_Cell,L
60697,KCa'b'-ap1,KCa'b'-ap1_L,Kenyon_Cell,L
60708,KCg-d,KCg-d_R,Kenyon_Cell,R
60729,KCa'b'-ap2,KCa'b'-ap2_R,Kenyon_Cell,R
60732,KCab-s,KCab-s_L,Kenyon_Cell,L
60739,KCg-m,KCg-m_R,Kenyon_Cell,R
60763,KCg-m,KCg-m_R,Kenyon_Cell,R
60768,KCg-m,KCg-m_R,Kenyon_Cell,R
60787,KCab-s,KCab-s_L,Kenyon_Cell,L
60829,KCg-d,KCg-d_R,Kenyon_Cell,R
60834,KCg-m,KCg-m_L,Kenyon_Cell,L
60890,KCab-s,KCab-s_R,Kenyon_Cell,R
60948,KCab-s,KCab-s_L,Kenyon_Cell,L
60957,KCg-m,KCg-m_R,Kenyon_Cell,R
60960,KCa'b'-ap2,KCa'b'-ap2_R,Kenyon_Cell,R
60983,KCa'b'-m,KCa'b'-m_R,Kenyon_Cell,R
60986,KCab-s,KCab-s_L,Kenyon_Cell,L
61033,KCa'b'-m,KCa'b'-m_R,Kenyon_Cell,R
61056,KCg-d,KCg-d_R,Kenyon_Cell,R
61071,KCa'b'-ap1,KCa'b'-ap1_L,Kenyon_Cell,L
61113,KCg-m,KCg-m_R,Kenyon_Cell,R
61115,KCa'b'-ap2,KCa'b'-ap2_R,Kenyon_Cell,R
61116,KCab-s,KCab-s_L,Kenyon_Cell,L
61120,KCab-s,KCab-s_L,Kenyon_Cell,L
61126,KCg-m,KCg-m_R,Kenyon_Cell,R
61178,KCg-m,KCg-m_R,Kenyon_Cell,R
61237,KCg-m,KCg-m_R,Kenyon_Cell,R
61253,KCa'b'-ap1,KCa'b'-ap1_L,Kenyon_Cell,L
61259,KCab-s,KCab-s_L,Kenyon_Cell,L
61279,KCg-m,KCg-m_R,Kenyon_Cell,R
61312,KCg-m,KCg-m_L,Kenyon_Cell,L
61333,KCab-s,KCab-s_L,Kenyon_Cell,L
61334,KCa'b'-m,KCa'b'-m_L,Kenyon_Cell,L
61339,KCa'b'-ap2,KCa'b'-ap2_R,Kenyon_Cell,R
61382,KCg-m,KCg-m_R,Kenyon_Cell,R
61456,KCg-m,KCg-m_R,Kenyon_Cell,R
61464,KCab-s,KCab-s_R,Kenyon_Cell,R
61475,KCa'b'-ap1,KCa'b'-ap1_R,Kenyon_Cell,R
61517,KCab-s,KCab-s_L,Kenyon_Cell,L
61555,KCa'b'-ap1,KCa'b'-ap1_R,Kenyon_Cell,R
61570,KCa'b'-ap2,KCa'b'-ap2_L,Kenyon_Cell,L
61579,KCg-m,KCg-m_L,Kenyon_Cell,L
61605,KCg-m,KCg-m_R,Kenyon_Cell,R
61639,KCa'b'-m,KCa'b'-m_L,Kenyon_Cell,L
61802,KCg-m,KCg-m_L,Kenyon_Cell,L
61806,KCab-s,KCab-s_R,Kenyon_Cell,R
61936,KCa'b'-ap2,KCa'b'-ap2_R,Kenyon_Cell,R
61938,KCa'b'-m,KCa'b'-m_R,Kenyon_Cell,R
61947,KCab-p,KCab-p_R,Kenyon_Cell,R
61962,KCg-m,KCg-m_R,Kenyon_Cell,R
61967,KCg-m,KCg-m_R,Kenyon_Cell,R
61981,KCg-m,KCg-m_R,Kenyon_Cell,R
62003,KCg-m,KCg-m_R,Kenyon_Cell,R
62057,KCa'b'-m,KCa'b'-m_R,Kenyon_Cell,R
62062,KCg-m,KCg-m_R,Kenyon_Cell,R
62076,KCg-d,KCg-d_R,Kenyon_Cell,R
62087,KCab-p,KCab-p_R,Kenyon_Cell,R
62159,KCg-m,KCg-m_R,Kenyon_Cell,R
62174,KCg-m,KCg-m_R,Kenyon_Cell,R
62188,KCa'b'-m,KCa'b'-m_L,Kenyon_Cell,L
62241,KCg-m,KCg-m_R,Kenyon_Cell,R
62274,KCg-d,KCg-d_R,Kenyon_Cell,R
62344,KCg-m,KCg-m_R,Kenyon_Cell,R
62417,KCa'b'-m,KCa'b'-m_L,Kenyon_Cell,L
62436,KCab-s,KCab-s_L,Kenyon_Cell,L
62457,KCab-p,KCab-p_R,Kenyon_Cell,R
62471,KCab-c,KCab-c_R,Kenyon_Cell,R
62517,KCab-m,KCab-m_R,Kenyon_Cell,R
62559,KCg-m,KCg-m_R,Kenyon_Cell,R
62624,KCab-s,KCab-s_R,Kenyon_Cell,R
62638,KCa'b'-ap1,KCa'b'-ap1_L,Kenyon_Cell,L
62641,KCab-p,KCab-p_L,Kenyon_Cell,L
62643,KCg-m,KCg-m_R,Kenyon_Cell,R
62645,KCg-m,KCg-m_R,Kenyon_Cell,R
62660,KCg-m,KCg-m_R,Kenyon_Cell,R
62703,KCa'b'-ap1,KCa'b'-ap1_L,Kenyon_Cell,L
62733,KCa'b'-ap2,KCa'b'-ap2_R,Kenyon_Cell,R
62753,KCab-s,KCab-s_L,Kenyon_Cell,L
62840,KCab-s,KCab-s_R,Kenyon_Cell,R
62891,KCg-m,KCg-m_R,Kenyon_Cell,R
62905,KCa'b'-m,KCa'b'-m_R,Kenyon_Cell,R
62917,KCg-m,KCg-m_R,Kenyon_Cell,R
63035,KCa'b'-ap2,KCa'b'-ap2_L,Kenyon_Cell,L
63097,KCg-m,KCg-m_R,Kenyon_Cell,R
63100,KCg-m,KCg-m_R,Kenyon_Cell,R
63153,KCg-m,KCg-m_R,Kenyon_Cell,R
63156,KCab-s,KCab-s_R,Kenyon_Cell,R
63189,KCg-m,KCg-m_R,Kenyon_Cell,R
63199,KCg-m,KCg-m_L,Kenyon_Cell,L
63209,KCa'b'-ap1,KCa'b'-ap1_L,Kenyon_Cell,L
63212,KCa'b'-ap2,KCa'b'-ap2_L,Kenyon_Cell,L
63218,KCa'b'-ap1,KCa'b'-ap1_L,Kenyon_Cell,L
63253,KCab-s,KCab-s_L,Kenyon_Cell,L
63269,KCg-m,KCg-m_R,Kenyon_Cell,R
63283,KCa'b'-m,KCa'b'-m_L,Kenyon_Cell,L
63327,KCg-m,KCg-m_L,Kenyon_Cell,L
63345,KCab-m,KCab-m_L,Kenyon_Cell,L
63370,KCa'b'-ap2,KCa'b'-ap2_R,Kenyon_Cell,R
63380,KCa'b'-ap2,KCa'b'-ap2_R,Kenyon_Cell,R
63394,KCg-m,KCg-m_R,Kenyon_Cell,R
63398,KCg-m,KCg-m_R,Kenyon_Cell,R
63482,KCg-m,KCg-m_R,Kenyon_Cell,R
63483,KCab-s,KCab-s_L,Kenyon_Cell,L
63499,KCa'b'-m,KCa'b'-m_R,Kenyon_Cell,R
63506,KCg-m,KCg-m_R,Kenyon_Cell,R
63508,KCg-m,KCg-m_R,Kenyon_Cell,R
63543,KCg-d,KCg-d_R,Kenyon_Cell,R
63578,KCg-m,KCg-m_R,Kenyon_Cell,R
63590,KCa'b'-ap1,KCa'b'-ap1_L,Kenyon_Cell,L
63629,KCg-m,KCg-m_R,Kenyon_Cell,R
63634,KCg-m,KCg-m_L,Kenyon_Cell,L
63740,KCg-m,KCg-m_L,Kenyon_Cell,L
63794,KCab-p,KCab-p_R,Kenyon_Cell,R
63814,KCab-s,KCab-s_L,Kenyon_Cell,L
63823,KCa'b'-m,KCa'b'-m_R,Kenyon_Cell,R
63930,KCg-m,KCg-m_R,Kenyon_Cell,R
63942,KCg-m,KCg-m_L,Kenyon_Cell,L
64005,KCa'b'-ap1,KCa'b'-ap1_R,Kenyon_Cell,R
64023,KCa'b'-ap2,KCa'b'-ap2_L,Kenyon_Cell,L
64115,KCg-m,KCg-m_R,Kenyon_Cell,R
64133,KCg-m,KCg-m_R,Kenyon_Cell,R
64141,KCa'b'-m,KCa'b'-m_R,Kenyon_Cell,R
64196,KCab-c,KCab-c_R,Kenyon_Cell,R
64253,KCab-s,KCab-s_R,Kenyon_Cell,R
64302,KCg-d,KCg-d_R,Kenyon_Cell,R
64310,KCg-d,KCg-d_R,Kenyon_Cell,R
64376,KCg-m,KCg-m_R,Kenyon_Cell,R
64378,KCab-s,KCab-s_L,Kenyon_Cell,L
64404,KCg-m,KCg-m_R,Kenyon_Cell,R
64434,KCg-m,KCg-m_L,Kenyon_Cell,L
64437,KCg-m,KCg-m_R,Kenyon_Cell,R
64440,KCg-m,KCg-m_R,Kenyon_Cell,R
64471,KCg-m,KCg-m_R,Kenyon_Cell,R
64472,KCa'b'-ap2,KCa'b'-ap2_L,Kenyon_Cell,L
64525,KCg-m,KCg-m_R,Kenyon_Cell,R
64596,KCg-m,KCg-m_R,Kenyon_Cell,R
64645,KCa'b'-m,KCa'b'-m_R,Kenyon_Cell,R
64653,KCa'b'-ap2,KCa'b'-ap2_R,Kenyon_Cell,R
64674,KCa'b'-ap2,KCa'b'-ap2_L,Kenyon_Cell,L
64697,KCg-m,KCg-m_L,Kenyon_Cell,L
64701,KCg-m,KCg-m_R,Kenyon_Cell,R
64782,KCa'b'-ap2,KCa'b'-ap2_R,Kenyon_Cell,R
64794,KCab-s,KCab-s_R,Kenyon_Cell,R
64799,KCa'b'-m,KCa'b'-m_L,Kenyon_Cell,L
64809,KCg-m,KCg-m_R,Kenyon_Cell,R
64860,KCg-m,KCg-m_L,Kenyon_Cell,L
64868,KCa'b'-m,KCa'b'-m_L,Kenyon_Cell,L
65109,KCa'b'-m,KCa'b'-m_L,Kenyon_Cell,L
65121,KCg-m,KCg-m_R,Kenyon_Cell,R
65122,KCg-m,KCg-m_R,Kenyon_Cell,R
65161,KCg-m,KCg-m_R,Kenyon_Cell,R
65205,KCab-s,KCab-s_R,Kenyon_Cell,R
65206,KCab-s,KCab-s_R,Kenyon_Cell,R
65347,KCab-m,KCab-m_L,Kenyon_Cell,L
65370,KCg-m,KCg-m_L,Kenyon_Cell,L
65379,KCg-m,KCg-m_R,Kenyon_Cell,R
65404,KCab-p,KCab-p_R,Kenyon_Cell,R
65420,KCab-c,KCab-c_R,Kenyon_Cell,R
65427,KCg-m,KCg-m_R,Kenyon_Cell,R
65446,KCa'b'-ap2,KCa'b'-ap2_R,Kenyon_Cell,R
65483,KCab-c,KCab-c_R,Kenyon_Cell,R
65500,KCa'b'-ap1,KCa'b'-ap1_R,Kenyon_Cell,R
65606,KCg-m,KCg-m_R,Kenyon_Cell,R
65633,KCab-p,KCab-p_L,Kenyon_Cell,L
65708,KCab-s,KCab-s_L,Kenyon_Cell,L
65712,KCab-s,KCab-s_R,Kenyon_Cell,R
65714,KCa'b'-m,KCa'b'-m_L,Kenyon_Cell,L
65729,KCa'b'-ap2,KCa'b'-ap2_R,Kenyon_Cell,R
65737,KCg-m,KCg-m_R,Kenyon_Cell,R
65750,KCa'b'-ap1,KCa'b'-ap1_L,Kenyon_Cell,L
65752,KCa'b'-m,KCa'b'-m_L,Kenyon_Cell,L
65768,KCa'b'-ap1,KCa'b'-ap1_R,Kenyon_Cell,R
65814,KCa'b'-m,KCa'b'-m_L,Kenyon_Cell,L
65854,KCa'b'-m,KCa'b'-m_R,Kenyon_Cell,R
65864,KCg-m,KCg-m_R,Kenyon_Cell,R
65940,KCab-s,KCab-s_R,Kenyon_Cell,R
65965,KCg-m,KCg-m_R,Kenyon_Cell,R
65974,KCa'b'-ap1,KCa'b'-ap1_L,Kenyon_Cell,L
65977,KCab-s,KCab-s_R,Kenyon_Cell,R
65997,KCg-m,KCg-m_R,Kenyon_Cell,R
66015,KCab-s,KCab-s_R,Kenyon_Cell,R
66028,KCab-s,KCab-s_L,Kenyon_Cell,L
66038,KCg-m,KCg-m_R,Kenyon_Cell,R
66047,KCg-m,KCg-m_L,Kenyon_Cell,L
66073,KCab-c,KCab-c_R,Kenyon_Cell,R
66099,KCg-m,KCg-m_R,Kenyon_Cell,R
66105,KCg-m,KCg-m_L,Kenyon_Cell,L
66113,KCg-m,KCg-m_L,Kenyon_Cell,L
66137,KCab-c,KCab-c_R,Kenyon_Cell,R
66171,KCa'b'-ap2,KCa'b'-ap2_R,Kenyon_Cell,R
66179,KCab-m,KCab-m_L,Kenyon_Cell,L
66219,KCg-m,KCg-m_R,Kenyon_Cell,R
66238,KCab-s,KCab-s_L,Kenyon_Cell,L
66387,KCab-s,KCab-s_R,Kenyon_Cell,R
66440,KCab-s,KCab-s_L,Kenyon_Cell,L
66458,KCab-s,KCab-s_L,Kenyon_Cell,L
66519,KCg-m,KCg-m_R,Kenyon_Cell,R
66531,KCab-s,KCab-s_L,Kenyon_Cell,L
66583,KCg-m,KCg-m_R,Kenyon_Cell,R
66594,KCg-m,KCg-m_R,Kenyon_Cell,R
66595,KCg-m,KCg-m_R,Kenyon_Cell,R
66599,KCab-s,KCab-s_L,Kenyon_Cell,L
66601,KCg-m,KCg-m_R,Kenyon_Cell,R
66611,KCg-m,KCg-m_R,Kenyon_Cell,R
66617,KCg-m,KCg-m_L,Kenyon_Cell,L
66659,KCg-d,KCg-d_L,Kenyon_Cell,L
66711,KCab-s,KCab-s_L,Kenyon_Cell,L
66720,KCa'b'-m,KCa'b'-m_L,Kenyon_Cell,L
66812,KCg-m,KCg-m_R,Kenyon_Cell,R
66865,KCab-m,KCab-m_L,Kenyon_Cell,L
66891,KCab-s,KCab-s_R,Kenyon_Cell,R
66911,KCg-m,KCg-m_R,Kenyon_Cell,R
66945,KCg-m,KCg-m_R,Kenyon_Cell,R
66973,KCg-d,KCg-d_R,Kenyon_Cell,R
67000,KCg-m,KCg-m_L,Kenyon_Cell,L
67011,KCa'b'-ap2,KCa'b'-ap2_L,Kenyon_Cell,L
67022,KCa'b'-ap1,KCa'b'-ap1_L,Kenyon_Cell,L
67058,KCg-m,KCg-m_L,Kenyon_Cell,L
67102,KCa'b'-ap1,KCa'b'-ap1_L,Kenyon_Cell,L
67106,KCg-m,KCg-m_L,Kenyon_Cell,L
67120,KCg-m,KCg-m_R,Kenyon_Cell,R
67249,KCg-m,KCg-m_R,Kenyon_Cell,R
67257,KCg-m,KCg-m_L,Kenyon_Cell,L
67274,KCab-s,KCab-s_R,Kenyon_Cell,R
67282,KCab-m,KCab-m_L,Kenyon_Cell,L
67287,KCab-s,KCab-s_L,Kenyon_Cell,L
67320,KCg-m,KCg-m_R,Kenyon_Cell,R
67337,KCg-m,KCg-m_R,Kenyon_Cell,R
67344,KCab-c,KCab-c_R,Kenyon_Cell,R
67355,KCg-d,KCg-d_R,Kenyon_Cell,R
67356,KCg-m,KCg-m_L,Kenyon_Cell,L
67359,KCa'b'-m,KCa'b'-m_R,Kenyon_Cell,R
67378,KCa'b'-m,KCa'b'-m_L,Kenyon_Cell,L
67406,KCab-s,KCab-s_L,Kenyon_Cell,L
67425,KCg-m,KCg-m_R,Kenyon_Cell,R
67432,KCg-m,KCg-m_R,Kenyon_Cell,R
67439,KCa'b'-ap2,KCa'b'-ap2_L,Kenyon_Cell,L
67451,KCg-m,KCg-m_R,Kenyon_Cell,R
67468,KCg-m,KCg-m_L,Kenyon_Cell,L
67474,KCa'b'-ap1,KCa'b'-ap1_R,Kenyon_Cell,R
67479,KCg-m,KCg-m_L,Kenyon_Cell,L
67535,KCab-s,KCab-s_R,Kenyon_Cell,R
67543,KCa'b'-ap2,KCa'b'-ap2_R,Kenyon_Cell,R
67544,KCa'b'-ap1,KCa'b'-ap1_R,Kenyon_Cell,R
67581,KCab-c,KCab-c_R,Kenyon_Cell,R
67654,KCab-s,KCab-s_R,Kenyon_Cell,R
67665,KCab-s,KCab-s_R,Kenyon_Cell,R
67671,KCa'b'-ap2,KCa'b'-ap2_R,Kenyon_Cell,R
67686,KCab-s,KCab-s_R,Kenyon_Cell,R
67696,KCab-s,KCab-s_R,Kenyon_Cell,R
67712,KCg-m,KCg-m_R,Kenyon_Cell,R
67721,KCg-m,KCg-m_R,Kenyon_Cell,R
67722,KCg-m,KCg-m_R,Kenyon_Cell,R
67774,KCg-m,KCg-m_R,Kenyon_Cell,R
67809,KCa'b'-m,KCa'b'-m_L,Kenyon_Cell,L
67828,KCg-m,KCg-m_R,Kenyon_Cell,R
67853,KCg-d,KCg-d_R,Kenyon_Cell,R
67912,KCa'b'-m,KCa'b'-m_L,Kenyon_Cell,L
67919,KCab-s,KCab-s_R,Kenyon_Cell,R
67977,KCab-s,KCab-s_R,Kenyon_Cell,R
67984,KCg-d,KCg-d_R,Kenyon_Cell,R
68010,KCab-c,KCab-c_R,Kenyon_Cell,R
68098,KCab-c,KCab-c_R,Kenyon_Cell,R
68137,KCg-m,KCg-m_R,Kenyon_Cell,R
68162,KCab-s,KCab-s_L,Kenyon_Cell,L
68176,KCg-m,KCg-m_R,Kenyon_Cell,R
68226,KCg-m,KCg-m_R,Kenyon_Cell,R
68239,KCg-m,KCg-m_L,Kenyon_Cell,L
68254,KCg-m,KCg-m_L,Kenyon_Cell,L
68265,KCab-c,KCab-c_R,Kenyon_Cell,R
68283,KCa'b'-ap1,KCa'b'-ap1_L,Kenyon_Cell,L
68287,KCab-s,KCab-s_R,Kenyon_Cell,R
68334,KCa'b'-ap2,KCa'b'-ap2_R,Kenyon_Cell,R
68339,KCa'b'-ap2,KCa'b'-ap2_L,Kenyon_Cell,L
68428,KCa'b'-ap1,KCa'b'-ap1_R,Kenyon_Cell,R
68484,KCab-p,KCab-p_L,Kenyon_Cell,L
68487,KCg-m,KCg-m_R,Kenyon_Cell,R
68495,KCab-s,KCab-s_R,Kenyon_Cell,R
68501,KCab-m,KCab-m_L,Kenyon_Cell,L
68507,KCa'b'-ap2,KCa'b'-ap2_L,Kenyon_Cell,L
68531,KCg-m,KCg-m_R,Kenyon_Cell,R
68585,KCab-s,KCab-s_R,Kenyon_Cell,R
68614,KCab-m,KCab-m_L,Kenyon_Cell,L
68635,KCg-m,KCg-m_R,Kenyon_Cell,R
68708,KCg-m,KCg-m_L,Kenyon_Cell,L
68729,KCa'b'-ap2,KCa'b'-ap2_L,Kenyon_Cell,L
68737,KCab-s,KCab-s_R,Kenyon_Cell,R
68759,KCg-m,KCg-m_L,Kenyon_Cell,L
68790,KCg-m,KCg-m_R,Kenyon_Cell,R
68803,KCg-m,KCg-m_R,Kenyon_Cell,R
68941,KCa'b'-ap1,KCa'b'-ap1_R,Kenyon_Cell,R
68979,KCg-m,KCg-m_L,Kenyon_Cell,L
69002,KCa'b'-ap2,KCa'b'-ap2_R,Kenyon_Cell,R
69022,KCab-s,KCab-s_R,Kenyon_Cell,R
69037,KCa'b'-ap2,KCa'b'-ap2_R,Kenyon_Cell,R
69042,KCg-m,KCg-m_R,Kenyon_Cell,R
69047,KCab-p,KCab-p_R,Kenyon_Cell,R
69077,KCg-m,KCg-m_R,Kenyon_Cell,R
69101,KCg-m,KCg-m_R,Kenyon_Cell,R
69114,KCg-m,KCg-m_L,Kenyon_Cell,L
69175,KCg-m,KCg-m_R,Kenyon_Cell,R
69210,KCa'b'-ap2,KCa'b'-ap2_L,Kenyon_Cell,L
69223,KCa'b'-m,KCa'b'-m_L,Kenyon_Cell,L
69224,KCab-m,KCab-m_L,Kenyon_Cell,L
69237,KCg-m,KCg-m_L,Kenyon_Cell,L
69264,KCg-m,KCg-m_L,Kenyon_Cell,L
69308,KCab-s,KCab-s_R,Kenyon_Cell,R
69337,KCab-p,KCab-p_R,Kenyon_Cell,R
69347,KCg-m,KCg-m_R,Kenyon_Cell,R
69389,KCab-s,KCab-s_L,Kenyon_Cell,L
69417,KCg-m,KCg-m_L,Kenyon_Cell,L
69426,KCg-m,KCg-m_L,Kenyon_Cell,L
69431,KCg-m,KCg-m_R,Kenyon_Cell,R
69446,KCab-s,KCab-s_R,Kenyon_Cell,R
69472,KCab-s,KCab-s_R,Kenyon_Cell,R
69501,KCa'b'-m,KCa'b'-m_L,Kenyon_Cell,L
69507,KCab-s,KCab-s_R,Kenyon_Cell,R
69508,KCa'b'-m,KCa'b'-m_R,Kenyon_Cell,R
69513,KCab-s,KCab-s_R,Kenyon_Cell,R
69518,KCab-c,KCab-c_R,Kenyon_Cell,R
69538,KCab-m,KCab-m_L,Kenyon_Cell,L
69539,KCg-m,KCg-m_L,Kenyon_Cell,L
69584,KCab-c,KCab-c_R,Kenyon_Cell,R
69603,KCab-s,KCab-s_L,Kenyon_Cell,L
69611,KCab-m,KCab-m_L,Kenyon_Cell,L
69620,KCg-m,KCg-m_R,Kenyon_Cell,R
69649,KCab-c,KCab-c_R,Kenyon_Cell,R
69650,KCg-m,KCg-m_R,Kenyon_Cell,R
69651,KCab-s,KCab-s_L,Kenyon_Cell,L
69664,KCab-s,KCab-s_R,Kenyon_Cell,R
69694,KCab-s,KCab-s_R,Kenyon_Cell,R
69709,KCab-m,KCab-m_L,Kenyon_Cell,L
69713,KCab-m,KCab-m_L,Kenyon_Cell,L
69716,KCg-m,KCg-m_R,Kenyon_Cell,R
69721,KCa'b'-ap2,KCa'b'-ap2_R,Kenyon_Cell,R
69742,KCa'b'-m,KCa'b'-m_L,Kenyon_Cell,L
69747,KCa'b'-ap1,KCa'b'-ap1_L,Kenyon_Cell,L
69758,KCab-m,KCab-m_L,Kenyon_Cell,L
69775,KCab-s,KCab-s_R,Kenyon_Cell,R
69842,KCa'b'-ap1,KCa'b'-ap1_R,Kenyon_Cell,R
69854,KCg-m,KCg-m_L,Kenyon_Cell,L
69855,KCg-m,KCg-m_L,Kenyon_Cell,L
69859,KCg-m,KCg-m_R,Kenyon_Cell,R
69885,KCg-d,KCg-d_L,Kenyon_Cell,L
69905,KCab-s,KCab-s_L,Kenyon_Cell,L
69956,KCa'b'-ap1,KCa'b'-ap1_R,Kenyon_Cell,R
69967,KCg-m,KCg-m_R,Kenyon_Cell,R
69973,KCab-c,KCab-c_R,Kenyon_Cell,R
69987,KCab-s,KCab-s_R,Kenyon_Cell,R
70022,KCg-m,KCg-m_R,Kenyon_Cell,R
70029,KCg-m,KCg-m_R,Kenyon_Cell,R
70030,KCg-m,KCg-m_R,Kenyon_Cell,R
70111,KCab-s,KCab-s_L,Kenyon_Cell,L
70124,KCab-s,KCab-s_R,Kenyon_Cell,R
70143,KCg-m,KCg-m_L,Kenyon_Cell,L
70175,KCa'b'-ap1,KCa'b'-ap1_R,Kenyon_Cell,R
70185,KCa'b'-ap2,KCa'b'-ap2_R,Kenyon_Cell,R
70193,KCa'b'-ap2,KCa'b'-ap2_R,Kenyon_Cell,R
70211,KCab-m,KCab-m_L,Kenyon_Cell,L
70223,KCg-m,KCg-m_L,Kenyon_Cell,L
70235,KCg-m,KCg-m_R,Kenyon_Cell,R
70261,KCab-c,KCab-c_L,Kenyon_Cell,L
70271,KCg-m,KCg-m_L,Kenyon_Cell,L
70282,KCa'b'-m,KCa'b'-m_L,Kenyon_Cell,L
70283,KCg-m,KCg-m_R,Kenyon_Cell,R
70312,KCg-m,KCg-m_R,Kenyon_Cell,R
70322,KCg-m,KCg-m_L,Kenyon_Cell,L
70324,KCg-m,KCg-m_R,Kenyon_Cell,R
70336,KCab-c,KCab-c_R,Kenyon_Cell,R
70378,KCab-s,KCab-s_R,Kenyon_Cell,R
70380,KCab-c,KCab-c_R,Kenyon_Cell,R
70396,KCab-s,KCab-s_R,Kenyon_Cell,R
70445,KCg-m,KCg-m_R,Kenyon_Cell,R
70457,KCa'b'-ap1,KCa'b'-ap1_L,Kenyon_Cell,L
70477,KCab-m,KCab-m_R,Kenyon_Cell,R
70489,KCg-m,KCg-m_R,Kenyon_Cell,R
70501,KCab-c,KCab-c_R,Kenyon_Cell,R
70509,KCg-m,KCg-m_R,Kenyon_Cell,R
70513,KCa'b'-ap2,KCa'b'-ap2_R,Kenyon_Cell,R
70526,KCg-m,KCg-m_R,Kenyon_Cell,R
70553,KCg-m,KCg-m_R,Kenyon_Cell,R
70614,KCg-m,KCg-m_L,Kenyon_Cell,L
70690,KCab-m,KCab-m_L,Kenyon_Cell,L
70740,KCg-m,KCg-m_L,Kenyon_Cell,L
70747,KCab-p,KCab-p_R,Kenyon_Cell,R
70816,KCa'b'-ap2,KCa'b'-ap2_R,Kenyon_Cell,R
70902,KCab-s,KCab-s_R,Kenyon_Cell,R
70909,KCab-m,KCab-m_R,Kenyon_Cell,R
70924,MBON10,MBON10(B'1)_L,MBON,L
70928,KCg-m,KCg-m_R,Kenyon_Cell,R
70950,KCab-m,KCab-m_L,Kenyon_Cell,L
70952,KCg-m,KCg-m_R,Kenyon_Cell,R
70993,KCab-c,KCab-c_R,Kenyon_Cell,R
71008,KCab-m,KCab-m_R,Kenyon_Cell,R
71028,KCg-m,KCg-m_R,Kenyon_Cell,R
71030,KCab-s,KCab-s_L,Kenyon_Cell,L
71033,KCg-m,KCg-m_R,Kenyon_Cell,R
71039,KCab-m,KCab-m_R,Kenyon_Cell,R
71053,KCa'b'-ap1,KCa'b'-ap1_R,Kenyon_Cell,R
71088,KCab-s,KCab-s_R,Kenyon_Cell,R
71095,KCa'b'-ap1,KCa'b'-ap1_L,Kenyon_Cell,L
71120,KCab-s,KCab-s_R,Kenyon_Cell,R
71121,KCg-m,KCg-m_R,Kenyon_Cell,R
71127,KCab-c,KCab-c_R,Kenyon_Cell,R
71128,KCab-c,KCab-c_L,Kenyon_Cell,L
71166,KCg-m,KCg-m_L,Kenyon_Cell,L
71189,KCab-c,KCab-c_R,Kenyon_Cell,R
71317,KCg-m,KCg-m_L,Kenyon_Cell,L
71326,KCab-s,KCab-s_L,Kenyon_Cell,L
71366,KCab-s,KCab-s_R,Kenyon_Cell,R
71406,KCg-m,KCg-m_L,Kenyon_Cell,L
71469,KCab-m,KCab-m_L,Kenyon_Cell,L
71474,KCg-m,KCg-m_L,Kenyon_Cell,L
71486,KCg-d,KCg-d_R,Kenyon_Cell,R
71494,KCab-s,KCab-s_R,Kenyon_Cell,R
71501,KCab-s,KCab-s_L,Kenyon_Cell,L
71512,KCab-c,KCab-c_R,Kenyon_Cell,R
71530,KCa'b'-ap2,KCa'b'-ap2_L,Kenyon_Cell,L
71610,KCab-m,KCab-m_L,Kenyon_Cell,L
71618,KCg-m,KCg-m_L,Kenyon_Cell,L
71627,KCab-s,KCab-s_R,Kenyon_Cell,R
71676,KCab-s,KCab-s_R,Kenyon_Cell,R
71688,KCg-d,KCg-d_R,Kenyon_Cell,R
71691,KCab-c,KCab-c_R,Kenyon_Cell,R
71770,KCg-m,KCg-m_R,Kenyon_Cell,R
71800,KCa'b'-ap2,KCa'b'-ap2_R,Kenyon_Cell,R
71814,KCa'b'-ap2,KCa'b'-ap2_R,Kenyon_Cell,R
71840,KCa'b'-ap2,KCa'b'-ap2_R,Kenyon_Cell,R
71902,KCg-m,KCg-m_R,Kenyon_Cell,R
71907,KCab-m,KCab-m_L,Kenyon_Cell,L
71908,KCa'b'-m,KCa'b'-m_R,Kenyon_Cell,R
71970,KCab-s,KCab-s_L,Kenyon_Cell,L
72002,KCg-m,KCg-m_L,Kenyon_Cell,L
72032,KCg-m,KCg-m_R,Kenyon_Cell,R
72049,KCg-m,KCg-m_R,Kenyon_Cell,R
72097,KCg-m,KCg-m_L,Kenyon_Cell,L
72111,KCg-m,KCg-m_R,Kenyon_Cell,R
72116,KCg-m,KCg-m_L,Kenyon_Cell,L
72141,KCg-m,KCg-m_R,Kenyon_Cell,R
72166,KCab-m,KCab-m_R,Kenyon_Cell,R
72195,KCa'b'-ap1,KCa'b'-ap1_R,Kenyon_Cell,R
72196,KCa'b'-ap2,KCa'b'-ap2_L,Kenyon_Cell,L
72201,KCab-c,KCab-c_L,Kenyon_Cell,L
72230,KCg-d,KCg-d_R,Kenyon_Cell,R
72234,KCab-s,KCab-s_R,Kenyon_Cell,R
72239,KCab-s,KCab-s_R,Kenyon_Cell,R
72242,KCa'b'-ap2,KCa'b'-ap2_L,Kenyon_Cell,L
72299,KCab-c,KCab-c_R,Kenyon_Cell,R
72344,KCa'b'-ap2,KCa'b'-ap2_R,Kenyon_Cell,R
72350,KCg-m,KCg-m_L,Kenyon_Cell,L
72359,KCab-s,KCab-s_R,Kenyon_Cell,R
72362,KCa'b'-m,KCa'b'-m_R,Kenyon_Cell,R
72375,KCab-m,KCab-m_R,Kenyon_Cell,R
72387,KCg-m,KCg-m_R,Kenyon_Cell,R
72433,KCab-c,KCab-c_R,Kenyon_Cell,R
72438,KCab-p,KCab-p_R,Kenyon_Cell,R
72495,KCab-s,KCab-s_R,Kenyon_Cell,R
72512,KCg-d,KCg-d_R,Kenyon_Cell,R
72516,KCab-m,KCab-m_L,Kenyon_Cell,L
72523,KCg-m,KCg-m_R,Kenyon_Cell,R
72538,KCab-s,KCab-s_R,Kenyon_Cell,R
72559,KCab-s,KCab-s_L,Kenyon_Cell,L
72604,KCg-m,KCg-m_L,Kenyon_Cell,L
72606,KCg-m,KCg-m_L,Kenyon_Cell,L
72610,KCab-m,KCab-m_L,Kenyon_Cell,L
72643,KCg-m,KCg-m_R,Kenyon_Cell,R
72645,KCab-s,KCab-s_R,Kenyon_Cell,R
72678,KCg-m,KCg-m_L,Kenyon_Cell,L
72681,KCab-m,KCab-m_L,Kenyon_Cell,L
72684,KCg-m,KCg-m_L,Kenyon_Cell,L
72693,KCa'b'-ap2,KCa'b'-ap2_R,Kenyon_Cell,R
72694,KCa'b'-m,KCa'b'-m_R,Kenyon_Cell,R
72695,KCg-m,KCg-m_R,Kenyon_Cell,R
72723,KCa'b'-ap2,KCa'b'-ap2_L,Kenyon_Cell,L
72755,KCa'b'-ap2,KCa'b'-ap2_R,Kenyon_Cell,R
72854,KCg-m,KCg-m_L,Kenyon_Cell,L
72855,KCab-s,KCab-s_L,Kenyon_Cell,L
72865,KCa'b'-ap2,KCa'b'-ap2_R,Kenyon_Cell,R
72913,KCab-s,KCab-s_R,Kenyon_Cell,R
72916,KCg-m,KCg-m_R,Kenyon_Cell,R
72939,KCg-m,KCg-m_R,Kenyon_Cell,R
72978,KCab-s,KCab-s_R,Kenyon_Cell,R
73006,KCab-s,KCab-s_R,Kenyon_Cell,R
73013,KCg-m,KCg-m_L,Kenyon_Cell,L
73039,KCa'b'-ap2,KCa'b'-ap2_R,Kenyon_Cell,R
73125,KCg-m,KCg-m_L,Kenyon_Cell,L
73146,KCa'b'-ap2,KCa'b'-ap2_L,Kenyon_Cell,L
73161,KCg-m,KCg-m_R,Kenyon_Cell,R
73191,KCab-s,KCab-s_R,Kenyon_Cell,R
73195,KCg-m,KCg-m_R,Kenyon_Cell,R
73196,KCg-m,KCg-m_L,Kenyon_Cell,L
73197,KCg-m,KCg-m_L,Kenyon_Cell,L
73227,KCg-d,KCg-d_R,Kenyon_Cell,R
73248,KCab-c,KCab-c_R,Kenyon_Cell,R
73296,KCg-m,KCg-m_R,Kenyon_Cell,R
73306,KCab-s,KCab-s_R,Kenyon_Cell,R
73335,KCg-m,KCg-m_L,Kenyon_Cell,L
73337,KCab-m,KCab-m_L,Kenyon_Cell,L
73354,KCg-m,KCg-m_L,Kenyon_Cell,L
73442,KCab-m,KCab-m_R,Kenyon_Cell,R
73453,KCa'b'-ap2,KCa'b'-ap2_L,Kenyon_Cell,L
73457,KCg-m,KCg-m_R,Kenyon_Cell,R
73487,KCab-m,KCab-m_R,Kenyon_Cell,R
73508,KCab-c,KCab-c_R,Kenyon_Cell,R
73570,KCab-c,KCab-c_R,Kenyon_Cell,R
73583,KCa'b'-m,KCa'b'-m_R,Kenyon_Cell,R
73588,KCab-s,KCab-s_R,Kenyon_Cell,R
73645,KCab-m,KCab-m_R,Kenyon_Cell,R
73650,KCa'b'-m,KCa'b'-m_L,Kenyon_Cell,L
73721,KCab-s,KCab-s_R,Kenyon_Cell,R
73742,KCab-c,KCab-c_R,Kenyon_Cell,R
73744,KCg-m,KCg-m_L,Kenyon_Cell,L
73750,KCg-m,KCg-m_R,Kenyon_Cell,R
73783,KCg-m,KCg-m_L,Kenyon_Cell,L
73814,KCg-m,KCg-m_R,Kenyon_Cell,R
73850,KCg-m,KCg-m_R,Kenyon_Cell,R
73970,KCg-m,KCg-m_L,Kenyon_Cell,L
74016,KCab-m,KCab-m_L,Kenyon_Cell,L
74064,KCa'b'-ap2,KCa'b'-ap2_L,Kenyon_Cell,L
74094,KCg-d,KCg-d_R,Kenyon_Cell,R
74103,KCab-m,KCab-m_R,Kenyon_Cell,R
74106,KCab-m,KCab-m_R,Kenyon_Cell,R
74110,KCg-m,KCg-m_L,Kenyon_Cell,L
74116,KCa'b'-m,KCa'b'-m_L,Kenyon_Cell,L
74135,KCab-s,KCab-s_R,Kenyon_Cell,R
74141,KCa'b'-m,KCa'b'-m_R,Kenyon_Cell,R
74190,KCg-m,KCg-m_R,Kenyon_Cell,R
74203,KCg-m,KCg-m_L,Kenyon_Cell,L
74222,KCg-m,KCg-m_L,Kenyon_Cell,L
74239,KCa'b'-ap2,KCa'b'-ap2_R,Kenyon_Cell,R
74260,KCg-m,KCg-m_R,Kenyon_Cell,R
74269,KCg-d,KCg-d_R,Kenyon_Cell,R
74289,KCab-m,KCab-m_L,Kenyon_Cell,L
74301,KCab-m,KCab-m_R,Kenyon_Cell,R
74307,KCa'b'-ap2,KCa'b'-ap2_R,Kenyon_Cell,R
74328,KCab-c,KCab-c_R,Kenyon_Cell,R
74362,KCg-d,KCg-d_L,Kenyon_Cell,L
74368,KCg-m,KCg-m_R,Kenyon_Cell,R
74380,KCa'b'-ap1,KCa'b'-ap1_R,Kenyon_Cell,R
74403,KCg-m,KCg-m_R,Kenyon_Cell,R
74421,KCab-c,KCab-c_R,Kenyon_Cell,R
74434,KCg-m,KCg-m_L,Kenyon_Cell,L
74461,KCab-m,KCab-m_R,Kenyon_Cell,R
74518,KCab-s,KCab-s_L,Kenyon_Cell,L
74531,KCa'b'-m,KCa'b'-m_L,Kenyon_Cell,L
74542,KCg-d,KCg-d_R,Kenyon_Cell,R
74548,KCa'b'-ap1,KCa'b'-ap1_R,Kenyon_Cell,R
74549,KCab-s,KCab-s_L,Kenyon_Cell,L
74553,KCab-m,KCab-m_R,Kenyon_Cell,R
74568,KCab-c,KCab-c_R,Kenyon_Cell,R
74610,KCab-c,KCab-c_L,Kenyon_Cell,L
74620,KCab-m,KCab-m_L,Kenyon_Cell,L
74623,KCa'b'-ap2,KCa'b'-ap2_R,Kenyon_Cell,R
74663,KCa'b'-ap1,KCa'b'-ap1_L,Kenyon_Cell,L
74665,KCa'b'-ap2,KCa'b'-ap2_R,Kenyon_Cell,R
74668,KCa'b'-ap1,KCa'b'-ap1_R,Kenyon_Cell,R
74682,KCab-s,KCab-s_R,Kenyon_Cell,R
74683,KCa'b'-ap2,KCa'b'-ap2_R,Kenyon_Cell,R
74698,KCg-m,KCg-m_L,Kenyon_Cell,L
74708,KCg-m,KCg-m_L,Kenyon_Cell,L
74721,KCab-s,KCab-s_R,Kenyon_Cell,R
74740,KCab-s,KCab-s_R,Kenyon_Cell,R
74760,KCab-c,KCab-c_L,Kenyon_Cell,L
74803,KCab-s,KCab-s_R,Kenyon_Cell,R
74812,KCab-s,KCab-s_R,Kenyon_Cell,R
74851,KCab-m,KCab-m_R,Kenyon_Cell,R
74869,KCab-s,KCab-s_R,Kenyon_Cell,R
74899,KCab-m,KCab-m_R,Kenyon_Cell,R
74926,KCg-m,KCg-m_L,Kenyon_Cell,L
74992,KCg-m,KCg-m_L,Kenyon_Cell,L
75029,KCg-m,KCg-m_R,Kenyon_Cell,R
75031,KCa'b'-ap1,KCa'b'-ap1_R,Kenyon_Cell,R
75042,KCab-c,KCab-c_L,Kenyon_Cell,L
75045,KCg-m,KCg-m_R,Kenyon_Cell,R
75050,KCab-s,KCab-s_R,Kenyon_Cell,R
75053,KCa'b'-ap2,KCa'b'-ap2_L,Kenyon_Cell,L
75058,KCab-c,KCab-c_L,Kenyon_Cell,L
75066,KCab-c,KCab-c_R,Kenyon_Cell,R
75070,KCg-m,KCg-m_L,Kenyon_Cell,L
75072,KCg-m,KCg-m_R,Kenyon_Cell,R
75075,KCa'b'-ap2,KCa'b'-ap2_R,Kenyon_Cell,R
75106,KCab-c,KCab-c_R,Kenyon_Cell,R
75122,KCa'b'-ap2,KCa'b'-ap2_R,Kenyon_Cell,R
75149,KCab-s,KCab-s_R,Kenyon_Cell,R
75155,KCab-m,KCab-m_L,Kenyon_Cell,L
75181,KCab-s,KCab-s_L,Kenyon_Cell,L
75185,KCa'b'-ap2,KCa'b'-ap2_L,Kenyon_Cell,L
75216,KCa'b'-m,KCa'b'-m_R,Kenyon_Cell,R
75225,KCa'b'-ap1,KCa'b'-ap1_L,Kenyon_Cell,L
75260,KCa'b'-ap1,KCa'b'-ap1_R,Kenyon_Cell,R
75265,KCa'b'-ap1,KCa'b'-ap1_R,Kenyon_Cell,R
75288,KCg-m,KCg-m_R,Kenyon_Cell,R
75300,KCab-s,KCab-s_R,Kenyon_Cell,R
75310,KCg-m,KCg-m_L,Kenyon_Cell,L
75312,KCg-m,KCg-m_L,Kenyon_Cell,L
75347,KCg-m,KCg-m_L,Kenyon_Cell,L
75368,KCg-m,KCg-m_L,Kenyon_Cell,L
75384,KCab-s,KCab-s_R,Kenyon_Cell,R
75428,KCab-m,KCab-m_L,Kenyon_Cell,L
75446,KCab-s,KCab-s_L,Kenyon_Cell,L
75507,KCab-c,KCab-c_R,Kenyon_Cell,R
75513,KCg-m,KCg-m_L,Kenyon_Cell,L
75578,KCa'b'-ap2,KCa'b'-ap2_R,Kenyon_Cell,R
75597,KCg-m,KCg-m_L,Kenyon_Cell,L
75611,KCa'b'-ap2,KCa'b'-ap2_L,Kenyon_Cell,L
75650,KCa'b'-ap1,KCa'b'-ap1_L,Kenyon_Cell,L
75652,KCg-m,KCg-m_R,Kenyon_Cell,R
75718,KCa'b'-ap1,KCa'b'-ap1_R,Kenyon_Cell,R
75756,KCa'b'-ap1,KCa'b'-ap1_L,Kenyon_Cell,L
75758,KCg-m,KCg-m_L,Kenyon_Cell,L
75774,KCg-m,KCg-m_R,Kenyon_Cell,R
75780,KCa'b'-ap1,KCa'b'-ap1_L,Kenyon_Cell,L
75782,KCa'b'-ap1,KCa'b'-ap1_L,Kenyon_Cell,L
75802,KCab-c,KCab-c_R,Kenyon_Cell,R
75830,KCg-m,KCg-m_L,Kenyon_Cell,L
75880,KCg-m,KCg-m_R,Kenyon_Cell,R
75882,KCab-s,KCab-s_R,Kenyon_Cell,R
75907,KCg-m,KCg-m_L,Kenyon_Cell,L
75908,KCab-m,KCab-m_L,Kenyon_Cell,L
75942,KCab-s,KCab-s_L,Kenyon_Cell,L
75958,KCab-m,KCab-m_L,Kenyon_Cell,L
75964,KCab-s,KCab-s_L,Kenyon_Cell,L
75968,KCab-m,KCab-m_L,Kenyon_Cell,L
75997,KCab-s,KCab-s_R,Kenyon_Cell,R
76005,KCab-c,KCab-c_R,Kenyon_Cell,R
76009,KCab-s,KCab-s_L,Kenyon_Cell,L
76023,KCg-d,KCg-d_R,Kenyon_Cell,R
76056,KCa'b'-ap2,KCa'b'-ap2_L,Kenyon_Cell,L
76063,KCg-m,KCg-m_R,Kenyon_Cell,R
76069,KCa'b'-ap2,KCa'b'-ap2_L,Kenyon_Cell,L
76072,KCab-s,KCab-s_L,Kenyon_Cell,L
76076,KCg-d,KCg-d_R,Kenyon_Cell,R
76085,KCg-m,KCg-m_L,Kenyon_Cell,L
76091,KCab-p,KCab-p_L,Kenyon_Cell,L
76122,KCg-m,KCg-m_L,Kenyon_Cell,L
76203,KCa'b'-ap1,KCa'b'-ap1_L,Kenyon_Cell,L
76265,KCab-m,KCab-m_R,Kenyon_Cell,R
76271,KCab-s,KCab-s_R,Kenyon_Cell,R
76272,KCab-c,KCab-c_R,Kenyon_Cell,R
76287,KCa'b'-m,KCa'b'-m_L,Kenyon_Cell,L
76299,KCa'b'-ap2,KCa'b'-ap2_L,Kenyon_Cell,L
76309,KCg-m,KCg-m_L,Kenyon_Cell,L
76317,KCg-m,KCg-m_R,Kenyon_Cell,R
76352,KCa'b'-ap2,KCa'b'-ap2_L,Kenyon_Cell,L
76354,KCa'b'-ap2,KCa'b'-ap2_R,Kenyon_Cell,R
76370,KCa'b'-ap2,KCa'b'-ap2_L,Kenyon_Cell,L
76429,KCa'b'-ap1,KCa'b'-ap1_R,Kenyon_Cell,R
76431,KCg-m,KCg-m_L,Kenyon_Cell,L
76436,KCab-s,KCab-s_R,Kenyon_Cell,R
76443,KCg-m,KCg-m_R,Kenyon_Cell,R
76444,KCab-c,KCab-c_R,Kenyon_Cell,R
76455,KCg-d,KCg-d_L,Kenyon_Cell,L
76476,KCg-m,KCg-m_L,Kenyon_Cell,L
76488,KCg-m,KCg-m_L,Kenyon_Cell,L
76493,KCg-m,KCg-m_R,Kenyon_Cell,R
76508,KCg-m,KCg-m_L,Kenyon_Cell,L
76523,KCab-s,KCab-s_R,Kenyon_Cell,R
76531,KCab-c,KCab-c_R,Kenyon_Cell,R
76564,KCg-m,KCg-m_L,Kenyon_Cell,L
76566,KCab-m,KCab-m_L,Kenyon_Cell,L
76582,KCab-s,KCab-s_R,Kenyon_Cell,R
76585,MBON25-like,MBON25-like(y2)_R,MBON,R
76587,KCg-m,KCg-m_R,Kenyon_Cell,R
76593,KCab-s,KCab-s_R,Kenyon_Cell,R
76594,KCab-m,KCab-m_L,Kenyon_Cell,L
76605,KCab-m,KCab-m_L,Kenyon_Cell,L
76608,KCab-m,KCab-m_L,Kenyon_Cell,L
76615,KCab-m,KCab-m_R,Kenyon_Cell,R
76648,KCab-s,KCab-s_R,Kenyon_Cell,R
76660,KCab-s,KCab-s_R,Kenyon_Cell,R
76665,KCa'b'-m,KCa'b'-m_L,Kenyon_Cell,L
76676,KCab-m,KCab-m_L,Kenyon_Cell,L
76688,KCab-p,KCab-p_L,Kenyon_Cell,L
76702,KCab-p,KCab-p_R,Kenyon_Cell,R
76727,KCab-m,KCab-m_L,Kenyon_Cell,L
76750,KCab-s,KCab-s_R,Kenyon_Cell,R
76774,KCab-m,KCab-m_L,Kenyon_Cell,L
76807,KCab-c,KCab-c_R,Kenyon_Cell,R
76811,KCab-s,KCab-s_R,Kenyon_Cell,R
76837,KCg-m,KCg-m_R,Kenyon_Cell,R
76850,KCa'b'-ap1,KCa'b'-ap1_L,Kenyon_Cell,L
76862,KCab-s,KCab-s_R,Kenyon_Cell,R
76867,KCa'b'-ap2,KCa'b'-ap2_R,Kenyon_Cell,R
76889,KCa'b'-ap1,KCa'b'-ap1_L,Kenyon_Cell,L
76898,KCab-s,KCab-s_R,Kenyon_Cell,R
76933,KCa'b'-ap2,KCa'b'-ap2_L,Kenyon_Cell,L
76949,KCg-m,KCg-m_L,Kenyon_Cell,L
76973,KCg-m,KCg-m_R,Kenyon_Cell,R
76984,KCab-p,KCab-p_R,Kenyon_Cell,R
77022,KCab-c,KCab-c_R,Kenyon_Cell,R
77054,KCg-m,KCg-m_R,Kenyon_Cell,R
77060,KCa'b'-ap2,KCa'b'-ap2_R,Kenyon_Cell,R
77068,KCa'b'-m,KCa'b'-m_L,Kenyon_Cell,L
77076,KCab-s,KCab-s_L,Kenyon_Cell,L
77093,KCg-m,KCg-m_L,Kenyon_Cell,L
77108,KCg-m,KCg-m_L,Kenyon_Cell,L
77126,KCg-m,KCg-m_R,Kenyon_Cell,R
77131,KCab-c,KCab-c_R,Kenyon_Cell,R
77132,KCg-m,KCg-m_R,Kenyon_Cell,R
77158,KCg-m,KCg-m_R,Kenyon_Cell,R
77164,KCab-c,KCab-c_R,Kenyon_Cell,R
77199,KCa'b'-m,KCa'b'-m_R,Kenyon_Cell,R
77219,KCab-s,KCab-s_R,Kenyon_Cell,R
77281,KCg-m,KCg-m_R,Kenyon_Cell,R
77324,KCab-c,KCab-c_R,Kenyon_Cell,R
77367,KCg-m,KCg-m_L,Kenyon_Cell,L
77382,KCab-m,KCab-m_R,Kenyon_Cell,R
77390,KCab-s,KCab-s_R,Kenyon_Cell,R
77409,KCa'b'-ap1,KCa'b'-ap1_L,Kenyon_Cell,L
77433,KCab-s,KCab-s_R,Kenyon_Cell,R
77442,KCg-m,KCg-m_R,Kenyon_Cell,R
77449,KCg-m,KCg-m_R,Kenyon_Cell,R
77451,KCg-m,KCg-m_R,Kenyon_Cell,R
77454,KCg-m,KCg-m_L,Kenyon_Cell,L
77479,KCg-m,KCg-m_R,Kenyon_Cell,R
77505,KCab-m,KCab-m_L,Kenyon_Cell,L
77523,KCg-m,KCg-m_R,Kenyon_Cell,R
77539,KCa'b'-ap2,KCa'b'-ap2_L,Kenyon_Cell,L
77628,KCg-m,KCg-m_L,Kenyon_Cell,L
77631,KCg-m,KCg-m_L,Kenyon_Cell,L
77637,KCg-m,KCg-m_R,Kenyon_Cell,R
77679,KCa'b'-ap1,KCa'b'-ap1_R,Kenyon_Cell,R
77719,KCg-m,KCg-m_L,Kenyon_Cell,L
77729,KCab-s,KCab-s_R,Kenyon_Cell,R
77735,KCab-c,KCab-c_R,Kenyon_Cell,R
77755,KCa'b'-ap1,KCa'b'-ap1_R,Kenyon_Cell,R
77760,KCab-s,KCab-s_R,Kenyon_Cell,R
77790,KCab-c,KCab-c_R,Kenyon_Cell,R
77810,KCab-m,KCab-m_R,Kenyon_Cell,R
77858,KCa'b'-m,KCa'b'-m_L,Kenyon_Cell,L
77914,KCab-s,KCab-s_L,Kenyon_Cell,L
77975,KCg-m,KCg-m_R,Kenyon_Cell,R
78013,KCab-s,KCab-s_R,Kenyon_Cell,R
78060,KCab-s,KCab-s_R,Kenyon_Cell,R
78066,KCg-m,KCg-m_L,Kenyon_Cell,L
78073,KCa'b'-ap1,KCa'b'-ap1_L,Kenyon_Cell,L
78097,KCab-s,KCab-s_R,Kenyon_Cell,R
78118,KCab-c,KCab-c_L,Kenyon_Cell,L
78147,KCa'b'-ap2,KCa'b'-ap2_R,Kenyon_Cell,R
78150,KCa'b'-m,KCa'b'-m_L,Kenyon_Cell,L
78155,KCab-c,KCab-c_R,Kenyon_Cell,R
78189,KCa'b'-m,KCa'b'-m_L,Kenyon_Cell,L
78194,KCa'b'-m,KCa'b'-m_L,Kenyon_Cell,L
78203,KCab-s,KCab-s_R,Kenyon_Cell,R
78222,KCab-m,KCab-m_L,Kenyon_Cell,L
78234,KCab-s,KCab-s_R,Kenyon_Cell,R
78251,KCg-m,KCg-m_R,Kenyon_Cell,R
78261,KCab-m,KCab-m_L,Kenyon_Cell,L
78356,KCab-s,KCab-s_R,Kenyon_Cell,R
78359,KCa'b'-ap2,KCa'b'-ap2_R,Kenyon_Cell,R
78361,KCg-m,KCg-m_R,Kenyon_Cell,R
78363,KCab-m,KCab-m_L,Kenyon_Cell,L
78379,KCa'b'-ap2,KCa'b'-ap2_R,Kenyon_Cell,R
78458,KCg-m,KCg-m_R,Kenyon_Cell,R
78476,KCab-c,KCab-c_L,Kenyon_Cell,L
78480,KCa'b'-ap2,KCa'b'-ap2_R,Kenyon_Cell,R
78483,KCg-m,KCg-m_L,Kenyon_Cell,L
78494,KCab-c,KCab-c_R,Kenyon_Cell,R
78512,KCa'b'-ap2,KCa'b'-ap2_L,Kenyon_Cell,L
78514,KCg-m,KCg-m_L,Kenyon_Cell,L
78531,KCab-m,KCab-m_R,Kenyon_Cell,R
78544,KCab-s,KCab-s_R,Kenyon_Cell,R
78589,KCab-s,KCab-s_R,Kenyon_Cell,R
78747,KCab-s,KCab-s_L,Kenyon_Cell,L
78768,KCg-d,KCg-d_R,Kenyon_Cell,R
78772,KCab-c,KCab-c_R,Kenyon_Cell,R
78803,KCab-s,KCab-s_R,Kenyon_Cell,R
78811,KCg-m,KCg-m_R,Kenyon_Cell,R
78858,KCg-m,KCg-m_R,Kenyon_Cell,R
78862,KCg-m,KCg-m_L,Kenyon_Cell,L
78872,KCg-m,KCg-m_L,Kenyon_Cell,L
78880,KCg-m,KCg-m_L,Kenyon_Cell,L
78909,KCab-c,KCab-c_R,Kenyon_Cell,R
78920,KCg-m,KCg-m_R,Kenyon_Cell,R
78924,KCab-s,KCab-s_R,Kenyon_Cell,R
78928,KCab-s,KCab-s_R,Kenyon_Cell,R
78946,KCab-s,KCab-s_R,Kenyon_Cell,R
78959,KCab-m,KCab-m_R,Kenyon_Cell,R
78984,KCab-s,KCab-s_R,Kenyon_Cell,R
78992,KCg-m,KCg-m_L,Kenyon_Cell,L
78997,KCa'b'-m,KCa'b'-m_R,Kenyon_Cell,R
79013,KCab-m,KCab-m_L,Kenyon_Cell,L
79038,KCab-c,KCab-c_R,Kenyon_Cell,R
79052,KCa'b'-ap1,KCa'b'-ap1_L,Kenyon_Cell,L
79092,KCab-c,KCab-c_R,Kenyon_Cell,R
79184,KCab-p,KCab-p_R,Kenyon_Cell,R
79199,KCa'b'-ap2,KCa'b'-ap2_R,Kenyon_Cell,R
79203,KCab-c,KCab-c_R,Kenyon_Cell,R
79218,KCab-c,KCab-c_L,Kenyon_Cell,L
79224,KCa'b'-m,KCa'b'-m_L,Kenyon_Cell,L
79275,KCg-m,KCg-m_L,Kenyon_Cell,L
79299,KCab-s,KCab-s_L,Kenyon_Cell,L
79362,KCg-s3,KCg-s3_R,Kenyon_Cell,R
79364,KCa'b'-ap1,KCa'b'-ap1_R,Kenyon_Cell,R
79372,KCg-m,KCg-m_R,Kenyon_Cell,R
79419,KCg-d,KCg-d_L,Kenyon_Cell,L
79444,KCg-m,KCg-m_R,Kenyon_Cell,R
79476,KCa'b'-ap1,KCa'b'-ap1_R,Kenyon_Cell,R
79504,KCab-c,KCab-c_R,Kenyon_Cell,R
79508,KCab-s,KCab-s_R,Kenyon_Cell,R
79522,KCab-p,KCab-p_R,Kenyon_Cell,R
79536,KCab-s,KCab-s_R,Kenyon_Cell,R
79562,KCab-c,KCab-c_R,Kenyon_Cell,R
79590,KCab-c,KCab-c_R,Kenyon_Cell,R
79622,KCg-m,KCg-m_L,Kenyon_Cell,L
79653,KCg-m,KCg-m_R,Kenyon_Cell,R
79656,KCa'b'-ap2,KCa'b'-ap2_L,Kenyon_Cell,L
79684,KCa'b'-m,KCa'b'-m_R,Kenyon_Cell,R
79690,KCg-m,KCg-m_L,Kenyon_Cell,L
79735,KCab-c,KCab-c_R,Kenyon_Cell,R
79761,KCg-m,KCg-m_L,Kenyon_Cell,L
79776,KCg-m,KCg-m_L,Kenyon_Cell,L
79777,KCab-c,KCab-c_R,Kenyon_Cell,R
79783,KCg-m,KCg-m_L,Kenyon_Cell,L
79793,KCa'b'-m,KCa'b'-m_L,Kenyon_Cell,L
79795,KCab-m,KCab-m_L,Kenyon_Cell,L
79821,KCab-s,KCab-s_R,Kenyon_Cell,R
79831,KCab-c,KCab-c_L,Kenyon_Cell,L
79832,KCg-m,KCg-m_R,Kenyon_Cell,R
79846,KCa'b'-m,KCa'b'-m_R,Kenyon_Cell,R
79860,KCa'b'-m,KCa'b'-m_R,Kenyon_Cell,R
79877,KCab-c,KCab-c_R,Kenyon_Cell,R
79893,KCa'b'-ap2,KCa'b'-ap2_L,Kenyon_Cell,L
79899,KCa'b'-ap2,KCa'b'-ap2_R,Kenyon_Cell,R
79911,KCab-m,KCab-m_L,Kenyon_Cell,L
79920,KCab-c,KCab-c_R,Kenyon_Cell,R
79931,KCg-m,KCg-m_R,Kenyon_Cell,R
79945,KCab-c,KCab-c_R,Kenyon_Cell,R
79950,KCg-m,KCg-m_L,Kenyon_Cell,L
79972,KCab-m,KCab-m_R,Kenyon_Cell,R
80009,KCab-c,KCab-c_R,Kenyon_Cell,R
80013,KCab-s,KCab-s_R,Kenyon_Cell,R
80027,KCg-m,KCg-m_R,Kenyon_Cell,R
80076,KCab-m,KCab-m_L,Kenyon_Cell,L
80079,KCg-m,KCg-m_R,Kenyon_Cell,R
80082,KCab-s,KCab-s_R,Kenyon_Cell,R
80083,KCg-m,KCg-m_R,Kenyon_Cell,R
80094,KCg-m,KCg-m_L,Kenyon_Cell,L
80123,KCg-m,KCg-m_R,Kenyon_Cell,R
80128,KCg-s4,KCg-s4_R,Kenyon_Cell,R
80131,KCab-s,KCab-s_R,Kenyon_Cell,R
80143,KCg-m,KCg-m_L,Kenyon_Cell,L
80155,KCab-s,KCab-s_R,Kenyon_Cell,R
80168,KCab-c,KCab-c_R,Kenyon_Cell,R
80172,KCab-s,KCab-s_R,Kenyon_Cell,R
80201,KCab-s,KCab-s_R,Kenyon_Cell,R
80274,KCa'b'-m,KCa'b'-m_L,Kenyon_Cell,L
80309,KCab-m,KCab-m_L,Kenyon_Cell,L
80325,KCg-m,KCg-m_L,Kenyon_Cell,L
80348,KCab-m,KCab-m_L,Kenyon_Cell,L
80380,KCg-m,KCg-m_L,Kenyon_Cell,L
80382,KCab-c,KCab-c_R,Kenyon_Cell,R
80395,KCab-c,KCab-c_L,Kenyon_Cell,L
80397,KCg-m,KCg-m_R,Kenyon_Cell,R
80409,KCab-m,KCab-m_L,Kenyon_Cell,L
80532,KCg-m,KCg-m_L,Kenyon_Cell,L
80539,KCab-s,KCab-s_R,Kenyon_Cell,R
80543,KCab-p,KCab-p_R,Kenyon_Cell,R
80562,KCab-s,KCab-s_R,Kenyon_Cell,R
80566,KCa'b'-ap2,KCa'b'-ap2_L,Kenyon_Cell,L
80611,KCa'b'-ap1,KCa'b'-ap1_L,Kenyon_Cell,L
80612,KCab-p,KCab-p_L,Kenyon_Cell,L
80614,KCg-m,KCg-m_R,Kenyon_Cell,R
80637,KCa'b'-ap2,KCa'b'-ap2_R,Kenyon_Cell,R
80663,KCg-m,KCg-m_L,Kenyon_Cell,L
80704,KCg-m,KCg-m_L,Kenyon_Cell,L
80708,KCg-m,KCg-m_L,Kenyon_Cell,L
80733,KCab-c,KCab-c_R,Kenyon_Cell,R
80735,KCa'b'-m,KCa'b'-m_L,Kenyon_Cell,L
80747,KCab-s,KCab-s_L,Kenyon_Cell,L
80779,KCg-m,KCg-m_L,Kenyon_Cell,L
80814,KCab-m,KCab-m_L,Kenyon_Cell,L
80832,KCa'b'-ap1,KCa'b'-ap1_R,Kenyon_Cell,R
80905,KCg-d,KCg-d_L,Kenyon_Cell,L
80918,KCab-c,KCab-c_L,Kenyon_Cell,L
80924,KCg-d,KCg-d_L,Kenyon_Cell,L
80970,KCg-m,KCg-m_L,Kenyon_Cell,L
80978,KCab-m,KCab-m_R,Kenyon_Cell,R
81000,KCg-m,KCg-m_R,Kenyon_Cell,R
81001,KCg-m,KCg-m_L,Kenyon_Cell,L
81004,KCg-m,KCg-m_R,Kenyon_Cell,R
81005,KCg-m,KCg-m_R,Kenyon_Cell,R
81049,KCab-p,KCab-p_R,Kenyon_Cell,R
81053,KCab-m,KCab-m_R,Kenyon_Cell,R
81056,KCg-d,KCg-d_R,Kenyon_Cell,R
81093,KCg-m,KCg-m_L,Kenyon_Cell,L
81095,KCa'b'-ap2,KCa'b'-ap2_R,Kenyon_Cell,R
81129,KCa'b'-m,KCa'b'-m_L,Kenyon_Cell,L
81141,KCab-s,KCab-s_R,Kenyon_Cell,R
81143,KCg-m,KCg-m_L,Kenyon_Cell,L
81177,KCg-d,KCg-d_R,Kenyon_Cell,R
81187,KCa'b'-m,KCa'b'-m_R,Kenyon_Cell,R
81197,KCab-m,KCab-m_R,Kenyon_Cell,R
81202,KCab-s,KCab-s_R,Kenyon_Cell,R
81203,KCab-p,KCab-p_R,Kenyon_Cell,R
81207,KCab-s,KCab-s_R,Kenyon_Cell,R
81233,KCg-m,KCg-m_R,Kenyon_Cell,R
81239,KCa'b'-m,KCa'b'-m_R,Kenyon_Cell,R
81251,KCg-m,KCg-m_L,Kenyon_Cell,L
81273,KCa'b'-ap2,KCa'b'-ap2_R,Kenyon_Cell,R
81278,KCab-c,KCab-c_L,Kenyon_Cell,L
81338,KCg-m,KCg-m_L,Kenyon_Cell,L
81348,KCa'b'-m,KCa'b'-m_R,Kenyon_Cell,R
81349,KCg-m,KCg-m_L,Kenyon_Cell,L
81369,KCg-m,KCg-m_L,Kenyon_Cell,L
81374,KCg-m,KCg-m_L,Kenyon_Cell,L
81377,KCab-m,KCab-m_R,Kenyon_Cell,R
81385,KCg-m,KCg-m_L,Kenyon_Cell,L
81427,KCg-m,KCg-m_R,Kenyon_Cell,R
81453,KCab-c,KCab-c_R,Kenyon_Cell,R
81492,KCa'b'-ap2,KCa'b'-ap2_L,Kenyon_Cell,L
81502,KCg-m,KCg-m_L,Kenyon_Cell,L
81506,KCg-m,KCg-m_R,Kenyon_Cell,R
81563,KCg-m,KCg-m_R,Kenyon_Cell,R
81577,KCg-d,KCg-d_L,Kenyon_Cell,L
81589,KCab-m,KCab-m_L,Kenyon_Cell,L
81601,KCg-m,KCg-m_R,Kenyon_Cell,R
81606,KCg-m,KCg-m_R,Kenyon_Cell,R
81628,KCg-m,KCg-m_R,Kenyon_Cell,R
81630,KCg-m,KCg-m_L,Kenyon_Cell,L
81631,KCab-p,KCab-p_L,Kenyon_Cell,L
81645,KCab-c,KCab-c_L,Kenyon_Cell,L
81651,KCg-m,KCg-m_R,Kenyon_Cell,R
81656,KCg-d,KCg-d_R,Kenyon_Cell,R
81657,KCab-m,KCab-m_R,Kenyon_Cell,R
81671,KCg-m,KCg-m_L,Kenyon_Cell,L
81700,KCab-m,KCab-m_R,Kenyon_Cell,R
81740,KCg-m,KCg-m_L,Kenyon_Cell,L
81781,KCg-d,KCg-d_L,Kenyon_Cell,L
81820,KCg-m,KCg-m_R,Kenyon_Cell,R
81851,KCab-s,KCab-s_R,Kenyon_Cell,R
81885,KCab-p,KCab-p_R,Kenyon_Cell,R
81925,KCab-s,KCab-s_L,Kenyon_Cell,L
81934,KCab-c,KCab-c_R,Kenyon_Cell,R
81956,KCa'b'-m,KCa'b'-m_L,Kenyon_Cell,L
81967,KCg-m,KCg-m_R,Kenyon_Cell,R
81968,KCab-c,KCab-c_L,Kenyon_Cell,L
81976,KCa'b'-ap2,KCa'b'-ap2_L,Kenyon_Cell,L
81979,KCa'b'-ap2,KCa'b'-ap2_R,Kenyon_Cell,R
82025,KCa'b'-m,KCa'b'-m_R,Kenyon_Cell,R
82028,KCa'b'-ap2,KCa'b'-ap2_L,Kenyon_Cell,L
82062,KCab-m,KCab-m_R,Kenyon_Cell,R
82068,KCab-s,KCab-s_R,Kenyon_Cell,R
82118,KCg-m,KCg-m_R,Kenyon_Cell,R
82132,KCg-m,KCg-m_R,Kenyon_Cell,R
82161,KCg-m,KCg-m_R,Kenyon_Cell,R
82188,KCg-m,KCg-m_R,Kenyon_Cell,R
82192,KCg-m,KCg-m_L,Kenyon_Cell,L
82210,KCab-c,KCab-c_R,Kenyon_Cell,R
82225,KCa'b'-ap1,KCa'b'-ap1_R,Kenyon_Cell,R
82284,KCg-m,KCg-m_R,Kenyon_Cell,R
82292,KCg-m,KCg-m_L,Kenyon_Cell,L
82296,KCa'b'-ap2,KCa'b'-ap2_R,Kenyon_Cell,R
82315,KCab-c,KCab-c_R,Kenyon_Cell,R
82319,KCab-c,KCab-c_L,Kenyon_Cell,L
82358,KCab-s,KCab-s_R,Kenyon_Cell,R
82386,KCg-m,KCg-m_R,Kenyon_Cell,R
82399,KCg-m,KCg-m_L,Kenyon_Cell,L
82440,KCg-m,KCg-m_R,Kenyon_Cell,R
82460,KCa'b'-ap1,KCa'b'-ap1_L,Kenyon_Cell,L
82472,KCab-c,KCab-c_R,Kenyon_Cell,R
82474,KCa'b'-m,KCa'b'-m_R,Kenyon_Cell,R
82480,KCa'b'-m,KCa'b'-m_L,Kenyon_Cell,L
82538,KCab-m,KCab-m_R,Kenyon_Cell,R
82543,KCg-m,KCg-m_L,Kenyon_Cell,L
82570,KCa'b'-ap2,KCa'b'-ap2_R,Kenyon_Cell,R
82582,KCg-m,KCg-m_R,Kenyon_Cell,R
82594,KCab-s,KCab-s_L,Kenyon_Cell,L
82635,KCab-s,KCab-s_R,Kenyon_Cell,R
82646,KCg-m,KCg-m_L,Kenyon_Cell,L
82648,KCa'b'-m,KCa'b'-m_R,Kenyon_Cell,R
82652,KCab-m,KCab-m_R,Kenyon_Cell,R
82672,KCg-m,KCg-m_L,Kenyon_Cell,L
82673,KCab-s,KCab-s_R,Kenyon_Cell,R
82693,KCg-m,KCg-m_L,Kenyon_Cell,L
82728,KCg-d,KCg-d_L,Kenyon_Cell,L
82744,KCa'b'-m,KCa'b'-m_R,Kenyon_Cell,R
82761,KCg-m,KCg-m_L,Kenyon_Cell,L
82789,KCab-s,KCab-s_R,Kenyon_Cell,R
82798,KCab-s,KCab-s_R,Kenyon_Cell,R
82804,KCa'b'-m,KCa'b'-m_L,Kenyon_Cell,L
82895,KCg-m,KCg-m_R,Kenyon_Cell,R
82904,KCg-m,KCg-m_L,Kenyon_Cell,L
82906,KCa'b'-m,KCa'b'-m_R,Kenyon_Cell,R
82911,KCab-c,KCab-c_R,Kenyon_Cell,R
82939,KCg-m,KCg-m_R,Kenyon_Cell,R
82996,KCg-m,KCg-m_L,Kenyon_Cell,L
83052,KCab-p,KCab-p_R,Kenyon_Cell,R
83058,KCg-m,KCg-m_L,Kenyon_Cell,L
83072,KCa'b'-m,KCa'b'-m_L,Kenyon_Cell,L
83089,KCab-m,KCab-m_L,Kenyon_Cell,L
83091,KCab-m,KCab-m_L,Kenyon_Cell,L
83094,KCab-m,KCab-m_R,Kenyon_Cell,R
83095,KCab-m,KCab-m_L,Kenyon_Cell,L
83108,KCab-m,KCab-m_L,Kenyon_Cell,L
83121,KCab-c,KCab-c_L,Kenyon_Cell,L
83162,KCg-m,KCg-m_R,Kenyon_Cell,R
83166,KCa'b'-ap2,KCa'b'-ap2_L,Kenyon_Cell,L
83168,KCab-s,KCab-s_R,Kenyon_Cell,R
83181,KCab-s,KCab-s_R,Kenyon_Cell,R
83221,KCa'b'-ap2,KCa'b'-ap2_R,Kenyon_Cell,R
83270,KCg-m,KCg-m_L,Kenyon_Cell,L
83278,KCab-m,KCab-m_R,Kenyon_Cell,R
83329,KCab-m,KCab-m_R,Kenyon_Cell,R
83341,KCg-m,KCg-m_R,Kenyon_Cell,R
83352,KCab-c,KCab-c_L,Kenyon_Cell,L
83360,KCg-m,KCg-m_R,Kenyon_Cell,R
83371,KCg-m,KCg-m_L,Kenyon_Cell,L
83392,KCab-m,KCab-m_R,Kenyon_Cell,R
83413,KCab-c,KCab-c_L,Kenyon_Cell,L
83418,KCab-c,KCab-c_R,Kenyon_Cell,R
83456,KCa'b'-m,KCa'b'-m_L,Kenyon_Cell,L
83481,KCa'b'-m,KCa'b'-m_L,Kenyon_Cell,L
83489,KCab-s,KCab-s_L,Kenyon_Cell,L
83494,KCg-m,KCg-m_R,Kenyon_Cell,R
83557,KCab-m,KCab-m_R,Kenyon_Cell,R
83563,KCab-c,KCab-c_R,Kenyon_Cell,R
83576,KCg-m,KCg-m_R,Kenyon_Cell,R
83584,KCg-d,KCg-d_R,Kenyon_Cell,R
83604,KCab-s,KCab-s_R,Kenyon_Cell,R
83608,KCg-m,KCg-m_R,Kenyon_Cell,R
83611,KCa'b'-ap2,KCa'b'-ap2_L,Kenyon_Cell,L
83612,KCab-c,KCab-c_R,Kenyon_Cell,R
83624,KCab-s,KCab-s_R,Kenyon_Cell,R
83632,KCab-c,KCab-c_R,Kenyon_Cell,R
83656,KCab-m,KCab-m_L,Kenyon_Cell,L
83678,KCa'b'-ap2,KCa'b'-ap2_L,Kenyon_Cell,L
83684,KCab-s,KCab-s_R,Kenyon_Cell,R
83691,KCg-m,KCg-m_L,Kenyon_Cell,L
83715,KCa'b'-ap2,KCa'b'-ap2_R,Kenyon_Cell,R
83737,KCa'b'-ap2,KCa'b'-ap2_R,Kenyon_Cell,R
83743,KCab-s,KCab-s_R,Kenyon_Cell,R
83777,KCa'b'-ap1,KCa'b'-ap1_L,Kenyon_Cell,L
83783,KCg-m,KCg-m_L,Kenyon_Cell,L
83807,KCab-c,KCab-c_R,Kenyon_Cell,R
83820,KCg-m,KCg-m_R,Kenyon_Cell,R
83833,KCg-m,KCg-m_R,Kenyon_Cell,R
83835,KCab-m,KCab-m_R,Kenyon_Cell,R
83894,KCa'b'-m,KCa'b'-m_R,Kenyon_Cell,R
83914,KCab-c,KCab-c_L,Kenyon_Cell,L
83921,KCg-m,KCg-m_R,Kenyon_Cell,R
83924,KCab-p,KCab-p_R,Kenyon_Cell,R
83961,KCab-s,KCab-s_R,Kenyon_Cell,R
83965,KCg-m,KCg-m_L,Kenyon_Cell,L
83978,KCab-s,KCab-s_L,Kenyon_Cell,L
83989,KCab-s,KCab-s_L,Kenyon_Cell,L
84007,KCg-m,KCg-m_R,Kenyon_Cell,R
84011,KCg-d,KCg-d_R,Kenyon_Cell,R
84037,KCa'b'-ap2,KCa'b'-ap2_L,Kenyon_Cell,L
84131,KCa'b'-ap2,KCa'b'-ap2_L,Kenyon_Cell,L
84137,KCa'b'-ap2,KCa'b'-ap2_R,Kenyon_Cell,R
84241,KCab-c,KCab-c_L,Kenyon_Cell,L
84244,KCa'b'-ap1,KCa'b'-ap1_L,Kenyon_Cell,L
84247,KCa'b'-ap2,KCa'b'-ap2_L,Kenyon_Cell,L
84278,KCab-s,KCab-s_R,Kenyon_Cell,R
84295,KCab-s,KCab-s_R,Kenyon_Cell,R
84299,KCab-m,KCab-m_L,Kenyon_Cell,L
84319,KCg-m,KCg-m_L,Kenyon_Cell,L
84334,KCab-s,KCab-s_R,Kenyon_Cell,R
84335,KCab-m,KCab-m_L,Kenyon_Cell,L
84353,KCab-c,KCab-c_L,Kenyon_Cell,L
84400,KCg-m,KCg-m_L,Kenyon_Cell,L
84446,KCg-m,KCg-m_L,Kenyon_Cell,L
84472,KCab-p,KCab-p_L,Kenyon_Cell,L
84485,KCab-m,KCab-m_R,Kenyon_Cell,R
84498,KCa'b'-ap2,KCa'b'-ap2_R,Kenyon_Cell,R
84536,KCa'b'-ap2,KCa'b'-ap2_L,Kenyon_Cell,L
84598,KCab-m,KCab-m_L,Kenyon_Cell,L
84602,KCa'b'-m,KCa'b'-m_L,Kenyon_Cell,L
84628,KCg-d,KCg-d_R,Kenyon_Cell,R
84638,KCab-m,KCab-m_R,Kenyon_Cell,R
84641,KCab-s,KCab-s_R,Kenyon_Cell,R
84657,KCa'b'-ap2,KCa'b'-ap2_L,Kenyon_Cell,L
84664,KCg-m,KCg-m_R,Kenyon_Cell,R
84765,KCab-s,KCab-s_R,Kenyon_Cell,R
84777,KCab-s,KCab-s_R,Kenyon_Cell,R
84811,KCab-s,KCab-s_R,Kenyon_Cell,R
84822,KCab-s,KCab-s_L,Kenyon_Cell,L
84884,KCg-m,KCg-m_L,Kenyon_Cell,L
84902,KCab-c,KCab-c_R,Kenyon_Cell,R
84926,KCg-m,KCg-m_L,Kenyon_Cell,L
84929,KCab-m,KCab-m_R,Kenyon_Cell,R
84932,KCg-m,KCg-m_L,Kenyon_Cell,L
84941,KCab-m,KCab-m_R,Kenyon_Cell,R
84972,KCg-m,KCg-m_R,Kenyon_Cell,R
84974,KCab-m,KCab-m_R,Kenyon_Cell,R
84987,KCg-m,KCg-m_L,Kenyon_Cell,L
84989,KCg-m,KCg-m_L,Kenyon_Cell,L
84991,KCab-s,KCab-s_R,Kenyon_Cell,R
85012,KCab-c,KCab-c_R,Kenyon_Cell,R
85017,KCab-c,KCab-c_R,Kenyon_Cell,R
85033,KCab-p,KCab-p_R,Kenyon_Cell,R
85054,KCab-m,KCab-m_R,Kenyon_Cell,R
85091,KCg-m,KCg-m_L,Kenyon_Cell,L
85110,KCab-s,KCab-s_R,Kenyon_Cell,R
85121,KCg-m,KCg-m_L,Kenyon_Cell,L
85137,KCg-m,KCg-m_R,Kenyon_Cell,R
85141,KCg-m,KCg-m_R,Kenyon_Cell,R
85213,KCg-d,KCg-d_L,Kenyon_Cell,L
85216,KCg-m,KCg-m_L,Kenyon_Cell,L
85242,KCa'b'-m,KCa'b'-m_R,Kenyon_Cell,R
85257,KCab-s,KCab-s_R,Kenyon_Cell,R
85321,KCab-s,KCab-s_R,Kenyon_Cell,R
85325,KCg-m,KCg-m_L,Kenyon_Cell,L
85340,KCg-m,KCg-m_L,Kenyon_Cell,L
85342,KCab-s,KCab-s_R,Kenyon_Cell,R
85349,KCg-d,KCg-d_R,Kenyon_Cell,R
85368,KCg-d,KCg-d_L,Kenyon_Cell,L
85377,KCab-m,KCab-m_R,Kenyon_Cell,R
85389,KCab-c,KCab-c_R,Kenyon_Cell,R
85391,KCab-s,KCab-s_R,Kenyon_Cell,R
85403,KCab-m,KCab-m_L,Kenyon_Cell,L
85428,KCab-p,KCab-p_L,Kenyon_Cell,L
85442,KCab-m,KCab-m_R,Kenyon_Cell,R
85452,KCa'b'-ap2,KCa'b'-ap2_R,Kenyon_Cell,R
85482,KCa'b'-ap2,KCa'b'-ap2_L,Kenyon_Cell,L
85512,KCg-m,KCg-m_L,Kenyon_Cell,L
85516,KCg-m,KCg-m_R,Kenyon_Cell,R
85522,KCab-s,KCab-s_R,Kenyon_Cell,R
85531,KCab-s,KCab-s_R,Kenyon_Cell,R
85547,KCg-m,KCg-m_L,Kenyon_Cell,L
85590,KCab-m,KCab-m_R,Kenyon_Cell,R
85665,KCg-m,KCg-m_L,Kenyon_Cell,L
85711,KCab-s,KCab-s_R,Kenyon_Cell,R
85750,KCa'b'-m,KCa'b'-m_L,Kenyon_Cell,L
85752,KCab-m,KCab-m_R,Kenyon_Cell,R
85805,KCg-m,KCg-m_L,Kenyon_Cell,L
85819,KCab-c,KCab-c_R,Kenyon_Cell,R
85846,KCab-m,KCab-m_L,Kenyon_Cell,L
85851,KCg-d,KCg-d_R,Kenyon_Cell,R
85900,KCa'b'-ap2,KCa'b'-ap2_L,Kenyon_Cell,L
85920,KCab-s,KCab-s_R,Kenyon_Cell,R
85923,KCg-d,KCg-d_R,Kenyon_Cell,R
85986,KCab-s,KCab-s_R,Kenyon_Cell,R
86020,KCg-m,KCg-m_L,Kenyon_Cell,L
86024,KCg-m,KCg-m_L,Kenyon_Cell,L
86028,KCg-m,KCg-m_L,Kenyon_Cell,L
86041,KCab-m,KCab-m_L,Kenyon_Cell,L
86072,KCab-s,KCab-s_R,Kenyon_Cell,R
86079,KCab-s,KCab-s_R,Kenyon_Cell,R
86137,KCg-m,KCg-m_R,Kenyon_Cell,R
86142,KCa'b'-ap2,KCa'b'-ap2_L,Kenyon_Cell,L
86153,KCab-c,KCab-c_R,Kenyon_Cell,R
86168,KCab-s,KCab-s_R,Kenyon_Cell,R
86170,KCab-c,KCab-c_L,Kenyon_Cell,L
86180,KCab-m,KCab-m_R,Kenyon_Cell,R
86183,KCg-d,KCg-d_R,Kenyon_Cell,R
86209,KCg-m,KCg-m_L,Kenyon_Cell,L
86231,KCab-c,KCab-c_R,Kenyon_Cell,R
86306,KCa'b'-ap1,KCa'b'-ap1_R,Kenyon_Cell,R
86324,KCab-s,KCab-s_L,Kenyon_Cell,L
86349,KCab-m,KCab-m_L,Kenyon_Cell,L
86372,KCg-d,KCg-d_L,Kenyon_Cell,L
86395,KCg-m,KCg-m_L,Kenyon_Cell,L
86432,KCab-s,KCab-s_R,Kenyon_Cell,R
86437,KCa'b'-m,KCa'b'-m_R,Kenyon_Cell,R
86468,KCab-s,KCab-s_R,Kenyon_Cell,R
86528,KCab-m,KCab-m_R,Kenyon_Cell,R
86553,KCg-m,KCg-m_R,Kenyon_Cell,R
86554,KCab-c,KCab-c_R,Kenyon_Cell,R
86555,KCg-m,KCg-m_L,Kenyon_Cell,L
86583,KCg-m,KCg-m_L,Kenyon_Cell,L
86608,KCg-m,KCg-m_L,Kenyon_Cell,L
86610,KCg-m,KCg-m_L,Kenyon_Cell,L
86639,KCab-s,KCab-s_R,Kenyon_Cell,R
86670,KCab-m,KCab-m_R,Kenyon_Cell,R
86717,KCab-s,KCab-s_L,Kenyon_Cell,L
86751,KCg-m,KCg-m_R,Kenyon_Cell,R
86758,KCab-s,KCab-s_R,Kenyon_Cell,R
86768,KCab-s,KCab-s_R,Kenyon_Cell,R
86811,KCab-s,KCab-s_R,Kenyon_Cell,R
86814,KCg-m,KCg-m_R,Kenyon_Cell,R
86850,KCab-s,KCab-s_L,Kenyon_Cell,L
86876,KCg-m,KCg-m_R,Kenyon_Cell,R
86878,KCab-s,KCab-s_L,Kenyon_Cell,L
86899,KCab-s,KCab-s_L,Kenyon_Cell,L
86909,KCg-d,KCg-d_R,Kenyon_Cell,R
86940,KCg-d,KCg-d_L,Kenyon_Cell,L
86967,KCg-m,KCg-m_L,Kenyon_Cell,L
86970,KCa'b'-ap2,KCa'b'-ap2_R,Kenyon_Cell,R
86985,KCg-m,KCg-m_R,Kenyon_Cell,R
87052,KCg-m,KCg-m_L,Kenyon_Cell,L
87077,MBON25,MBON25(y1y2)_L,MBON,L
87103,KCg-m,KCg-m_L,Kenyon_Cell,L
87138,KCab-c,KCab-c_L,Kenyon_Cell,L
87155,KCg-m,KCg-m_R,Kenyon_Cell,R
87163,KCab-c,KCab-c_R,Kenyon_Cell,R
87219,KCa'b'-ap2,KCa'b'-ap2_R,Kenyon_Cell,R
87232,KCa'b'-ap2,KCa'b'-ap2_R,Kenyon_Cell,R
87254,KCab-s,KCab-s_R,Kenyon_Cell,R
87261,KCab-s,KCab-s_R,Kenyon_Cell,R
87276,KCg-m,KCg-m_L,Kenyon_Cell,L
87281,KCa'b'-ap1,KCa'b'-ap1_L,Kenyon_Cell,L
87304,KCg-m,KCg-m_L,Kenyon_Cell,L
87308,KCg-m,KCg-m_L,Kenyon_Cell,L
87324,KCab-p,KCab-p_R,Kenyon_Cell,R
87334,KCa'b'-ap2,KCa'b'-ap2_L,Kenyon_Cell,L
87364,KCa'b'-m,KCa'b'-m_R,Kenyon_Cell,R
87382,KCg-m,KCg-m_R,Kenyon_Cell,R
87387,KCg-d,KCg-d_R,Kenyon_Cell,R
87437,KCg-m,KCg-m_R,Kenyon_Cell,R
87533,KCa'b'-m,KCa'b'-m_L,Kenyon_Cell,L
87576,KCab-s,KCab-s_R,Kenyon_Cell,R
87642,KCg-m,KCg-m_R,Kenyon_Cell,R
87660,KCg-m,KCg-m_R,Kenyon_Cell,R
87667,KCa'b'-m,KCa'b'-m_L,Kenyon_Cell,L
87697,KCg-m,KCg-m_L,Kenyon_Cell,L
87719,KCab-s,KCab-s_R,Kenyon_Cell,R
87728,KCab-s,KCab-s_R,Kenyon_Cell,R
87731,KCab-s,KCab-s_L,Kenyon_Cell,L
87732,KCab-c,KCab-c_L,Kenyon_Cell,L
87758,KCab-s,KCab-s_R,Kenyon_Cell,R
87759,KCg-m,KCg-m_R,Kenyon_Cell,R
87776,KCab-p,KCab-p_R,Kenyon_Cell,R
87784,KCab-s,KCab-s_R,Kenyon_Cell,R
87788,KCab-m,KCab-m_R,Kenyon_Cell,R
87844,KCg-m,KCg-m_R,Kenyon_Cell,R
87868,KCg-d,KCg-d_L,Kenyon_Cell,L
87946,KCab-s,KCab-s_R,Kenyon_Cell,R
88000,KCg-m,KCg-m_L,Kenyon_Cell,L
88023,KCab-m,KCab-m_R,Kenyon_Cell,R
88028,KCg-m,KCg-m_L,Kenyon_Cell,L
88046,KCab-c,KCab-c_L,Kenyon_Cell,L
88068,KCab-s,KCab-s_R,Kenyon_Cell,R
88108,KCg-m,KCg-m_L,Kenyon_Cell,L
88109,KCa'b'-ap2,KCa'b'-ap2_R,Kenyon_Cell,R
88132,KCg-m,KCg-m_L,Kenyon_Cell,L
88185,KCa'b'-ap2,KCa'b'-ap2_L,Kenyon_Cell,L
88192,KCab-c,KCab-c_R,Kenyon_Cell,R
88283,KCa'b'-m,KCa'b'-m_R,Kenyon_Cell,R
88290,KCg-m,KCg-m_R,Kenyon_Cell,R
88404,KCab-s,KCab-s_L,Kenyon_Cell,L
88407,KCab-s,KCab-s_R,Kenyon_Cell,R
88428,KCg-m,KCg-m_L,Kenyon_Cell,L
88476,KCa'b'-ap1,KCa'b'-ap1_L,Kenyon_Cell,L
88554,KCab-m,KCab-m_L,Kenyon_Cell,L
88584,KCg-m,KCg-m_R,Kenyon_Cell,R
88588,KCab-m,KCab-m_R,Kenyon_Cell,R
88631,KCab-m,KCab-m_L,Kenyon_Cell,L
88653,KCab-s,KCab-s_R,Kenyon_Cell,R
88655,KCg-m,KCg-m_R,Kenyon_Cell,R
88703,KCg-m,KCg-m_R,Kenyon_Cell,R
88711,KCa'b'-m,KCa'b'-m_L,Kenyon_Cell,L
88775,KCab-s,KCab-s_R,Kenyon_Cell,R
88808,KCa'b'-m,KCa'b'-m_L,Kenyon_Cell,L
88822,KCa'b'-ap1,KCa'b'-ap1_R,Kenyon_Cell,R
88824,KCab-p,KCab-p_R,Kenyon_Cell,R
88834,KCa'b'-m,KCa'b'-m_L,Kenyon_Cell,L
88845,KCg-m,KCg-m_L,Kenyon_Cell,L
88869,KCg-m,KCg-m_L,Kenyon_Cell,L
88884,KCg-m,KCg-m_R,Kenyon_Cell,R
88899,KCab-p,KCab-p_R,Kenyon_Cell,R
88938,KCab-s,KCab-s_R,Kenyon_Cell,R
88980,KCab-m,KCab-m_L,Kenyon_Cell,L
89003,KCab-m,KCab-m_R,Kenyon_Cell,R
89041,KCg-m,KCg-m_L,Kenyon_Cell,L
89067,KCab-m,KCab-m_L,Kenyon_Cell,L
89071,KCab-s,KCab-s_L,Kenyon_Cell,L
89158,KCg-m,KCg-m_L,Kenyon_Cell,L
89170,KCab-s,KCab-s_R,Kenyon_Cell,R
89269,KCg-m,KCg-m_L,Kenyon_Cell,L
89323,KCab-s,KCab-s_L,Kenyon_Cell,L
89327,KCg-d,KCg-d_R,Kenyon_Cell,R
89338,KCab-m,KCab-m_L,Kenyon_Cell,L
89384,KCab-m,KCab-m_R,Kenyon_Cell,R
89419,KCa'b'-m,KCa'b'-m_L,Kenyon_Cell,L
89435,KCab-s,KCab-s_R,Kenyon_Cell,R
89442,KCg-m,KCg-m_L,Kenyon_Cell,L
89461,KCa'b'-ap2,KCa'b'-ap2_R,Kenyon_Cell,R
89471,KCg-m,KCg-m_R,Kenyon_Cell,R
89505,KCab-s,KCab-s_R,Kenyon_Cell,R
89530,KCa'b'-ap2,KCa'b'-ap2_R,Kenyon_Cell,R
89536,KCg-m,KCg-m_L,Kenyon_Cell,L
89552,KCab-c,KCab-c_R,Kenyon_Cell,R
89574,KCab-s,KCab-s_R,Kenyon_Cell,R
89617,KCab-c,KCab-c_L,Kenyon_Cell,L
89623,KCab-m,KCab-m_R,Kenyon_Cell,R
89658,KCab-s,KCab-s_R,Kenyon_Cell,R
89659,KCab-c,KCab-c_R,Kenyon_Cell,R
89707,KCa'b'-m,KCa'b'-m_L,Kenyon_Cell,L
89718,KCab-s,KCab-s_R,Kenyon_Cell,R
89719,KCab-m,KCab-m_R,Kenyon_Cell,R
89761,KCg-m,KCg-m_R,Kenyon_Cell,R
89782,KCg-m,KCg-m_L,Kenyon_Cell,L
89804,KCab-c,KCab-c_R,Kenyon_Cell,R
89834,KCab-m,KCab-m_R,Kenyon_Cell,R
89839,KCg-m,KCg-m_R,Kenyon_Cell,R
89841,KCg-m,KCg-m_R,Kenyon_Cell,R
89858,KCg-m,KCg-m_L,Kenyon_Cell,L
89862,KCab-s,KCab-s_R,Kenyon_Cell,R
90091,KCa'b'-m,KCa'b'-m_L,Kenyon_Cell,L
90098,KCab-s,KCab-s_R,Kenyon_Cell,R
90138,KCab-m,KCab-m_R,Kenyon_Cell,R
90139,KCab-c,KCab-c_L,Kenyon_Cell,L
90153,KCa'b'-ap1,KCa'b'-ap1_L,Kenyon_Cell,L
90181,KCab-s,KCab-s_R,Kenyon_Cell,R
90189,KCg-m,KCg-m_L,Kenyon_Cell,L
90266,KCab-m,KCab-m_R,Kenyon_Cell,R
90291,KCa'b'-m,KCa'b'-m_R,Kenyon_Cell,R
90296,KCg-m,KCg-m_L,Kenyon_Cell,L
90323,KCa'b'-ap1,KCa'b'-ap1_R,Kenyon_Cell,R
90352,KCab-s,KCab-s_R,Kenyon_Cell,R
90363,KCg-m,KCg-m_L,Kenyon_Cell,L
90367,KCg-m,KCg-m_R,Kenyon_Cell,R
90393,KCg-m,KCg-m_L,Kenyon_Cell,L
90403,KCab-s,KCab-s_R,Kenyon_Cell,R
90439,KCab-m,KCab-m_R,Kenyon_Cell,R
90459,KCab-c,KCab-c_R,Kenyon_Cell,R
90473,KCab-s,KCab-s_R,Kenyon_Cell,R
90525,KCa'b'-m,KCa'b'-m_L,Kenyon_Cell,L
90569,KCg-m,KCg-m_L,Kenyon_Cell,L
90614,KCa'b'-m,KCa'b'-m_L,Kenyon_Cell,L
90640,KCg-m,KCg-m_L,Kenyon_Cell,L
90649,KCa'b'-ap2,KCa'b'-ap2_L,Kenyon_Cell,L
90650,KCab-s,KCab-s_R,Kenyon_Cell,R
90672,KCab-s,KCab-s_R,Kenyon_Cell,R
90790,KCg-d,KCg-d_L,Kenyon_Cell,L
90805,KCab-s,KCab-s_R,Kenyon_Cell,R
90809,KCab-m,KCab-m_R,Kenyon_Cell,R
90812,KCab-s,KCab-s_R,Kenyon_Cell,R
90870,KCg-m,KCg-m_L,Kenyon_Cell,L
90905,KCab-s,KCab-s_R,Kenyon_Cell,R
90919,KCab-m,KCab-m_L,Kenyon_Cell,L
90928,KCab-s,KCab-s_R,Kenyon_Cell,R
90935,KCab-s,KCab-s_R,Kenyon_Cell,R
90944,KCab-s,KCab-s_R,Kenyon_Cell,R
91041,KCg-m,KCg-m_R,Kenyon_Cell,R
91091,KCa'b'-ap2,KCa'b'-ap2_L,Kenyon_Cell,L
91244,KCg-d,KCg-d_R,Kenyon_Cell,R
91287,KCab-c,KCab-c_L,Kenyon_Cell,L
91344,KCg-m,KCg-m_L,Kenyon_Cell,L
91382,KCab-p,KCab-p_R,Kenyon_Cell,R
91386,KCa'b'-m,KCa'b'-m_R,Kenyon_Cell,R
91435,KCab-m,KCab-m_L,Kenyon_Cell,L
91487,KCg-d,KCg-d_L,Kenyon_Cell,L
91493,KCab-s,KCab-s_R,Kenyon_Cell,R
91497,KCa'b'-ap2,KCa'b'-ap2_R,Kenyon_Cell,R
91544,KCab-s,KCab-s_R,Kenyon_Cell,R
91595,KCab-s,KCab-s_R,Kenyon_Cell,R
91608,KCg-m,KCg-m_L,Kenyon_Cell,L
91751,KCab-p,KCab-p_R,Kenyon_Cell,R
91797,KCab-m,KCab-m_R,Kenyon_Cell,R
91800,KCab-m,KCab-m_L,Kenyon_Cell,L
91910,KCg-m,KCg-m_L,Kenyon_Cell,L
91926,KCg-d,KCg-d_L,Kenyon_Cell,L
91928,KCg-m,KCg-m_L,Kenyon_Cell,L
91960,KCab-p,KCab-p_R,Kenyon_Cell,R
91981,KCab-m,KCab-m_L,Kenyon_Cell,L
92008,KCg-d,KCg-d_L,Kenyon_Cell,L
92013,KCg-d,KCg-d_L,Kenyon_Cell,L
92030,KCg-m,KCg-m_L,Kenyon_Cell,L
92031,KCab-s,KCab-s_R,Kenyon_Cell,R
92040,KCab-s,KCab-s_R,Kenyon_Cell,R
92106,KCab-s,KCab-s_R,Kenyon_Cell,R
92112,MBON34,MBON34(y2)_R,MBON,R
92130,KCg-m,KCg-m_L,Kenyon_Cell,L
92149,KCa'b'-ap2,KCa'b'-ap2_R,Kenyon_Cell,R
92168,KCg-d,KCg-d_L,Kenyon_Cell,L
92190,KCa'b'-ap1,KCa'b'-ap1_R,Kenyon_Cell,R
92252,KCab-m,KCab-m_R,Kenyon_Cell,R
92274,KCab-c,KCab-c_R,Kenyon_Cell,R
92275,KCab-s,KCab-s_L,Kenyon_Cell,L
92278,KCg-m,KCg-m_R,Kenyon_Cell,R
92294,KCa'b'-m,KCa'b'-m_R,Kenyon_Cell,R
92335,KCab-s,KCab-s_R,Kenyon_Cell,R
92358,KCab-c,KCab-c_L,Kenyon_Cell,L
92402,KCa'b'-m,KCa'b'-m_L,Kenyon_Cell,L
92424,KCg-m,KCg-m_L,Kenyon_Cell,L
92430,KCab-c,KCab-c_R,Kenyon_Cell,R
92484,KCab-m,KCab-m_R,Kenyon_Cell,R
92494,KCab-s,KCab-s_R,Kenyon_Cell,R
92504,KCab-s,KCab-s_R,Kenyon_Cell,R
92532,KCab-m,KCab-m_R,Kenyon_Cell,R
92563,KCab-m,KCab-m_R,Kenyon_Cell,R
92574,KCab-m,KCab-m_R,Kenyon_Cell,R
92628,KCab-s,KCab-s_R,Kenyon_Cell,R
92633,KCa'b'-ap2,KCa'b'-ap2_L,Kenyon_Cell,L
92635,KCab-m,KCab-m_R,Kenyon_Cell,R
92662,KCa'b'-ap1,KCa'b'-ap1_R,Kenyon_Cell,R
92679,KCg-m,KCg-m_L,Kenyon_Cell,L
92687,KCab-c,KCab-c_R,Kenyon_Cell,R
92716,KCab-s,KCab-s_R,Kenyon_Cell,R
92784,KCg-m,KCg-m_R,Kenyon_Cell,R
92794,KCab-c,KCab-c_R,Kenyon_Cell,R
92809,KCab-m,KCab-m_R,Kenyon_Cell,R
92847,KCa'b'-ap1,KCa'b'-ap1_L,Kenyon_Cell,L
92877,KCab-s,KCab-s_R,Kenyon_Cell,R
92924,KCg-m,KCg-m_R,Kenyon_Cell,R
92927,KCg-m,KCg-m_R,Kenyon_Cell,R
92952,KCab-m,KCab-m_R,Kenyon_Cell,R
92960,KCab-s,KCab-s_R,Kenyon_Cell,R
92967,KCg-d,KCg-d_L,Kenyon_Cell,L
92985,KCab-m,KCab-m_R,Kenyon_Cell,R
93017,KCa'b'-m,KCa'b'-m_L,Kenyon_Cell,L
93044,KCg-m,KCg-m_L,Kenyon_Cell,L
93050,KCab-s,KCab-s_L,Kenyon_Cell,L
93065,KCg-m,KCg-m_L,Kenyon_Cell,L
93108,KCab-p,KCab-p_R,Kenyon_Cell,R
93113,KCab-m,KCab-m_R,Kenyon_Cell,R
93128,KCab-m,KCab-m_R,Kenyon_Cell,R
93150,KCab-c,KCab-c_R,Kenyon_Cell,R
93216,KCg-m,KCg-m_L,Kenyon_Cell,L
93263,KCa'b'-ap1,KCa'b'-ap1_R,Kenyon_Cell,R
93288,KCab-s,KCab-s_R,Kenyon_Cell,R
93301,KCab-m,KCab-m_R,Kenyon_Cell,R
93314,KCab-c,KCab-c_R,Kenyon_Cell,R
93325,KCab-m,KCab-m_R,Kenyon_Cell,R
93326,KCab-s,KCab-s_R,Kenyon_Cell,R
93327,KCg-m,KCg-m_L,Kenyon_Cell,L
93380,KCa'b'-ap2,KCa'b'-ap2_R,Kenyon_Cell,R
93409,KCab-s,KCab-s_L,Kenyon_Cell,L
93462,KCg-m,KCg-m_R,Kenyon_Cell,R
93464,KCab-s,KCab-s_R,Kenyon_Cell,R
93485,KCg-m,KCg-m_R,Kenyon_Cell,R
93582,KCa'b'-m,KCa'b'-m_R,Kenyon_Cell,R
93593,KCab-m,KCab-m_R,Kenyon_Cell,R
93616,KCg-m,KCg-m_L,Kenyon_Cell,L
93644,KCa'b'-ap2,KCa'b'-ap2_L,Kenyon_Cell,L
93772,KCg-m,KCg-m_R,Kenyon_Cell,R
93786,KCab-m,KCab-m_L,Kenyon_Cell,L
93797,KCab-c,KCab-c_R,Kenyon_Cell,R
93803,KCg-m,KCg-m_L,Kenyon_Cell,L
93837,KCab-s,KCab-s_R,Kenyon_Cell,R
93841,KCab-s,KCab-s_L,Kenyon_Cell,L
93859,KCg-m,KCg-m_R,Kenyon_Cell,R
93889,KCab-m,KCab-m_R,Kenyon_Cell,R
93893,KCab-s,KCab-s_R,Kenyon_Cell,R
93902,KCa'b'-ap2,KCa'b'-ap2_L,Kenyon_Cell,L
93976,KCab-p,KCab-p_R,Kenyon_Cell,R
94001,KCg-m,KCg-m_R,Kenyon_Cell,R
94018,KCab-m,KCab-m_R,Kenyon_Cell,R
94050,KCab-m,KCab-m_R,Kenyon_Cell,R
94078,KCa'b'-ap2,KCa'b'-ap2_L,Kenyon_Cell,L
94101,KCab-s,KCab-s_R,Kenyon_Cell,R
94171,KCab-m,KCab-m_L,Kenyon_Cell,L
94240,KCab-p,KCab-p_R,Kenyon_Cell,R
94310,KCg-m,KCg-m_L,Kenyon_Cell,L
94336,KCab-s,KCab-s_R,Kenyon_Cell,R
94430,KCab-m,KCab-m_L,Kenyon_Cell,L
94489,KCab-c,KCab-c_R,Kenyon_Cell,R
94490,KCab-s,KCab-s_R,Kenyon_Cell,R
94491,KCab-m,KCab-m_R,Kenyon_Cell,R
94509,KCab-c,KCab-c_R,Kenyon_Cell,R
94518,KCab-m,KCab-m_R,Kenyon_Cell,R
94530,KCg-m,KCg-m_L,Kenyon_Cell,L
94606,KCg-m,KCg-m_L,Kenyon_Cell,L
94614,KCab-s,KCab-s_L,Kenyon_Cell,L
94622,KCab-c,KCab-c_R,Kenyon_Cell,R
94663,KCg-m,KCg-m_L,Kenyon_Cell,L
94674,KCg-m,KCg-m_R,Kenyon_Cell,R
94721,KCab-m,KCab-m_R,Kenyon_Cell,R
94754,KCab-s,KCab-s_R,Kenyon_Cell,R
94785,KCab-c,KCab-c_R,Kenyon_Cell,R
94790,KCab-s,KCab-s_R,Kenyon_Cell,R
94802,KCa'b'-m,KCa'b'-m_R,Kenyon_Cell,R
94839,KCab-c,KCab-c_R,Kenyon_Cell,R
94845,KCab-p,KCab-p_L,Kenyon_Cell,L
94914,KCg-m,KCg-m_L,Kenyon_Cell,L
94974,KCg-m,KCg-m_R,Kenyon_Cell,R
94993,KCab-s,KCab-s_L,Kenyon_Cell,L
95042,KCg-m,KCg-m_L,Kenyon_Cell,L
95072,KCg-m,KCg-m_L,Kenyon_Cell,L
95078,KCab-s,KCab-s_L,Kenyon_Cell,L
95081,KCg-m,KCg-m_L,Kenyon_Cell,L
95092,KCab-m,KCab-m_L,Kenyon_Cell,L
95158,KCg-m,KCg-m_R,Kenyon_Cell,R
95167,KCg-m,KCg-m_R,Kenyon_Cell,R
95186,KCab-c,KCab-c_L,Kenyon_Cell,L
95189,KCg-m,KCg-m_L,Kenyon_Cell,L
95213,KCg-m,KCg-m_R,Kenyon_Cell,R
95265,KCab-s,KCab-s_L,Kenyon_Cell,L
95291,KCg-d,KCg-d_L,Kenyon_Cell,L
95307,KCab-s,KCab-s_L,Kenyon_Cell,L
95349,KCab-p,KCab-p_L,Kenyon_Cell,L
95358,KCa'b'-ap1,KCa'b'-ap1_R,Kenyon_Cell,R
95367,KCab-m,KCab-m_R,Kenyon_Cell,R
95368,KCg-m,KCg-m_L,Kenyon_Cell,L
95397,KCab-m,KCab-m_R,Kenyon_Cell,R
95404,KCg-m,KCg-m_L,Kenyon_Cell,L
95484,KCg-d,KCg-d_L,Kenyon_Cell,L
95517,KCa'b'-ap1,KCa'b'-ap1_L,Kenyon_Cell,L
95518,KCa'b'-ap2,KCa'b'-ap2_L,Kenyon_Cell,L
95533,KCab-m,KCab-m_L,Kenyon_Cell,L
95548,KCab-c,KCab-c_R,Kenyon_Cell,R
95581,KCab-c,KCab-c_R,Kenyon_Cell,R
95583,KCab-s,KCab-s_L,Kenyon_Cell,L
95585,KCab-s,KCab-s_R,Kenyon_Cell,R
95590,KCab-s,KCab-s_R,Kenyon_Cell,R
95591,KCab-p,KCab-p_R,Kenyon_Cell,R
95639,KCa'b'-ap2,KCa'b'-ap2_L,Kenyon_Cell,L
95653,KCab-c,KCab-c_R,Kenyon_Cell,R
95699,KCab-s,KCab-s_R,Kenyon_Cell,R
95707,KCab-s,KCab-s_R,Kenyon_Cell,R
95735,KCa'b'-m,KCa'b'-m_L,Kenyon_Cell,L
95778,KCa'b'-ap2,KCa'b'-ap2_L,Kenyon_Cell,L
95783,KCab-m,KCab-m_R,Kenyon_Cell,R
95861,KCg-m,KCg-m_L,Kenyon_Cell,L
95941,KCg-m,KCg-m_L,Kenyon_Cell,L
95970,KCab-p,KCab-p_L,Kenyon_Cell,L
96041,KCab-s,KCab-s_L,Kenyon_Cell,L
96065,KCa'b'-m,KCa'b'-m_R,Kenyon_Cell,R
96131,KCab-s,KCab-s_R,Kenyon_Cell,R
96191,KCab-m,KCab-m_R,Kenyon_Cell,R
96231,KCg-m,KCg-m_L,Kenyon_Cell,L
96263,KCab-s,KCab-s_L,Kenyon_Cell,L
96273,KCab-c,KCab-c_R,Kenyon_Cell,R
96274,KCab-c,KCab-c_R,Kenyon_Cell,R
96304,KCg-d,KCg-d_R,Kenyon_Cell,R
96324,KCg-m,KCg-m_R,Kenyon_Cell,R
96383,KCab-s,KCab-s_R,Kenyon_Cell,R
96624,KCg-m,KCg-m_L,Kenyon_Cell,L
96688,KCg-m,KCg-m_L,Kenyon_Cell,L
96711,KCab-s,KCab-s_R,Kenyon_Cell,R
96721,KCg-m,KCg-m_L,Kenyon_Cell,L
96723,KCab-p,KCab-p_L,Kenyon_Cell,L
96746,KCab-m,KCab-m_L,Kenyon_Cell,L
96781,KCab-m,KCab-m_R,Kenyon_Cell,R
96825,KCab-p,KCab-p_L,Kenyon_Cell,L
96847,KCab-m,KCab-m_L,Kenyon_Cell,L
96850,KCab-c,KCab-c_R,Kenyon_Cell,R
96902,KCab-s,KCab-s_R,Kenyon_Cell,R
96961,KCa'b'-ap2,KCa'b'-ap2_R,Kenyon_Cell,R
96963,KCab-s,KCab-s_R,Kenyon_Cell,R
96977,KCab-s,KCab-s_R,Kenyon_Cell,R
97024,KCab-s,KCab-s_L,Kenyon_Cell,L
97075,KCab-m,KCab-m_L,Kenyon_Cell,L
97181,KCg-m,KCg-m_L,Kenyon_Cell,L
97239,KCg-m,KCg-m_L,Kenyon_Cell,L
97258,KCab-m,KCab-m_R,Kenyon_Cell,R
97305,KCg-m,KCg-m_R,Kenyon_Cell,R
97348,KCg-m,KCg-m_L,Kenyon_Cell,L
97356,KCab-c,KCab-c_L,Kenyon_Cell,L
97373,KCab-s,KCab-s_R,Kenyon_Cell,R
97410,KCab-m,KCab-m_R,Kenyon_Cell,R
97497,KCab-s,KCab-s_L,Kenyon_Cell,L
97522,KCab-m,KCab-m_R,Kenyon_Cell,R
97573,KCab-m,KCab-m_R,Kenyon_Cell,R
97591,KCg-d,KCg-d_L,Kenyon_Cell,L
97601,KCab-s,KCab-s_R,Kenyon_Cell,R
97624,KCg-m,KCg-m_L,Kenyon_Cell,L
97689,KCab-m,KCab-m_R,Kenyon_Cell,R
97719,KCab-s,KCab-s_R,Kenyon_Cell,R
97738,KCab-s,KCab-s_R,Kenyon_Cell,R
97772,KCg-m,KCg-m_R,Kenyon_Cell,R
97823,KCab-m,KCab-m_R,Kenyon_Cell,R
97927,KCa'b'-ap2,KCa'b'-ap2_L,Kenyon_Cell,L
97949,KCa'b'-m,KCa'b'-m_L,Kenyon_Cell,L
97999,KCg-m,KCg-m_R,Kenyon_Cell,R
98006,KCab-s,KCab-s_L,Kenyon_Cell,L
98017,KCg-m,KCg-m_R,Kenyon_Cell,R
98070,KCab-m,KCab-m_L,Kenyon_Cell,L
98104,KCg-m,KCg-m_L,Kenyon_Cell,L
98107,KCab-s,KCab-s_L,Kenyon_Cell,L
98120,KCab-c,KCab-c_R,Kenyon_Cell,R
98275,KCg-m,KCg-m_L,Kenyon_Cell,L
98318,KCab-s,KCab-s_L,Kenyon_Cell,L
98359,KCab-s,KCab-s_R,Kenyon_Cell,R
98445,KCab-m,KCab-m_L,Kenyon_Cell,L
98462,KCg-d,KCg-d_L,Kenyon_Cell,L
98490,KCab-s,KCab-s_R,Kenyon_Cell,R
98509,KCab-m,KCab-m_R,Kenyon_Cell,R
98582,KCab-m,KCab-m_L,Kenyon_Cell,L
98590,KCab-m,KCab-m_L,Kenyon_Cell,L
98614,KCab-m,KCab-m_R,Kenyon_Cell,R
98662,KCab-m,KCab-m_L,Kenyon_Cell,L
98665,KCg-m,KCg-m_L,Kenyon_Cell,L
98714,KCab-s,KCab-s_L,Kenyon_Cell,L
98782,KCg-m,KCg-m_L,Kenyon_Cell,L
98813,KCab-m,KCab-m_L,Kenyon_Cell,L
98901,KCg-d,KCg-d_L,Kenyon_Cell,L
98924,KCab-s,KCab-s_R,Kenyon_Cell,R
98946,KCg-m,KCg-m_L,Kenyon_Cell,L
98969,KCab-s,KCab-s_R,Kenyon_Cell,R
98979,KCab-s,KCab-s_R,Kenyon_Cell,R
99108,KCab-s,KCab-s_R,Kenyon_Cell,R
99139,KCg-m,KCg-m_R,Kenyon_Cell,R
99140,KCa'b'-m,KCa'b'-m_R,Kenyon_Cell,R
99150,KCab-m,KCab-m_L,Kenyon_Cell,L
99154,KCab-m,KCab-m_R,Kenyon_Cell,R
99195,KCg-m,KCg-m_L,Kenyon_Cell,L
99225,KCg-m,KCg-m_L,Kenyon_Cell,L
99248,KCab-s,KCab-s_L,Kenyon_Cell,L
99281,KCab-p,KCab-p_L,Kenyon_Cell,L
99324,KCab-c,KCab-c_R,Kenyon_Cell,R
99391,KCg-d,KCg-d_R,Kenyon_Cell,R
99436,KCg-m,KCg-m_L,Kenyon_Cell,L
99583,KCa'b'-ap2,KCa'b'-ap2_R,Kenyon_Cell,R
99608,KCg-m,KCg-m_R,Kenyon_Cell,R
99659,KCab-s,KCab-s_R,Kenyon_Cell,R
99785,KCab-c,KCab-c_R,Kenyon_Cell,R
99796,KCa'b'-m,KCa'b'-m_R,Kenyon_Cell,R
99819,KCab-m,KCab-m_R,Kenyon_Cell,R
99838,KCab-c,KCab-c_L,Kenyon_Cell,L
99847,KCg-m,KCg-m_L,Kenyon_Cell,L
99858,KCg-m,KCg-m_L,Kenyon_Cell,L
99875,KCg-m,KCg-m_L,Kenyon_Cell,L
99958,KCab-c,KCab-c_R,Kenyon_Cell,R
100076,KCab-c,KCab-c_R,Kenyon_Cell,R
100136,KCa'b'-ap2,KCa'b'-ap2_L,Kenyon_Cell,L
100204,KCab-s,KCab-s_R,Kenyon_Cell,R
100237,KCab-c,KCab-c_L,Kenyon_Cell,L
100246,KCa'b'-ap2,KCa'b'-ap2_L,Kenyon_Cell,L
100251,KCg-m,KCg-m_L,Kenyon_Cell,L
100272,KCg-m,KCg-m_L,Kenyon_Cell,L
100335,KCab-m,KCab-m_R,Kenyon_Cell,R
100341,KCab-c,KCab-c_L,Kenyon_Cell,L
100423,KCa'b'-m,KCa'b'-m_R,Kenyon_Cell,R
100484,KCab-s,KCab-s_L,Kenyon_Cell,L
100497,KCab-s,KCab-s_R,Kenyon_Cell,R
100537,KCab-m,KCab-m_R,Kenyon_Cell,R
100544,KCab-s,KCab-s_R,Kenyon_Cell,R
100592,KCg-d,KCg-d_L,Kenyon_Cell,L
100615,KCg-m,KCg-m_L,Kenyon_Cell,L
100619,KCab-c,KCab-c_L,Kenyon_Cell,L
100672,KCab-c,KCab-c_R,Kenyon_Cell,R
100728,KCa'b'-ap2,KCa'b'-ap2_L,Kenyon_Cell,L
100773,KCg-m,KCg-m_L,Kenyon_Cell,L
100795,KCab-s,KCab-s_R,Kenyon_Cell,R
100815,KCab-s,KCab-s_R,Kenyon_Cell,R
100823,KCab-m,KCab-m_R,Kenyon_Cell,R
100878,KCab-m,KCab-m_L,Kenyon_Cell,L
100885,KCab-c,KCab-c_L,Kenyon_Cell,L
100914,KCab-c,KCab-c_R,Kenyon_Cell,R
100950,KCab-s,KCab-s_R,Kenyon_Cell,R
101010,KCg-m,KCg-m_L,Kenyon_Cell,L
101133,KCg-m,KCg-m_L,Kenyon_Cell,L
101257,KCab-m,KCab-m_R,Kenyon_Cell,R
101312,KCg-m,KCg-m_L,Kenyon_Cell,L
101313,KCab-m,KCab-m_L,Kenyon_Cell,L
101320,KCab-m,KCab-m_R,Kenyon_Cell,R
101490,KCab-s,KCab-s_R,Kenyon_Cell,R
101524,KCab-m,KCab-m_L,Kenyon_Cell,L
101538,KCab-s,KCab-s_L,Kenyon_Cell,L
101596,KCab-m,KCab-m_L,Kenyon_Cell,L
101647,KCg-d,KCg-d_L,Kenyon_Cell,L
101648,KCa'b'-m,KCa'b'-m_L,Kenyon_Cell,L
101691,KCab-s,KCab-s_R,Kenyon_Cell,R
101786,KCab-s,KCab-s_L,Kenyon_Cell,L
101792,KCg-m,KCg-m_L,Kenyon_Cell,L
101802,KCab-s,KCab-s_R,Kenyon_Cell,R
101816,KCab-m,KCab-m_R,Kenyon_Cell,R
101981,KCab-m,KCab-m_L,Kenyon_Cell,L
102042,KCab-s,KCab-s_R,Kenyon_Cell,R
102084,KCab-m,KCab-m_R,Kenyon_Cell,R
102095,KCg-m,KCg-m_L,Kenyon_Cell,L
102109,KCab-m,KCab-m_L,Kenyon_Cell,L
102136,KCg-m,KCg-m_L,Kenyon_Cell,L
102199,KCg-m,KCg-m_L,Kenyon_Cell,L
102210,KCab-s,KCab-s_R,Kenyon_Cell,R
102283,KCg-d,KCg-d_R,Kenyon_Cell,R
102310,KCab-s,KCab-s_R,Kenyon_Cell,R
102317,KCa'b'-m,KCa'b'-m_L,Kenyon_Cell,L
102357,KCab-c,KCab-c_R,Kenyon_Cell,R
102440,KCab-m,KCab-m_L,Kenyon_Cell,L
102457,KCab-s,KCab-s_R,Kenyon_Cell,R
102459,KCab-c,KCab-c_L,Kenyon_Cell,L
102468,KCab-m,KCab-m_R,Kenyon_Cell,R
102512,KCab-s,KCab-s_L,Kenyon_Cell,L
102548,KCab-m,KCab-m_L,Kenyon_Cell,L
102587,KCab-s,KCab-s_R,Kenyon_Cell,R
102621,KCg-m,KCg-m_L,Kenyon_Cell,L
102671,KCab-c,KCab-c_R,Kenyon_Cell,R
102719,KCab-s,KCab-s_L,Kenyon_Cell,L
102744,KCab-m,KCab-m_L,Kenyon_Cell,L
102748,KCab-s,KCab-s_R,Kenyon_Cell,R
102887,KCg-m,KCg-m_R,Kenyon_Cell,R
102904,KCab-m,KCab-m_L,Kenyon_Cell,L
102923,KCab-m,KCab-m_R,Kenyon_Cell,R
102954,KCg-m,KCg-m_L,Kenyon_Cell,L
102990,KCab-m,KCab-m_R,Kenyon_Cell,R
102997,KCab-s,KCab-s_R,Kenyon_Cell,R
103011,KCab-c,KCab-c_R,Kenyon_Cell,R
103144,KCg-m,KCg-m_R,Kenyon_Cell,R
103274,KCab-m,KCab-m_R,Kenyon_Cell,R
103278,KCab-p,KCab-p_R,Kenyon_Cell,R
103401,KCab-s,KCab-s_R,Kenyon_Cell,R
103416,KCg-m,KCg-m_L,Kenyon_Cell,L
103419,KCab-m,KCab-m_R,Kenyon_Cell,R
103421,KCab-m,KCab-m_L,Kenyon_Cell,L
103423,KCab-s,KCab-s_L,Kenyon_Cell,L
103436,KCab-m,KCab-m_L,Kenyon_Cell,L
103502,KCab-s,KCab-s_L,Kenyon_Cell,L
103609,KCg-m,KCg-m_L,Kenyon_Cell,L
103640,KCab-p,KCab-p_R,Kenyon_Cell,R
103663,KCg-d,KCg-d_R,Kenyon_Cell,R
103704,KCab-s,KCab-s_R,Kenyon_Cell,R
103715,KCg-d,KCg-d_L,Kenyon_Cell,L
103720,KCg-m,KCg-m_L,Kenyon_Cell,L
103728,KCab-s,KCab-s_L,Kenyon_Cell,L
103750,KCg-m,KCg-m_L,Kenyon_Cell,L
103770,KCg-d,KCg-d_L,Kenyon_Cell,L
103794,KCa'b'-m,KCa'b'-m_L,Kenyon_Cell,L
103832,KCab-p,KCab-p_R,Kenyon_Cell,R
103845,KCa'b'-m,KCa'b'-m_L,Kenyon_Cell,L
103941,KCab-m,KCab-m_L,Kenyon_Cell,L
103945,KCab-s,KCab-s_R,Kenyon_Cell,R
103957,KCa'b'-ap2,KCa'b'-ap2_L,Kenyon_Cell,L
104068,KCg-m,KCg-m_L,Kenyon_Cell,L
104082,KCab-m,KCab-m_R,Kenyon_Cell,R
104086,KCab-s,KCab-s_R,Kenyon_Cell,R
104117,KCab-m,KCab-m_R,Kenyon_Cell,R
104127,KCab-c,KCab-c_L,Kenyon_Cell,L
104149,KCab-s,KCab-s_R,Kenyon_Cell,R
104166,KCg-m,KCg-m_R,Kenyon_Cell,R
104232,KCab-m,KCab-m_R,Kenyon_Cell,R
104240,KCab-c,KCab-c_R,Kenyon_Cell,R
104284,KCab-c,KCab-c_L,Kenyon_Cell,L
104293,KCab-c,KCab-c_R,Kenyon_Cell,R
104359,KCab-m,KCab-m_L,Kenyon_Cell,L
104385,KCg-m,KCg-m_L,Kenyon_Cell,L
104393,KCab-s,KCab-s_R,Kenyon_Cell,R
104448,KCa'b'-m,KCa'b'-m_L,Kenyon_Cell,L
104462,KCab-s,KCab-s_L,Kenyon_Cell,L
104490,KCab-m,KCab-m_R,Kenyon_Cell,R
104513,KCg-d,KCg-d_R,Kenyon_Cell,R
104526,KCg-m,KCg-m_R,Kenyon_Cell,R
104535,KCa'b'-ap2,KCa'b'-ap2_L,Kenyon_Cell,L
104545,KCab-m,KCab-m_L,Kenyon_Cell,L
104717,KCab-s,KCab-s_L,Kenyon_Cell,L
104723,KCab-s,KCab-s_R,Kenyon_Cell,R
104743,KCab-m,KCab-m_L,Kenyon_Cell,L
104745,KCab-s,KCab-s_R,Kenyon_Cell,R
104755,KCa'b'-ap1,KCa'b'-ap1_R,Kenyon_Cell,R
104845,KCa'b'-ap2,KCa'b'-ap2_L,Kenyon_Cell,L
104846,KCab-s,KCab-s_R,Kenyon_Cell,R
104866,KCab-c,KCab-c_L,Kenyon_Cell,L
104887,KCab-m,KCab-m_R,Kenyon_Cell,R
104940,KCab-c,KCab-c_R,Kenyon_Cell,R
104970,KCab-m,KCab-m_L,Kenyon_Cell,L
104980,KCab-m,KCab-m_R,Kenyon_Cell,R
104983,KCg-m,KCg-m_L,Kenyon_Cell,L
105128,KCg-m,KCg-m_R,Kenyon_Cell,R
105134,KCab-s,KCab-s_R,Kenyon_Cell,R
105264,KCab-s,KCab-s_R,Kenyon_Cell,R
105330,KCab-s,KCab-s_R,Kenyon_Cell,R
105338,KCab-m,KCab-m_L,Kenyon_Cell,L
105345,KCab-c,KCab-c_R,Kenyon_Cell,R
105349,KCab-s,KCab-s_R,Kenyon_Cell,R
105400,KCab-c,KCab-c_L,Kenyon_Cell,L
105407,KCg-m,KCg-m_L,Kenyon_Cell,L
105509,KCab-m,KCab-m_L,Kenyon_Cell,L
105653,KCab-m,KCab-m_L,Kenyon_Cell,L
105662,KCg-d,KCg-d_L,Kenyon_Cell,L
105676,KCab-s,KCab-s_R,Kenyon_Cell,R
105684,KCab-p,KCab-p_R,Kenyon_Cell,R
105807,KCab-s,KCab-s_R,Kenyon_Cell,R
105929,KCab-m,KCab-m_L,Kenyon_Cell,L
105935,KCab-s,KCab-s_L,Kenyon_Cell,L
105960,KCab-s,KCab-s_L,Kenyon_Cell,L
106034,KCab-m,KCab-m_R,Kenyon_Cell,R
106115,KCg-m,KCg-m_R,Kenyon_Cell,R
106124,KCab-m,KCab-m_R,Kenyon_Cell,R
106206,KCab-s,KCab-s_L,Kenyon_Cell,L
106209,KCab-m,KCab-m_L,Kenyon_Cell,L
106236,KCa'b'-ap2,KCa'b'-ap2_R,Kenyon_Cell,R
106301,KCg-d,KCg-d_R,Kenyon_Cell,R
106446,KCab-m,KCab-m_R,Kenyon_Cell,R
106448,KCa'b'-m,KCa'b'-m_L,Kenyon_Cell,L
106506,KCab-s,KCab-s_L,Kenyon_Cell,L
106511,KCab-m,KCab-m_L,Kenyon_Cell,L
106559,KCa'b'-ap2,KCa'b'-ap2_L,Kenyon_Cell,L
106691,KCg-m,KCg-m_R,Kenyon_Cell,R
106711,KCa'b'-ap2,KCa'b'-ap2_R,Kenyon_Cell,R
106762,KCab-m,KCab-m_L,Kenyon_Cell,L
106828,KCab-m,KCab-m_R,Kenyon_Cell,R
106846,KCab-c,KCab-c_R,Kenyon_Cell,R
106882,KCab-m,KCab-m_R,Kenyon_Cell,R
106885,KCg-m,KCg-m_L,Kenyon_Cell,L
106893,KCab-s,KCab-s_R,Kenyon_Cell,R
106905,KCg-m,KCg-m_L,Kenyon_Cell,L
106931,KCa'b'-ap2,KCa'b'-ap2_R,Kenyon_Cell,R
106942,KCab-m,KCab-m_L,Kenyon_Cell,L
106981,KCab-s,KCab-s_R,Kenyon_Cell,R
107009,KCab-s,KCab-s_L,Kenyon_Cell,L
107019,KCg-m,KCg-m_L,Kenyon_Cell,L
107027,KCab-m,KCab-m_R,Kenyon_Cell,R
107041,KCab-s,KCab-s_R,Kenyon_Cell,R
107164,KCg-m,KCg-m_L,Kenyon_Cell,L
107197,KCg-m,KCg-m_R,Kenyon_Cell,R
107232,KCg-m,KCg-m_L,Kenyon_Cell,L
107312,KCa'b'-m,KCa'b'-m_L,Kenyon_Cell,L
107336,KCab-m,KCab-m_R,Kenyon_Cell,R
107452,KCg-m,KCg-m_R,Kenyon_Cell,R
107453,KCab-s,KCab-s_R,Kenyon_Cell,R
107516,KCg-m,KCg-m_L,Kenyon_Cell,L
107550,KCa'b'-ap2,KCa'b'-ap2_L,Kenyon_Cell,L
107575,KCab-c,KCab-c_L,Kenyon_Cell,L
107653,KCab-s,KCab-s_R,Kenyon_Cell,R
107657,KCab-s,KCab-s_R,Kenyon_Cell,R
107679,KCab-s,KCab-s_L,Kenyon_Cell,L
107737,KCab-p,KCab-p_L,Kenyon_Cell,L
107761,KCab-m,KCab-m_R,Kenyon_Cell,R
107780,KCab-m,KCab-m_R,Kenyon_Cell,R
107825,KCab-m,KCab-m_L,Kenyon_Cell,L
107840,KCab-m,KCab-m_R,Kenyon_Cell,R
107852,KCg-m,KCg-m_R,Kenyon_Cell,R
108002,KCg-m,KCg-m_R,Kenyon_Cell,R
108059,KCab-s,KCab-s_L,Kenyon_Cell,L
108072,KCab-p,KCab-p_L,Kenyon_Cell,L
108124,KCab-m,KCab-m_R,Kenyon_Cell,R
108126,KCab-m,KCab-m_R,Kenyon_Cell,R
108277,KCab-c,KCab-c_L,Kenyon_Cell,L
108345,KCab-s,KCab-s_L,Kenyon_Cell,L
108379,KCg-m,KCg-m_L,Kenyon_Cell,L
108389,KCg-m,KCg-m_L,Kenyon_Cell,L
108406,KCa'b'-m,KCa'b'-m_R,Kenyon_Cell,R
108481,KCab-c,KCab-c_R,Kenyon_Cell,R
108536,KCg-m,KCg-m_L,Kenyon_Cell,L
108539,KCab-c,KCab-c_L,Kenyon_Cell,L
108602,KCab-m,KCab-m_R,Kenyon_Cell,R
108610,KCab-m,KCab-m_L,Kenyon_Cell,L
108622,KCab-m,KCab-m_R,Kenyon_Cell,R
108640,KCab-m,KCab-m_L,Kenyon_Cell,L
108661,KCab-s,KCab-s_L,Kenyon_Cell,L
108808,KCab-c,KCab-c_L,Kenyon_Cell,L
108833,KCg-m,KCg-m_R,Kenyon_Cell,R
109056,KCab-m,KCab-m_R,Kenyon_Cell,R
109108,KCab-m,KCab-m_L,Kenyon_Cell,L
109117,KCa'b'-ap2,KCa'b'-ap2_L,Kenyon_Cell,L
109161,KCg-m,KCg-m_L,Kenyon_Cell,L
109220,KCa'b'-ap2,KCa'b'-ap2_L,Kenyon_Cell,L
109263,KCab-c,KCab-c_L,Kenyon_Cell,L
109268,KCg-m,KCg-m_R,Kenyon_Cell,R
109275,KCg-m,KCg-m_L,Kenyon_Cell,L
109321,KC,KC_R,Kenyon_Cell,R
109332,KCab-m,KCab-m_R,Kenyon_Cell,R
109333,KCab-m,KCab-m_L,Kenyon_Cell,L
109382,KCab-m,KCab-m_L,Kenyon_Cell,L
109413,KCab-p,KCab-p_L,Kenyon_Cell,L
109449,KCg-m,KCg-m_L,Kenyon_Cell,L
109478,KCab-p,KCab-p_L,Kenyon_Cell,L
109492,KCg-m,KCg-m_L,Kenyon_Cell,L
109512,KCg-m,KCg-m_L,Kenyon_Cell,L
109550,KCab-c,KCab-c_L,Kenyon_Cell,L
109583,KCg-m,KCg-m_R,Kenyon_Cell,R
109607,KCa'b'-m,KCa'b'-m_L,Kenyon_Cell,L
109619,KCab-m,KCab-m_L,Kenyon_Cell,L
109655,KCa'b'-ap1,KCa'b'-ap1_L,Kenyon_Cell,L
109676,KCg-m,KCg-m_L,Kenyon_Cell,L
109697,KCg-m,KCg-m_R,Kenyon_Cell,R
109708,KCg-m,KCg-m_L,Kenyon_Cell,L
109755,KCab-s,KCab-s_R,Kenyon_Cell,R
109758,KCab-c,KCab-c_L,Kenyon_Cell,L
109802,KCab-s,KCab-s_L,Kenyon_Cell,L
109851,KCab-m,KCab-m_L,Kenyon_Cell,L
109853,KCg-m,KCg-m_L,Kenyon_Cell,L
109862,KCab-s,KCab-s_R,Kenyon_Cell,R
109870,KCab-m,KCab-m_L,Kenyon_Cell,L
109871,KCab-m,KCab-m_R,Kenyon_Cell,R
109873,KCg-m,KCg-m_R,Kenyon_Cell,R
109910,KCab-m,KCab-m_R,Kenyon_Cell,R
109917,KCab-s,KCab-s_L,Kenyon_Cell,L
109919,KCab-s,KCab-s_L,Kenyon_Cell,L
109988,KCab-s,KCab-s_R,Kenyon_Cell,R
110009,KCab-m,KCab-m_R,Kenyon_Cell,R
110050,KCab-m,KCab-m_L,Kenyon_Cell,L
110079,KCab-m,KCab-m_R,Kenyon_Cell,R
110090,KCg-m,KCg-m_L,Kenyon_Cell,L
110112,KCab-s,KCab-s_L,Kenyon_Cell,L
110210,KCab-s,KCab-s_L,Kenyon_Cell,L
110269,KCab-p,KCab-p_R,Kenyon_Cell,R
110274,KCab-m,KCab-m_L,Kenyon_Cell,L
110282,KCg-m,KCg-m_L,Kenyon_Cell,L
110328,KCab-c,KCab-c_L,Kenyon_Cell,L
110338,KCab-c,KCab-c_R,Kenyon_Cell,R
110375,KCg-m,KCg-m_R,Kenyon_Cell,R
110380,KCab-s,KCab-s_R,Kenyon_Cell,R
110448,MBON25-like,MBON25-like(y1y2)_L,MBON,L
110544,KCab-s,KCab-s_L,Kenyon_Cell,L
110574,KCg-m,KCg-m_L,Kenyon_Cell,L
110599,KCab-s,KCab-s_R,Kenyon_Cell,R
110674,KCab-s,KCab-s_R,Kenyon_Cell,R
110689,KCab-m,KCab-m_L,Kenyon_Cell,L
110701,KCab-m,KCab-m_L,Kenyon_Cell,L
110746,KCg-d,KCg-d_L,Kenyon_Cell,L
110815,KCab-m,KCab-m_R,Kenyon_Cell,R
110897,KCab-s,KCab-s_R,Kenyon_Cell,R
110950,KCg-m,KCg-m_L,Kenyon_Cell,L
111033,KCab-c,KCab-c_L,Kenyon_Cell,L
111060,KCab-s,KCab-s_R,Kenyon_Cell,R
111109,KCg-m,KCg-m_L,Kenyon_Cell,L
111127,KCg-m,KCg-m_L,Kenyon_Cell,L
111165,KCg-m,KCg-m_R,Kenyon_Cell,R
111185,KCa'b'-ap1,KCa'b'-ap1_R,Kenyon_Cell,R
111197,KCg-d,KCg-d_L,Kenyon_Cell,L
111260,KCab-m,KCab-m_L,Kenyon_Cell,L
111360,KCab-m,KCab-m_R,Kenyon_Cell,R
111576,KCg-m,KCg-m_L,Kenyon_Cell,L
111636,KCab-m,KCab-m_L,Kenyon_Cell,L
111640,KCab-c,KCab-c_L,Kenyon_Cell,L
111652,KCab-s,KCab-s_L,Kenyon_Cell,L
111655,KCg-m,KCg-m_L,Kenyon_Cell,L
111695,KCg-m,KCg-m_L,Kenyon_Cell,L
111702,KCab-c,KCab-c_L,Kenyon_Cell,L
111744,KCg-d,KCg-d_R,Kenyon_Cell,R
111754,KCab-c,KCab-c_L,Kenyon_Cell,L
111795,KCg-m,KCg-m_L,Kenyon_Cell,L
111803,KCg-m,KCg-m_L,Kenyon_Cell,L
111812,KCab-c,KCab-c_R,Kenyon_Cell,R
111878,KCab-m,KCab-m_L,Kenyon_Cell,L
111958,KCab-c,KCab-c_L,Kenyon_Cell,L
111985,KCab-c,KCab-c_R,Kenyon_Cell,R
112009,KCg-m,KCg-m_L,Kenyon_Cell,L
112023,KCab-c,KCab-c_R,Kenyon_Cell,R
112026,KCab-m,KCab-m_L,Kenyon_Cell,L
112040,KCg-m,KCg-m_R,Kenyon_Cell,R
112144,KCa'b'-m,KCa'b'-m_L,Kenyon_Cell,L
112189,KCg-m,KCg-m_L,Kenyon_Cell,L
112293,KCa'b'-m,KCa'b'-m_L,Kenyon_Cell,L
112329,KCab-m,KCab-m_L,Kenyon_Cell,L
112359,KCg-m,KCg-m_L,Kenyon_Cell,L
112378,KCab-m,KCab-m_L,Kenyon_Cell,L
112442,KCg-m,KCg-m_L,Kenyon_Cell,L
112593,KCg-m,KCg-m_L,Kenyon_Cell,L
112605,KCab-c,KCab-c_L,Kenyon_Cell,L
112610,KCab-m,KCab-m_L,Kenyon_Cell,L
112621,KCab-s,KCab-s_L,Kenyon_Cell,L
112683,KCab-m,KCab-m_L,Kenyon_Cell,L
112697,KCg-m,KCg-m_L,Kenyon_Cell,L
112729,KCab-s,KCab-s_L,Kenyon_Cell,L
112749,KCg-m,KCg-m_R,Kenyon_Cell,R
112834,KCab-c,KCab-c_L,Kenyon_Cell,L
112835,KCg-m,KCg-m_L,Kenyon_Cell,L
112879,KCg-m,KCg-m_L,Kenyon_Cell,L
112896,KCab-m,KCab-m_R,Kenyon_Cell,R
113055,KCab-m,KCab-m_R,Kenyon_Cell,R
113057,KCab-s,KCab-s_R,Kenyon_Cell,R
113074,KCab-c,KCab-c_L,Kenyon_Cell,L
113090,KCab-c,KCab-c_R,Kenyon_Cell,R
113244,KCab-m,KCab-m_L,Kenyon_Cell,L
113252,KCab-m,KCab-m_L,Kenyon_Cell,L
113280,KCab-c,KCab-c_R,Kenyon_Cell,R
113286,KCg-m,KCg-m_L,Kenyon_Cell,L
113299,KCab-m,KCab-m_L,Kenyon_Cell,L
113394,KCab-s,KCab-s_R,Kenyon_Cell,R
113429,KCab-c,KCab-c_L,Kenyon_Cell,L
113450,KCab-s,KCab-s_L,Kenyon_Cell,L
113528,KCg-m,KCg-m_L,Kenyon_Cell,L
113606,KCab-s,KCab-s_R,Kenyon_Cell,R
113611,KCab-s,KCab-s_R,Kenyon_Cell,R
113661,KCab-m,KCab-m_R,Kenyon_Cell,R
113741,KCab-s,KCab-s_L,Kenyon_Cell,L
113835,KCab-m,KCab-m_R,Kenyon_Cell,R
113903,KCab-m,KCab-m_R,Kenyon_Cell,R
113972,KCg-m,KCg-m_L,Kenyon_Cell,L
114029,KCg-m,KCg-m_L,Kenyon_Cell,L
114089,KCab-s,KCab-s_R,Kenyon_Cell,R
114090,KCg-m,KCg-m_L,Kenyon_Cell,L
114103,KCab-m,KCab-m_R,Kenyon_Cell,R
114179,KCg-d,KCg-d_L,Kenyon_Cell,L
114209,KCab-m,KCab-m_R,Kenyon_Cell,R
114235,KCg-m,KCg-m_R,Kenyon_Cell,R
114290,KCab-c,KCab-c_L,Kenyon_Cell,L
114316,KCab-s,KCab-s_R,Kenyon_Cell,R
114354,KCa'b'-ap2,KCa'b'-ap2_L,Kenyon_Cell,L
114364,KCab-m,KCab-m_L,Kenyon_Cell,L
114370,KCa'b'-ap1,KCa'b'-ap1_R,Kenyon_Cell,R
114440,KCab-m,KCab-m_L,Kenyon_Cell,L
114580,KCab-m,KCab-m_L,Kenyon_Cell,L
114594,KCg-m,KCg-m_R,Kenyon_Cell,R
114597,KCab-c,KCab-c_L,Kenyon_Cell,L
114649,KCab-m,KCab-m_L,Kenyon_Cell,L
114745,KCab-s,KCab-s_L,Kenyon_Cell,L
114847,KCab-c,KCab-c_L,Kenyon_Cell,L
114865,KCab-m,KCab-m_L,Kenyon_Cell,L
114889,KCab-m,KCab-m_L,Kenyon_Cell,L
114902,KCab-c,KCab-c_L,Kenyon_Cell,L
114930,KCab-c,KCab-c_L,Kenyon_Cell,L
114956,KCg-m,KCg-m_L,Kenyon_Cell,L
115071,KCab-c,KCab-c_R,Kenyon_Cell,R
115174,KCab-m,KCab-m_L,Kenyon_Cell,L
115234,KCg-m,KCg-m_L,Kenyon_Cell,L
115240,KCg-m,KCg-m_R,Kenyon_Cell,R
115267,KCab-s,KCab-s_R,Kenyon_Cell,R
115287,KCg-m,KCg-m_L,Kenyon_Cell,L
115470,KCg-d,KCg-d_L,Kenyon_Cell,L
115485,KCab-s,KCab-s_R,Kenyon_Cell,R
115501,KCab-c,KCab-c_R,Kenyon_Cell,R
115540,KCab-s,KCab-s_L,Kenyon_Cell,L
115611,KCab-c,KCab-c_L,Kenyon_Cell,L
115664,KCg-m,KCg-m_L,Kenyon_Cell,L
115711,KCg-m,KCg-m_L,Kenyon_Cell,L
115752,KCab-c,KCab-c_L,Kenyon_Cell,L
115819,KCab-c,KCab-c_L,Kenyon_Cell,L
116057,KCab-p,KCab-p_L,Kenyon_Cell,L
116084,KCg-m,KCg-m_L,Kenyon_Cell,L
116218,KCg-m,KCg-m_L,Kenyon_Cell,L
116246,KCab-c,KCab-c_L,Kenyon_Cell,L
116304,KCab-m,KCab-m_L,Kenyon_Cell,L
116436,KCg-m,KCg-m_L,Kenyon_Cell,L
116458,KCab-c,KCab-c_L,Kenyon_Cell,L
116467,KCab-m,KCab-m_R,Kenyon_Cell,R
116518,KCg-m,KCg-m_L,Kenyon_Cell,L
116550,KCg-m,KCg-m_L,Kenyon_Cell,L
116553,KCg-m,KCg-m_L,Kenyon_Cell,L
116895,KCab-c,KCab-c_L,Kenyon_Cell,L
116917,KCg-d,KCg-d_L,Kenyon_Cell,L
116973,KCg-m,KCg-m_L,Kenyon_Cell,L
117016,KCab-c,KCab-c_L,Kenyon_Cell,L
117038,KCab-s,KCab-s_L,Kenyon_Cell,L
117041,KCab-m,KCab-m_R,Kenyon_Cell,R
117051,KCg-m,KCg-m_L,Kenyon_Cell,L
117077,KCab-m,KCab-m_L,Kenyon_Cell,L
117106,KCa'b'-m,KCa'b'-m_L,Kenyon_Cell,L
117108,KCab-c,KCab-c_L,Kenyon_Cell,L
117135,KCg-m,KCg-m_L,Kenyon_Cell,L
117171,KCab-p,KCab-p_L,Kenyon_Cell,L
117192,KCab-p,KCab-p_R,Kenyon_Cell,R
117195,KCab-s,KCab-s_L,Kenyon_Cell,L
117228,KCab-m,KCab-m_R,Kenyon_Cell,R
117243,KCab-s,KCab-s_R,Kenyon_Cell,R
117286,KCg-m,KCg-m_L,Kenyon_Cell,L
117342,KCab-s,KCab-s_R,Kenyon_Cell,R
117370,KCab-s,KCab-s_R,Kenyon_Cell,R
117375,KCab-c,KCab-c_R,Kenyon_Cell,R
117446,KCab-s,KCab-s_R,Kenyon_Cell,R
117495,KCab-c,KCab-c_R,Kenyon_Cell,R
117513,KCg-m,KCg-m_L,Kenyon_Cell,L
117560,KCab-c,KCab-c_L,Kenyon_Cell,L
117660,KCab-m,KCab-m_R,Kenyon_Cell,R
117723,KCab-c,KCab-c_L,Kenyon_Cell,L
117777,KCab-s,KCab-s_R,Kenyon_Cell,R
117811,KCab-p,KCab-p_L,Kenyon_Cell,L
117883,KCab-s,KCab-s_R,Kenyon_Cell,R
117886,KCab-c,KCab-c_R,Kenyon_Cell,R
117936,KCg-d,KCg-d_L,Kenyon_Cell,L
117952,KCg-m,KCg-m_R,Kenyon_Cell,R
118000,KCg-m,KCg-m_L,Kenyon_Cell,L
118007,KCab-m,KCab-m_L,Kenyon_Cell,L
118021,KCab-m,KCab-m_R,Kenyon_Cell,R
118041,KCab-c,KCab-c_R,Kenyon_Cell,R
118080,KCab-s,KCab-s_L,Kenyon_Cell,L
118083,KCab-s,KCab-s_L,Kenyon_Cell,L
118100,KCg-m,KCg-m_L,Kenyon_Cell,L
118184,KCab-p,KCab-p_L,Kenyon_Cell,L
118204,KCab-c,KCab-c_R,Kenyon_Cell,R
118280,KCg-d,KCg-d_L,Kenyon_Cell,L
118341,KCab-p,KCab-p_R,Kenyon_Cell,R
118351,KCab-s,KCab-s_R,Kenyon_Cell,R
118504,KCab-s,KCab-s_R,Kenyon_Cell,R
118507,KCab-c,KCab-c_L,Kenyon_Cell,L
118508,KCg-m,KCg-m_L,Kenyon_Cell,L
118532,KCab-c,KCab-c_R,Kenyon_Cell,R
118569,KCab-p,KCab-p_R,Kenyon_Cell,R
118580,KCa'b'-ap1,KCa'b'-ap1_L,Kenyon_Cell,L
118595,KCab-c,KCab-c_R,Kenyon_Cell,R
118629,KCg-m,KCg-m_R,Kenyon_Cell,R
118636,KCa'b'-m,KCa'b'-m_R,Kenyon_Cell,R
118732,KCg-m,KCg-m_L,Kenyon_Cell,L
118769,KCg-m,KCg-m_R,Kenyon_Cell,R
118825,KCab-c,KCab-c_L,Kenyon_Cell,L
118841,KCab-s,KCab-s_L,Kenyon_Cell,L
119055,KCab-s,KCab-s_L,Kenyon_Cell,L
119101,KCg-m,KCg-m_R,Kenyon_Cell,R
119144,KCg-m,KCg-m_L,Kenyon_Cell,L
119152,KCg-m,KCg-m_L,Kenyon_Cell,L
119160,KCab-c,KCab-c_R,Kenyon_Cell,R
119167,KCg-d,KCg-d_L,Kenyon_Cell,L
119240,KCab-m,KCab-m_L,Kenyon_Cell,L
119278,KCg-m,KCg-m_R,Kenyon_Cell,R
119280,KCg-m,KCg-m_R,Kenyon_Cell,R
119348,KCab-s,KCab-s_L,Kenyon_Cell,L
119411,KCab-m,KCab-m_L,Kenyon_Cell,L
119413,KCab-s,KCab-s_L,Kenyon_Cell,L
119465,KCab-c,KCab-c_L,Kenyon_Cell,L
119468,KCab-m,KCab-m_R,Kenyon_Cell,R
119475,KCg-m,KCg-m_L,Kenyon_Cell,L
119532,KCab-s,KCab-s_L,Kenyon_Cell,L
119536,KCg-m,KCg-m_L,Kenyon_Cell,L
119591,KCg-m,KCg-m_R,Kenyon_Cell,R
119612,KCg-m,KCg-m_L,Kenyon_Cell,L
119632,KCg-m,KCg-m_R,Kenyon_Cell,R
119635,KCab-s,KCab-s_L,Kenyon_Cell,L
119852,KCab-s,KCab-s_R,Kenyon_Cell,R
119901,KCab-p,KCab-p_L,Kenyon_Cell,L
119936,KCg-m,KCg-m_R,Kenyon_Cell,R
120070,KCab-s,KCab-s_L,Kenyon_Cell,L
120094,KCab-m,KCab-m_R,Kenyon_Cell,R
120202,KCab-m,KCab-m_L,Kenyon_Cell,L
120275,KCa'b'-ap2,KCa'b'-ap2_L,Kenyon_Cell,L
120291,KCab-s,KCab-s_L,Kenyon_Cell,L
120313,KCg-m,KCg-m_L,Kenyon_Cell,L
120513,KCab-c,KCab-c_L,Kenyon_Cell,L
120567,KCab-s,KCab-s_R,Kenyon_Cell,R
120642,KCg-m,KCg-m_L,Kenyon_Cell,L
120660,KCab-m,KCab-m_L,Kenyon_Cell,L
120689,KCab-m,KCab-m_R,Kenyon_Cell,R
120699,KCab-m,KCab-m_R,Kenyon_Cell,R
120726,KCab-m,KCab-m_R,Kenyon_Cell,R
120781,KCab-c,KCab-c_R,Kenyon_Cell,R
120818,KCg-m,KCg-m_L,Kenyon_Cell,L
120853,KCg-m,KCg-m_L,Kenyon_Cell,L
120894,KCab-s,KCab-s_L,Kenyon_Cell,L
120914,KCab-s,KCab-s_R,Kenyon_Cell,R
120949,KCg-d,KCg-d_R,Kenyon_Cell,R
121079,KCab-c,KCab-c_L,Kenyon_Cell,L
121103,KCg-m,KCg-m_R,Kenyon_Cell,R
121106,KCab-c,KCab-c_L,Kenyon_Cell,L
121122,KCab-m,KCab-m_L,Kenyon_Cell,L
121138,KCab-m,KCab-m_R,Kenyon_Cell,R
121150,KCab-m,KCab-m_R,Kenyon_Cell,R
121241,KCab-m,KCab-m_R,Kenyon_Cell,R
121446,KCab-c,KCab-c_L,Kenyon_Cell,L
121501,KCg-m,KCg-m_L,Kenyon_Cell,L
121597,KCab-c,KCab-c_L,Kenyon_Cell,L
121665,KCab-m,KCab-m_L,Kenyon_Cell,L
121704,KCab-c,KCab-c_L,Kenyon_Cell,L
121712,KCg-m,KCg-m_L,Kenyon_Cell,L
121769,KCab-s,KCab-s_R,Kenyon_Cell,R
121910,KCab-c,KCab-c_L,Kenyon_Cell,L
121966,KCab-c,KCab-c_R,Kenyon_Cell,R
122000,KCab-s,KCab-s_R,Kenyon_Cell,R
122077,KCg-m,KCg-m_L,Kenyon_Cell,L
122089,KCab-s,KCab-s_R,Kenyon_Cell,R
122110,KCab-p,KCab-p_R,Kenyon_Cell,R
122137,KCab-m,KCab-m_R,Kenyon_Cell,R
122226,KCab-m,KCab-m_L,Kenyon_Cell,L
122240,KCab-m,KCab-m_L,Kenyon_Cell,L
122249,KCab-s,KCab-s_R,Kenyon_Cell,R
122275,KCab-m,KCab-m_L,Kenyon_Cell,L
122285,KCg-m,KCg-m_L,Kenyon_Cell,L
122293,KCg-m,KCg-m_R,Kenyon_Cell,R
122326,KCg-m,KCg-m_L,Kenyon_Cell,L
122354,KCg-m,KCg-m_R,Kenyon_Cell,R
122378,KCg-m,KCg-m_L,Kenyon_Cell,L
122463,KCab-s,KCab-s_L,Kenyon_Cell,L
122481,KCg-m,KCg-m_L,Kenyon_Cell,L
122573,KCab-c,KCab-c_R,Kenyon_Cell,R
122595,KCg-m,KCg-m_L,Kenyon_Cell,L
122600,KCa'b'-ap2,KCa'b'-ap2_L,Kenyon_Cell,L
122631,KCab-s,KCab-s_R,Kenyon_Cell,R
122647,KCg-d,KCg-d_L,Kenyon_Cell,L
122691,KCa'b'-m,KCa'b'-m_L,Kenyon_Cell,L
122703,KCg-m,KCg-m_L,Kenyon_Cell,L
122865,KCa'b'-ap2,KCa'b'-ap2_L,Kenyon_Cell,L
122874,KCa'b'-ap2,KCa'b'-ap2_L,Kenyon_Cell,L
122892,KCg-m,KCg-m_R,Kenyon_Cell,R
122979,KCg-m,KCg-m_L,Kenyon_Cell,L
123035,KCab-m,KCab-m_R,Kenyon_Cell,R
123071,KCab-m,KCab-m_L,Kenyon_Cell,L
123107,KCab-m,KCab-m_L,Kenyon_Cell,L
123140,KCab-m,KCab-m_L,Kenyon_Cell,L
123169,KCab-c,KCab-c_R,Kenyon_Cell,R
123241,KCab-m,KCab-m_L,Kenyon_Cell,L
123263,KCg-m,KCg-m_L,Kenyon_Cell,L
123274,KCab-m,KCab-m_L,Kenyon_Cell,L
123280,KCg-m,KCg-m_R,Kenyon_Cell,R
123380,KCab-c,KCab-c_L,Kenyon_Cell,L
123401,KCab-m,KCab-m_R,Kenyon_Cell,R
123404,KCg-m,KCg-m_L,Kenyon_Cell,L
123421,KCg-m,KCg-m_R,Kenyon_Cell,R
123472,KCab-m,KCab-m_L,Kenyon_Cell,L
123477,KCg-m,KCg-m_L,Kenyon_Cell,L
123494,KCg-m,KCg-m_L,Kenyon_Cell,L
123523,KCa'b'-m,KCa'b'-m_L,Kenyon_Cell,L
123544,KCab-s,KCab-s_R,Kenyon_Cell,R
123585,KCg-m,KCg-m_R,Kenyon_Cell,R
123605,KCa'b'-ap1,KCa'b'-ap1_R,Kenyon_Cell,R
123648,KCab-m,KCab-m_R,Kenyon_Cell,R
123653,KCab-c,KCab-c_L,Kenyon_Cell,L
123684,KCg-m,KCg-m_L,Kenyon_Cell,L
123749,KCab-c,KCab-c_R,Kenyon_Cell,R
123775,KCab-m,KCab-m_L,Kenyon_Cell,L
123841,KCg-m,KCg-m_L,Kenyon_Cell,L
123894,KCg-m,KCg-m_R,Kenyon_Cell,R
123939,KCab-m,KCab-m_L,Kenyon_Cell,L
123978,KCab-c,KCab-c_L,Kenyon_Cell,L
123997,KCab-c,KCab-c_L,Kenyon_Cell,L
124021,KCg-m,KCg-m_L,Kenyon_Cell,L
124046,KCg-m,KCg-m_L,Kenyon_Cell,L
124055,KCg-m,KCg-m_R,Kenyon_Cell,R
124097,KCg-d,KCg-d_L,Kenyon_Cell,L
124128,KCab-m,KCab-m_L,Kenyon_Cell,L
124211,KCab-m,KCab-m_R,Kenyon_Cell,R
124242,KCg-m,KCg-m_R,Kenyon_Cell,R
124370,KCg-m,KCg-m_L,Kenyon_Cell,L
124376,KCab-p,KCab-p_R,Kenyon_Cell,R
124435,KCab-c,KCab-c_L,Kenyon_Cell,L
124454,KCab-c,KCab-c_L,Kenyon_Cell,L
124605,KCab-m,KCab-m_R,Kenyon_Cell,R
124624,KCab-m,KCab-m_L,Kenyon_Cell,L
124632,KCg-m,KCg-m_R,Kenyon_Cell,R
124685,KCab-m,KCab-m_R,Kenyon_Cell,R
124690,KCg-m,KCg-m_L,Kenyon_Cell,L
124807,KCab-m,KCab-m_L,Kenyon_Cell,L
124937,KCa'b'-ap1,KCa'b'-ap1_R,Kenyon_Cell,R
125002,KCab-m,KCab-m_L,Kenyon_Cell,L
125081,KCab-m,KCab-m_R,Kenyon_Cell,R
125185,KCab-s,KCab-s_L,Kenyon_Cell,L
125552,KCg-m,KCg-m_L,Kenyon_Cell,L
125574,KCab-m,KCab-m_L,Kenyon_Cell,L
125644,KCg-d,KCg-d_L,Kenyon_Cell,L
125813,KCg-d,KCg-d_L,Kenyon_Cell,L
125860,KCg-m,KCg-m_R,Kenyon_Cell,R
125908,KCa'b'-ap1,KCa'b'-ap1_R,Kenyon_Cell,R
126002,KCg-m,KCg-m_R,Kenyon_Cell,R
126057,KCab-m,KCab-m_L,Kenyon_Cell,L
126084,KCab-m,KCab-m_R,Kenyon_Cell,R
126174,KCab-m,KCab-m_L,Kenyon_Cell,L
126319,KCab-s,KCab-s_L,Kenyon_Cell,L
126390,KCab-c,KCab-c_L,Kenyon_Cell,L
126446,KCab-m,KCab-m_R,Kenyon_Cell,R
126602,KCg-m,KCg-m_R,Kenyon_Cell,R
126673,KCa'b'-ap2,KCa'b'-ap2_R,Kenyon_Cell,R
126683,KCab-m,KCab-m_L,Kenyon_Cell,L
126766,KCg-m,KCg-m_L,Kenyon_Cell,L
126779,KCg-m,KCg-m_L,Kenyon_Cell,L
126787,KCab-m,KCab-m_L,Kenyon_Cell,L
126815,KCg-m,KCg-m_L,Kenyon_Cell,L
126945,KCab-c,KCab-c_R,Kenyon_Cell,R
126973,KCg-m,KCg-m_L,Kenyon_Cell,L
127046,KCg-d,KCg-d_R,Kenyon_Cell,R
127047,KCab-m,KCab-m_L,Kenyon_Cell,L
127130,KCg-m,KCg-m_L,Kenyon_Cell,L
127203,KCg-m,KCg-m_L,Kenyon_Cell,L
127225,KCg-m,KCg-m_L,Kenyon_Cell,L
127326,KCab-m,KCab-m_L,Kenyon_Cell,L
127366,KCa'b'-ap2,KCa'b'-ap2_R,Kenyon_Cell,R
127372,KCg-m,KCg-m_L,Kenyon_Cell,L
127397,KCg-m,KCg-m_R,Kenyon_Cell,R
127463,KCab-c,KCab-c_L,Kenyon_Cell,L
127471,KCa'b'-m,KCa'b'-m_L,Kenyon_Cell,L
127577,KCg-d,KCg-d_L,Kenyon_Cell,L
127593,KCg-m,KCg-m_L,Kenyon_Cell,L
127739,KCa'b'-m,KCa'b'-m_R,Kenyon_Cell,R
127944,KCg-m,KCg-m_L,Kenyon_Cell,L
127980,KCg-m,KCg-m_L,Kenyon_Cell,L
128075,KCab-s,KCab-s_L,Kenyon_Cell,L
128085,KCa'b'-ap1,KCa'b'-ap1_R,Kenyon_Cell,R
128097,KCg-m,KCg-m_L,Kenyon_Cell,L
128212,KCab-m,KCab-m_L,Kenyon_Cell,L
128352,KCg-m,KCg-m_L,Kenyon_Cell,L
128366,KCab-m,KCab-m_L,Kenyon_Cell,L
128467,KCab-c,KCab-c_L,Kenyon_Cell,L
128471,KCg-m,KCg-m_L,Kenyon_Cell,L
128565,KCab-s,KCab-s_L,Kenyon_Cell,L
128591,KCa'b'-ap2,KCa'b'-ap2_L,Kenyon_Cell,L
128604,KCa'b'-ap2,KCa'b'-ap2_L,Kenyon_Cell,L
128731,KCab-c,KCab-c_L,Kenyon_Cell,L
128743,KCab-s,KCab-s_L,Kenyon_Cell,L
128794,KCa'b'-ap2,KCa'b'-ap2_L,Kenyon_Cell,L
128858,KCa'b'-ap2,KCa'b'-ap2_R,Kenyon_Cell,R
128866,KCab-c,KCab-c_L,Kenyon_Cell,L
128873,KCab-m,KCab-m_L,Kenyon_Cell,L
128901,KCg-m,KCg-m_L,Kenyon_Cell,L
128925,KCg-d,KCg-d_R,Kenyon_Cell,R
128929,KCg-m,KCg-m_L,Kenyon_Cell,L
128942,KCab-c,KCab-c_L,Kenyon_Cell,L
129022,KCab-p,KCab-p_L,Kenyon_Cell,L
129027,KCab-s,KCab-s_R,Kenyon_Cell,R
129122,KCab-s,KCab-s_L,Kenyon_Cell,L
129189,KCg-m,KCg-m_R,Kenyon_Cell,R
129287,KCg-m,KCg-m_R,Kenyon_Cell,R
129292,KCab-c,KCab-c_R,Kenyon_Cell,R
129301,KCa'b'-ap2,KCa'b'-ap2_L,Kenyon_Cell,L
129321,KCg-m,KCg-m_R,Kenyon_Cell,R
129330,KCab-s,KCab-s_R,Kenyon_Cell,R
129608,KCab-c,KCab-c_L,Kenyon_Cell,L
129627,KCg-m,KCg-m_L,Kenyon_Cell,L
129659,KCab-p,KCab-p_L,Kenyon_Cell,L
129798,KCab-s,KCab-s_L,Kenyon_Cell,L
129866,KCg-m,KCg-m_L,Kenyon_Cell,L
129892,KCab-m,KCab-m_R,Kenyon_Cell,R
129897,KCab-c,KCab-c_L,Kenyon_Cell,L
129903,KCg-m,KCg-m_R,Kenyon_Cell,R
129965,KCg-m,KCg-m_R,Kenyon_Cell,R
130231,KCg-d,KCg-d_L,Kenyon_Cell,L
130317,KCg-m,KCg-m_R,Kenyon_Cell,R
130324,KCg-m,KCg-m_L,Kenyon_Cell,L
130392,KCab-s,KCab-s_R,Kenyon_Cell,R
130403,KCg-m,KCg-m_R,Kenyon_Cell,R
130429,KCab-c,KCab-c_L,Kenyon_Cell,L
130439,KCg-m,KCg-m_L,Kenyon_Cell,L
130521,KCab-c,KCab-c_L,Kenyon_Cell,L
130531,KCab-m,KCab-m_L,Kenyon_Cell,L
130556,KCg-m,KCg-m_L,Kenyon_Cell,L
130580,KCg-m,KCg-m_L,Kenyon_Cell,L
130603,KCg-m,KCg-m_R,Kenyon_Cell,R
130796,KCab-m,KCab-m_R,Kenyon_Cell,R
130806,KCg-m,KCg-m_R,Kenyon_Cell,R
130825,KCab-c,KCab-c_L,Kenyon_Cell,L
130875,KCa'b'-ap2,KCa'b'-ap2_R,Kenyon_Cell,R
130907,KCg-m,KCg-m_R,Kenyon_Cell,R
130920,KCg-m,KCg-m_L,Kenyon_Cell,L
130950,KCa'b'-m,KCa'b'-m_L,Kenyon_Cell,L
130972,KCg-m,KCg-m_L,Kenyon_Cell,L
131008,KCab-m,KCab-m_R,Kenyon_Cell,R
131100,KCg-m,KCg-m_R,Kenyon_Cell,R
131101,KCab-c,KCab-c_R,Kenyon_Cell,R
131198,KCg-m,KCg-m_L,Kenyon_Cell,L
131212,KCab-m,KCab-m_L,Kenyon_Cell,L
131268,KCg-m,KCg-m_L,Kenyon_Cell,L
131293,KCg-m,KCg-m_R,Kenyon_Cell,R
131332,KCg-m,KCg-m_L,Kenyon_Cell,L
131358,KCab-c,KCab-c_L,Kenyon_Cell,L
131359,KCab-c,KCab-c_L,Kenyon_Cell,L
131373,KCg-m,KCg-m_L,Kenyon_Cell,L
131423,KCg-m,KCg-m_L,Kenyon_Cell,L
131461,KCab-m,KCab-m_R,Kenyon_Cell,R
131495,KCab-m,KCab-m_L,Kenyon_Cell,L
131539,KCab-m,KCab-m_L,Kenyon_Cell,L
131597,KCg-m,KCg-m_L,Kenyon_Cell,L
131620,KCg-m,KCg-m_L,Kenyon_Cell,L
131662,KCa'b'-ap2,KCa'b'-ap2_R,Kenyon_Cell,R
131765,KCab-c,KCab-c_L,Kenyon_Cell,L
131797,KCab-s,KCab-s_L,Kenyon_Cell,L
131936,KCab-m,KCab-m_L,Kenyon_Cell,L
131946,KCg-m,KCg-m_R,Kenyon_Cell,R
131954,KCg-m,KCg-m_L,Kenyon_Cell,L
131964,KCab-s,KCab-s_R,Kenyon_Cell,R
132006,KCa'b'-ap2,KCa'b'-ap2_L,Kenyon_Cell,L
132048,KCab-c,KCab-c_R,Kenyon_Cell,R
132051,KCg-m,KCg-m_L,Kenyon_Cell,L
132066,KCab-c,KCab-c_L,Kenyon_Cell,L
132117,KCa'b'-m,KCa'b'-m_L,Kenyon_Cell,L
132230,KCg-m,KCg-m_R,Kenyon_Cell,R
132312,KCg-m,KCg-m_R,Kenyon_Cell,R
132410,KCab-m,KCab-m_L,Kenyon_Cell,L
132467,KCg-m,KCg-m_L,Kenyon_Cell,L
132539,KCab-s,KCab-s_L,Kenyon_Cell,L
132598,KCg-m,KCg-m_L,Kenyon_Cell,L
132622,KCab-p,KCab-p_L,Kenyon_Cell,L
132649,KCab-p,KCab-p_R,Kenyon_Cell,R
132661,KCa'b'-ap2,KCa'b'-ap2_L,Kenyon_Cell,L
132747,KCg-m,KCg-m_L,Kenyon_Cell,L
132791,KCab-s,KCab-s_R,Kenyon_Cell,R
132800,KCab-m,KCab-m_L,Kenyon_Cell,L
132804,KCa'b'-ap1,KCa'b'-ap1_R,Kenyon_Cell,R
132857,KCa'b'-ap1,KCa'b'-ap1_L,Kenyon_Cell,L
132887,KCab-s,KCab-s_R,Kenyon_Cell,R
132896,KCab-s,KCab-s_L,Kenyon_Cell,L
132912,KCab-m,KCab-m_L,Kenyon_Cell,L
132978,KCg-m,KCg-m_L,Kenyon_Cell,L
133053,KCg-m,KCg-m_R,Kenyon_Cell,R
133066,KCg-m,KCg-m_L,Kenyon_Cell,L
133083,KCa'b'-ap2,KCa'b'-ap2_L,Kenyon_Cell,L
133100,KCab-c,KCab-c_R,Kenyon_Cell,R
133102,KCab-p,KCab-p_L,Kenyon_Cell,L
133165,KCab-c,KCab-c_L,Kenyon_Cell,L
133214,KCg-m,KCg-m_R,Kenyon_Cell,R
133249,KCg-m,KCg-m_L,Kenyon_Cell,L
133250,KCab-s,KCab-s_R,Kenyon_Cell,R
133256,KCab-s,KCab-s_L,Kenyon_Cell,L
133281,KCab-m,KCab-m_L,Kenyon_Cell,L
133308,KCab-m,KCab-m_L,Kenyon_Cell,L
133316,KCg-m,KCg-m_L,Kenyon_Cell,L
133334,KCa'b'-ap2,KCa'b'-ap2_R,Kenyon_Cell,R
133363,KCab-s,KCab-s_L,Kenyon_Cell,L
133427,MBON10,MBON10(B'1)_R,MBON,R
133435,KCg-m,KCg-m_L,Kenyon_Cell,L
133479,KCg-m,KCg-m_L,Kenyon_Cell,L
133500,KCg-m,KCg-m_L,Kenyon_Cell,L
133549,KCa'b'-m,KCa'b'-m_L,Kenyon_Cell,L
133550,KCg-m,KCg-m_L,Kenyon_Cell,L
133564,KCg-m,KCg-m_L,Kenyon_Cell,L
133570,KCab-c,KCab-c_L,Kenyon_Cell,L
133583,KCab-m,KCab-m_L,Kenyon_Cell,L
133607,KCg-m,KCg-m_L,Kenyon_Cell,L
133630,KCg-m,KCg-m_L,Kenyon_Cell,L
133642,KCg-m,KCg-m_R,Kenyon_Cell,R
133671,KCg-m,KCg-m_R,Kenyon_Cell,R
133709,KCab-c,KCab-c_L,Kenyon_Cell,L
133727,KCab-c,KCab-c_R,Kenyon_Cell,R
133806,KCg-m,KCg-m_R,Kenyon_Cell,R
133864,KCab-s,KCab-s_L,Kenyon_Cell,L
133873,KCab-m,KCab-m_L,Kenyon_Cell,L
134059,KCg-m,KCg-m_L,Kenyon_Cell,L
134161,KCg-m,KCg-m_L,Kenyon_Cell,L
134216,KCg-m,KCg-m_R,Kenyon_Cell,R
134256,KCg-m,KCg-m_L,Kenyon_Cell,L
134271,KCab-c,KCab-c_L,Kenyon_Cell,L
134357,KCab-c,KCab-c_R,Kenyon_Cell,R
134359,KCg-m,KCg-m_R,Kenyon_Cell,R
134430,KCg-m,KCg-m_L,Kenyon_Cell,L
134438,KCab-c,KCab-c_L,Kenyon_Cell,L
134523,KCab-c,KCab-c_L,Kenyon_Cell,L
134660,KCg-m,KCg-m_R,Kenyon_Cell,R
134731,KCa'b'-m,KCa'b'-m_L,Kenyon_Cell,L
134742,KCg-m,KCg-m_L,Kenyon_Cell,L
134789,KCab-m,KCab-m_L,Kenyon_Cell,L
134859,KCa'b'-m,KCa'b'-m_L,Kenyon_Cell,L
134865,KCg-m,KCg-m_L,Kenyon_Cell,L
134883,KCg-m,KCg-m_R,Kenyon_Cell,R
134891,KCab-c,KCab-c_R,Kenyon_Cell,R
134965,KCg-m,KCg-m_L,Kenyon_Cell,L
135013,KCab-m,KCab-m_L,Kenyon_Cell,L
135092,KCa'b'-m,KCa'b'-m_R,Kenyon_Cell,R
135158,KCg-m,KCg-m_L,Kenyon_Cell,L
135219,KCg-d,KCg-d_L,Kenyon_Cell,L
135238,KCg-m,KCg-m_R,Kenyon_Cell,R
135241,KCg-d,KCg-d_L,Kenyon_Cell,L
135247,KCab-s,KCab-s_R,Kenyon_Cell,R
135265,KCab-m,KCab-m_R,Kenyon_Cell,R
135354,KCab-p,KCab-p_L,Kenyon_Cell,L
135362,KCg-m,KCg-m_R,Kenyon_Cell,R
135363,KCg-m,KCg-m_L,Kenyon_Cell,L
135421,KCg-d,KCg-d_R,Kenyon_Cell,R
135480,KCg-m,KCg-m_L,Kenyon_Cell,L
135506,KCg-m,KCg-m_L,Kenyon_Cell,L
135567,KCab-m,KCab-m_L,Kenyon_Cell,L
135614,KCab-s,KCab-s_R,Kenyon_Cell,R
135662,KCg-d,KCg-d_L,Kenyon_Cell,L
135739,KCg-m,KCg-m_R,Kenyon_Cell,R
135773,KCg-m,KCg-m_L,Kenyon_Cell,L
135783,KCg-m,KCg-m_L,Kenyon_Cell,L
135825,KCg-m,KCg-m_L,Kenyon_Cell,L
135847,KCg-m,KCg-m_L,Kenyon_Cell,L
135866,KCab-c,KCab-c_R,Kenyon_Cell,R
135883,KCg-m,KCg-m_L,Kenyon_Cell,L
135897,KCg-d,KCg-d_L,Kenyon_Cell,L
135993,KCab-m,KCab-m_R,Kenyon_Cell,R
136044,KCab-m,KCab-m_R,Kenyon_Cell,R
136046,KCg-d,KCg-d_L,Kenyon_Cell,L
136048,KCab-p,KCab-p_L,Kenyon_Cell,L
136101,KCg-m,KCg-m_L,Kenyon_Cell,L
136127,KCg-m,KCg-m_L,Kenyon_Cell,L
136153,KCab-m,KCab-m_L,Kenyon_Cell,L
136196,KCab-p,KCab-p_L,Kenyon_Cell,L
136208,KCg-m,KCg-m_R,Kenyon_Cell,R
136233,KCab-s,KCab-s_L,Kenyon_Cell,L
136240,KCg-m,KCg-m_R,Kenyon_Cell,R
136258,KCab-c,KCab-c_L,Kenyon_Cell,L
136310,KCg-m,KCg-m_R,Kenyon_Cell,R
136327,KCab-m,KCab-m_L,Kenyon_Cell,L
136345,KCab-m,KCab-m_L,Kenyon_Cell,L
136428,KCab-c,KCab-c_L,Kenyon_Cell,L
136435,KCab-c,KCab-c_L,Kenyon_Cell,L
136459,KCg-m,KCg-m_R,Kenyon_Cell,R
136461,KCab-m,KCab-m_L,Kenyon_Cell,L
136525,KCg-m,KCg-m_L,Kenyon_Cell,L
136531,KCg-m,KCg-m_R,Kenyon_Cell,R
136570,KCg-m,KCg-m_R,Kenyon_Cell,R
136581,KCg-m,KCg-m_L,Kenyon_Cell,L
136705,KCg-m,KCg-m_L,Kenyon_Cell,L
136825,KCab-m,KCab-m_R,Kenyon_Cell,R
136873,KCab-c,KCab-c_R,Kenyon_Cell,R
136896,KCg-m,KCg-m_L,Kenyon_Cell,L
136912,KCg-d,KCg-d_L,Kenyon_Cell,L
136943,KCg-m,KCg-m_L,Kenyon_Cell,L
136988,KCg-m,KCg-m_L,Kenyon_Cell,L
137008,KCab-c,KCab-c_L,Kenyon_Cell,L
137021,KCa'b'-ap2,KCa'b'-ap2_L,Kenyon_Cell,L
137029,KCab-m,KCab-m_R,Kenyon_Cell,R
137044,KCab-s,KCab-s_L,Kenyon_Cell,L
137061,KCg-m,KCg-m_L,Kenyon_Cell,L
137072,KCg-m,KCg-m_L,Kenyon_Cell,L
137174,KCg-m,KCg-m_L,Kenyon_Cell,L
137233,KCab-c,KCab-c_L,Kenyon_Cell,L
137235,KCab-s,KCab-s_R,Kenyon_Cell,R
137257,KCab-p,KCab-p_L,Kenyon_Cell,L
137283,KCg-d,KCg-d_L,Kenyon_Cell,L
137302,KCg-d,KCg-d_L,Kenyon_Cell,L
137438,KCg-m,KCg-m_L,Kenyon_Cell,L
137484,KCg-m,KCg-m_L,Kenyon_Cell,L
137541,KCa'b'-ap2,KCa'b'-ap2_R,Kenyon_Cell,R
137546,KCg-m,KCg-m_L,Kenyon_Cell,L
137734,KCab-c,KCab-c_L,Kenyon_Cell,L
137789,KCg-m,KCg-m_L,Kenyon_Cell,L
137837,KCab-p,KCab-p_L,Kenyon_Cell,L
137866,KCab-s,KCab-s_L,Kenyon_Cell,L
137890,KCg-m,KCg-m_L,Kenyon_Cell,L
137952,KCg-d,KCg-d_L,Kenyon_Cell,L
137977,KCab-p,KCab-p_L,Kenyon_Cell,L
137995,KCa'b'-m,KCa'b'-m_L,Kenyon_Cell,L
138053,KCg-m,KCg-m_L,Kenyon_Cell,L
138162,KCab-c,KCab-c_L,Kenyon_Cell,L
138186,KCg-d,KCg-d_L,Kenyon_Cell,L
138198,KCg-d,KCg-d_L,Kenyon_Cell,L
138210,KCa'b'-ap2,KCa'b'-ap2_L,Kenyon_Cell,L
138335,KCg-m,KCg-m_R,Kenyon_Cell,R
138352,KCg-m,KCg-m_R,Kenyon_Cell,R
138353,KCg-m,KCg-m_R,Kenyon_Cell,R
138378,KCg-m,KCg-m_L,Kenyon_Cell,L
138404,KCab-s,KCab-s_L,Kenyon_Cell,L
138408,KCg-m,KCg-m_R,Kenyon_Cell,R
138439,KCg-m,KCg-m_L,Kenyon_Cell,L
138447,KCg-m,KCg-m_L,Kenyon_Cell,L
138451,KCg-m,KCg-m_L,Kenyon_Cell,L
138453,KCab-m,KCab-m_L,Kenyon_Cell,L
138480,KCab-c,KCab-c_L,Kenyon_Cell,L
138549,KCab-s,KCab-s_L,Kenyon_Cell,L
138563,KCab-s,KCab-s_L,Kenyon_Cell,L
138564,KCg-m,KCg-m_L,Kenyon_Cell,L
138573,KCg-m,KCg-m_R,Kenyon_Cell,R
138634,KCg-m,KCg-m_L,Kenyon_Cell,L
138810,KCg-m,KCg-m_L,Kenyon_Cell,L
138826,KCab-s,KCab-s_R,Kenyon_Cell,R
138875,KCab-m,KCab-m_L,Kenyon_Cell,L
138912,KCab-s,KCab-s_L,Kenyon_Cell,L
138929,KCab-c,KCab-c_R,Kenyon_Cell,R
138935,KCg-m,KCg-m_L,Kenyon_Cell,L
138968,KCg-m,KCg-m_L,Kenyon_Cell,L
139008,KCg-m,KCg-m_R,Kenyon_Cell,R
139032,KCab-p,KCab-p_L,Kenyon_Cell,L
139039,KCg-m,KCg-m_L,Kenyon_Cell,L
139053,KCg-m,KCg-m_R,Kenyon_Cell,R
139093,KCg-m,KCg-m_L,Kenyon_Cell,L
139182,KCg-m,KCg-m_R,Kenyon_Cell,R
139199,KCab-c,KCab-c_L,Kenyon_Cell,L
139212,KCab-c,KCab-c_L,Kenyon_Cell,L
139252,KCab-s,KCab-s_R,Kenyon_Cell,R
139389,KCa'b'-m,KCa'b'-m_R,Kenyon_Cell,R
139498,KCa'b'-m,KCa'b'-m_L,Kenyon_Cell,L
139508,KCg-m,KCg-m_L,Kenyon_Cell,L
139510,KCg-m,KCg-m_R,Kenyon_Cell,R
139584,KCa'b'-m,KCa'b'-m_L,Kenyon_Cell,L
139589,KCg-m,KCg-m_L,Kenyon_Cell,L
139591,KCg-d,KCg-d_L,Kenyon_Cell,L
139636,KCab-c,KCab-c_L,Kenyon_Cell,L
139642,KCg-m,KCg-m_R,Kenyon_Cell,R
139662,KCab-m,KCab-m_L,Kenyon_Cell,L
139663,KCa'b'-ap2,KCa'b'-ap2_L,Kenyon_Cell,L
139685,KCg-m,KCg-m_L,Kenyon_Cell,L
139742,KCg-m,KCg-m_R,Kenyon_Cell,R
139887,KCab-m,KCab-m_L,Kenyon_Cell,L
139894,KCab-m,KCab-m_L,Kenyon_Cell,L
139919,KCab-m,KCab-m_L,Kenyon_Cell,L
139943,KCg-m,KCg-m_L,Kenyon_Cell,L
139952,KCg-m,KCg-m_R,Kenyon_Cell,R
139970,KCg-m,KCg-m_L,Kenyon_Cell,L
139976,KCab-p,KCab-p_L,Kenyon_Cell,L
139988,KCg-m,KCg-m_L,Kenyon_Cell,L
140052,KCa'b'-ap1,KCa'b'-ap1_L,Kenyon_Cell,L
140175,KCg-d,KCg-d_L,Kenyon_Cell,L
140180,KCg-m,KCg-m_L,Kenyon_Cell,L
140182,KCg-m,KCg-m_R,Kenyon_Cell,R
140365,KCg-m,KCg-m_L,Kenyon_Cell,L
140368,KCab-m,KCab-m_L,Kenyon_Cell,L
140457,KCab-s,KCab-s_L,Kenyon_Cell,L
140461,KCg-m,KCg-m_L,Kenyon_Cell,L
140582,KCa'b'-m,KCa'b'-m_L,Kenyon_Cell,L
140589,KCg-m,KCg-m_R,Kenyon_Cell,R
140636,KCg-m,KCg-m_R,Kenyon_Cell,R
140651,KCab-c,KCab-c_L,Kenyon_Cell,L
140661,KCg-m,KCg-m_L,Kenyon_Cell,L
140726,KCg-m,KCg-m_L,Kenyon_Cell,L
140730,KCab-s,KCab-s_L,Kenyon_Cell,L
140737,KCg-m,KCg-m_L,Kenyon_Cell,L
140795,KCg-m,KCg-m_L,Kenyon_Cell,L
140834,KCab-s,KCab-s_R,Kenyon_Cell,R
140867,KCg-m,KCg-m_L,Kenyon_Cell,L
140883,KCg-m,KCg-m_L,Kenyon_Cell,L
140943,KCg-m,KCg-m_L,Kenyon_Cell,L
140961,KCab-m,KCab-m_L,Kenyon_Cell,L
140995,KCg-m,KCg-m_L,Kenyon_Cell,L
141007,KCab-p,KCab-p_L,Kenyon_Cell,L
141046,KCg-m,KCg-m_L,Kenyon_Cell,L
141131,KCab-c,KCab-c_L,Kenyon_Cell,L
141163,KCab-p,KCab-p_L,Kenyon_Cell,L
141219,KCab-c,KCab-c_L,Kenyon_Cell,L
141249,KCg-m,KCg-m_L,Kenyon_Cell,L
141274,KCab-s,KCab-s_L,Kenyon_Cell,L
141289,KCab-c,KCab-c_R,Kenyon_Cell,R
141299,KCg-m,KCg-m_L,Kenyon_Cell,L
141343,KCg-m,KCg-m_L,Kenyon_Cell,L
141559,KCab-p,KCab-p_L,Kenyon_Cell,L
141602,KCg-m,KCg-m_L,Kenyon_Cell,L
141659,KCg-m,KCg-m_L,Kenyon_Cell,L
141662,KCab-c,KCab-c_L,Kenyon_Cell,L
141709,KCg-m,KCg-m_L,Kenyon_Cell,L
141772,KCg-m,KCg-m_L,Kenyon_Cell,L
141809,KCab-m,KCab-m_L,Kenyon_Cell,L
141840,KCg-m,KCg-m_L,Kenyon_Cell,L
141914,KCab-m,KCab-m_L,Kenyon_Cell,L
141950,KCab-c,KCab-c_R,Kenyon_Cell,R
142029,KCab-c,KCab-c_L,Kenyon_Cell,L
142069,KCg-d,KCg-d_L,Kenyon_Cell,L
142083,KCg-m,KCg-m_L,Kenyon_Cell,L
142189,KCg-m,KCg-m_R,Kenyon_Cell,R
142203,KCg-d,KCg-d_L,Kenyon_Cell,L
142209,KCg-m,KCg-m_L,Kenyon_Cell,L
142270,KCab-m,KCab-m_L,Kenyon_Cell,L
142299,KCg-m,KCg-m_L,Kenyon_Cell,L
142329,KCa'b'-m,KCa'b'-m_L,Kenyon_Cell,L
142332,KCab-c,KCab-c_L,Kenyon_Cell,L
142361,KCab-s,KCab-s_L,Kenyon_Cell,L
142470,KCg-m,KCg-m_L,Kenyon_Cell,L
142531,KCab-s,KCab-s_L,Kenyon_Cell,L
142608,KCa'b'-m,KCa'b'-m_R,Kenyon_Cell,R
142732,KCg-m,KCg-m_L,Kenyon_Cell,L
142733,KCg-d,KCg-d_L,Kenyon_Cell,L
142769,KCg-m,KCg-m_R,Kenyon_Cell,R
142795,KCab-m,KCab-m_R,Kenyon_Cell,R
142848,KCa'b'-m,KCa'b'-m_L,Kenyon_Cell,L
142975,KCab-c,KCab-c_R,Kenyon_Cell,R
142994,KCg-m,KCg-m_L,Kenyon_Cell,L
143029,KCg-m,KCg-m_L,Kenyon_Cell,L
143033,KCab-s,KCab-s_L,Kenyon_Cell,L
143083,KCab-c,KCab-c_L,Kenyon_Cell,L
143262,KCg-d,KCg-d_L,Kenyon_Cell,L
143275,KCab-c,KCab-c_L,Kenyon_Cell,L
143426,KCg-m,KCg-m_L,Kenyon_Cell,L
143487,KCg-m,KCg-m_L,Kenyon_Cell,L
143569,KCg-m,KCg-m_R,Kenyon_Cell,R
143645,KCab-m,KCab-m_L,Kenyon_Cell,L
143735,KCg-m,KCg-m_R,Kenyon_Cell,R
143757,KCg-m,KCg-m_L,Kenyon_Cell,L
143806,KCab-m,KCab-m_L,Kenyon_Cell,L
143875,KCg-m,KCg-m_R,Kenyon_Cell,R
143895,KCab-m,KCab-m_L,Kenyon_Cell,L
143947,KCg-m,KCg-m_L,Kenyon_Cell,L
143949,KCab-c,KCab-c_L,Kenyon_Cell,L
144012,KCg-m,KCg-m_R,Kenyon_Cell,R
144118,KCg-m,KCg-m_R,Kenyon_Cell,R
144122,KCg-m,KCg-m_L,Kenyon_Cell,L
144134,KCab-p,KCab-p_L,Kenyon_Cell,L
144220,KCg-d,KCg-d_R,Kenyon_Cell,R
144230,KCg-m,KCg-m_L,Kenyon_Cell,L
144291,KCg-m,KCg-m_R,Kenyon_Cell,R
144308,KCab-s,KCab-s_R,Kenyon_Cell,R
144317,KCg-m,KCg-m_L,Kenyon_Cell,L
144340,KCa'b'-m,KCa'b'-m_R,Kenyon_Cell,R
144464,KCg-m,KCg-m_R,Kenyon_Cell,R
144486,KCa'b'-m,KCa'b'-m_L,Kenyon_Cell,L
144512,KCg-m,KCg-m_L,Kenyon_Cell,L
144515,KCab-s,KCab-s_R,Kenyon_Cell,R
144523,KCa'b'-ap2,KCa'b'-ap2_R,Kenyon_Cell,R
144570,KCg-m,KCg-m_L,Kenyon_Cell,L
144578,KCg-d,KCg-d_L,Kenyon_Cell,L
144715,KCab-c,KCab-c_L,Kenyon_Cell,L
144725,KCab-c,KCab-c_L,Kenyon_Cell,L
144730,KCg-m,KCg-m_L,Kenyon_Cell,L
144746,KCab-c,KCab-c_L,Kenyon_Cell,L
144747,KCg-d,KCg-d_L,Kenyon_Cell,L
144813,KCab-c,KCab-c_L,Kenyon_Cell,L
144819,KCg-d,KCg-d_L,Kenyon_Cell,L
145026,KCa'b'-ap2,KCa'b'-ap2_L,Kenyon_Cell,L
145085,KCg-d,KCg-d_L,Kenyon_Cell,L
145143,KCg-m,KCg-m_L,Kenyon_Cell,L
145157,KCg-m,KCg-m_R,Kenyon_Cell,R
145174,KCab-s,KCab-s_R,Kenyon_Cell,R
145193,KCab-c,KCab-c_L,Kenyon_Cell,L
145236,KCab-c,KCab-c_L,Kenyon_Cell,L
145268,KCg-m,KCg-m_L,Kenyon_Cell,L
145352,KCg-m,KCg-m_R,Kenyon_Cell,R
145355,KCg-m,KCg-m_L,Kenyon_Cell,L
145419,KCab-s,KCab-s_R,Kenyon_Cell,R
145425,KCab-c,KCab-c_L,Kenyon_Cell,L
145497,KCab-c,KCab-c_R,Kenyon_Cell,R
145513,KCab-s,KCab-s_L,Kenyon_Cell,L
145574,KCg-m,KCg-m_L,Kenyon_Cell,L
145610,KCg-m,KCg-m_L,Kenyon_Cell,L
145641,KCg-m,KCg-m_L,Kenyon_Cell,L
145642,KCab-c,KCab-c_L,Kenyon_Cell,L
145764,KCab-s,KCab-s_L,Kenyon_Cell,L
145791,KCab-c,KCab-c_R,Kenyon_Cell,R
145792,KCg-m,KCg-m_L,Kenyon_Cell,L
145859,KCa'b'-ap2,KCa'b'-ap2_R,Kenyon_Cell,R
145869,KCg-m,KCg-m_L,Kenyon_Cell,L
145974,KCg-m,KCg-m_L,Kenyon_Cell,L
146084,KCg-m,KCg-m_L,Kenyon_Cell,L
146099,KCa'b'-ap2,KCa'b'-ap2_R,Kenyon_Cell,R
146122,KCg-m,KCg-m_R,Kenyon_Cell,R
146128,KCg-m,KCg-m_L,Kenyon_Cell,L
146166,KCab-m,KCab-m_L,Kenyon_Cell,L
146275,KCab-c,KCab-c_R,Kenyon_Cell,R
146301,KCg-d,KCg-d_L,Kenyon_Cell,L
146350,KCab-s,KCab-s_L,Kenyon_Cell,L
146387,KCab-s,KCab-s_R,Kenyon_Cell,R
146609,KCab-s,KCab-s_L,Kenyon_Cell,L
146675,KCab-c,KCab-c_L,Kenyon_Cell,L
146801,KCab-m,KCab-m_L,Kenyon_Cell,L
146923,KCab-s,KCab-s_L,Kenyon_Cell,L
146925,KCg-m,KCg-m_L,Kenyon_Cell,L
146943,KCab-m,KCab-m_R,Kenyon_Cell,R
146958,KCab-s,KCab-s_L,Kenyon_Cell,L
147040,KCg-m,KCg-m_L,Kenyon_Cell,L
147068,KCg-m,KCg-m_L,Kenyon_Cell,L
147185,KCg-m,KCg-m_L,Kenyon_Cell,L
147199,KCab-c,KCab-c_L,Kenyon_Cell,L
147217,KCab-c,KCab-c_L,Kenyon_Cell,L
147378,KCab-c,KCab-c_L,Kenyon_Cell,L
147444,KCab-p,KCab-p_L,Kenyon_Cell,L
147585,KCg-d,KCg-d_L,Kenyon_Cell,L
147589,KCg-m,KCg-m_L,Kenyon_Cell,L
147646,KCg-m,KCg-m_L,Kenyon_Cell,L
147696,KCg-m,KCg-m_L,Kenyon_Cell,L
147700,KCg-m,KCg-m_L,Kenyon_Cell,L
147812,KCg-m,KCg-m_L,Kenyon_Cell,L
147885,KCg-m,KCg-m_R,Kenyon_Cell,R
147953,KCg-m,KCg-m_L,Kenyon_Cell,L
148001,KCab-c,KCab-c_R,Kenyon_Cell,R
148093,KCab-c,KCab-c_L,Kenyon_Cell,L
148122,KCg-m,KCg-m_L,Kenyon_Cell,L
148137,KCg-d,KCg-d_L,Kenyon_Cell,L
148145,KCg-d,KCg-d_L,Kenyon_Cell,L
148150,KCg-d,KCg-d_L,Kenyon_Cell,L
148161,KCg-m,KCg-m_L,Kenyon_Cell,L
148198,KCg-m,KCg-m_L,Kenyon_Cell,L
148213,KCab-c,KCab-c_R,Kenyon_Cell,R
148337,KCab-s,KCab-s_R,Kenyon_Cell,R
148344,KCg-m,KCg-m_L,Kenyon_Cell,L
148419,KCg-m,KCg-m_R,Kenyon_Cell,R
148464,KCg-m,KCg-m_L,Kenyon_Cell,L
148486,KCg-m,KCg-m_L,Kenyon_Cell,L
148493,KCg-m,KCg-m_R,Kenyon_Cell,R
148498,KCg-m,KCg-m_L,Kenyon_Cell,L
148529,KCg-m,KCg-m_L,Kenyon_Cell,L
148548,KCg-m,KCg-m_R,Kenyon_Cell,R
148588,KCg-m,KCg-m_L,Kenyon_Cell,L
148680,KCg-m,KCg-m_R,Kenyon_Cell,R
148844,KCg-m,KCg-m_L,Kenyon_Cell,L
148860,KCg-m,KCg-m_R,Kenyon_Cell,R
148930,KCg-m,KCg-m_L,Kenyon_Cell,L
148989,KCg-m,KCg-m_L,Kenyon_Cell,L
149132,KCa'b'-m,KCa'b'-m_L,Kenyon_Cell,L
149136,KCab-p,KCab-p_L,Kenyon_Cell,L
149180,KCab-c,KCab-c_L,Kenyon_Cell,L
149199,KCg-m,KCg-m_L,Kenyon_Cell,L
149279,KCa'b'-ap2,KCa'b'-ap2_R,Kenyon_Cell,R
149297,KCg-m,KCg-m_L,Kenyon_Cell,L
149401,KCab-p,KCab-p_L,Kenyon_Cell,L
149636,KCab-s,KCab-s_R,Kenyon_Cell,R
149720,KCg-m,KCg-m_L,Kenyon_Cell,L
149737,KCab-s,KCab-s_L,Kenyon_Cell,L
149792,KCg-m,KCg-m_R,Kenyon_Cell,R
149820,KCg-m,KCg-m_L,Kenyon_Cell,L
149841,KCab-s,KCab-s_L,Kenyon_Cell,L
149878,KCg-m,KCg-m_L,Kenyon_Cell,L
150014,KCg-d,KCg-d_R,Kenyon_Cell,R
150109,KCab-m,KCab-m_R,Kenyon_Cell,R
150259,KCg-d,KCg-d_L,Kenyon_Cell,L
150451,KCa'b'-ap2,KCa'b'-ap2_L,Kenyon_Cell,L
150633,KCg-m,KCg-m_L,Kenyon_Cell,L
150709,KCab-m,KCab-m_L,Kenyon_Cell,L
150732,KCg-m,KCg-m_L,Kenyon_Cell,L
150738,KCa'b'-m,KCa'b'-m_R,Kenyon_Cell,R
150761,KCab-p,KCab-p_L,Kenyon_Cell,L
150781,KCg-m,KCg-m_L,Kenyon_Cell,L
150823,KCa'b'-ap1,KCa'b'-ap1_R,Kenyon_Cell,R
150913,KCg-m,KCg-m_R,Kenyon_Cell,R
150920,KCab-s,KCab-s_L,Kenyon_Cell,L
150926,KCa'b'-m,KCa'b'-m_L,Kenyon_Cell,L
150974,KCab-s,KCab-s_L,Kenyon_Cell,L
151134,KCg-m,KCg-m_R,Kenyon_Cell,R
151187,KCg-m,KCg-m_L,Kenyon_Cell,L
151224,KCab-c,KCab-c_R,Kenyon_Cell,R
151277,KCg-m,KCg-m_L,Kenyon_Cell,L
151346,KCab-m,KCab-m_L,Kenyon_Cell,L
151395,KCab-c,KCab-c_L,Kenyon_Cell,L
151584,KCa'b'-ap2,KCa'b'-ap2_R,Kenyon_Cell,R
151710,KCab-c,KCab-c_L,Kenyon_Cell,L
151833,KCab-m,KCab-m_L,Kenyon_Cell,L
151908,KCab-m,KCab-m_L,Kenyon_Cell,L
151944,KCg-d,KCg-d_L,Kenyon_Cell,L
151958,KCab-s,KCab-s_R,Kenyon_Cell,R
152025,KCg-m,KCg-m_L,Kenyon_Cell,L
152031,KCa'b'-ap2,KCa'b'-ap2_R,Kenyon_Cell,R
152066,KCab-s,KCab-s_L,Kenyon_Cell,L
152118,KCg-m,KCg-m_L,Kenyon_Cell,L
152391,KCg-m,KCg-m_R,Kenyon_Cell,R
152470,KCg-d,KCg-d_L,Kenyon_Cell,L
152548,KCg-m,KCg-m_L,Kenyon_Cell,L
152553,KCab-s,KCab-s_L,Kenyon_Cell,L
152559,KCab-c,KCab-c_L,Kenyon_Cell,L
152601,KCab-m,KCab-m_R,Kenyon_Cell,R
152688,KCg-d,KCg-d_L,Kenyon_Cell,L
152706,KCa'b'-m,KCa'b'-m_L,Kenyon_Cell,L
152784,KCab-p,KCab-p_L,Kenyon_Cell,L
152839,KCab-s,KCab-s_L,Kenyon_Cell,L
152860,KCa'b'-ap1,KCa'b'-ap1_R,Kenyon_Cell,R
152889,KCab-s,KCab-s_R,Kenyon_Cell,R
152943,KCg-m,KCg-m_L,Kenyon_Cell,L
152964,KCg-m,KCg-m_L,Kenyon_Cell,L
153080,KCab-p,KCab-p_R,Kenyon_Cell,R
153083,KCab-s,KCab-s_L,Kenyon_Cell,L
153165,KCa'b'-m,KCa'b'-m_R,Kenyon_Cell,R
153391,KCg-m,KCg-m_R,Kenyon_Cell,R
153460,KCab-m,KCab-m_L,Kenyon_Cell,L
153492,KCab-s,KCab-s_L,Kenyon_Cell,L
153545,KCg-d,KCg-d_R,Kenyon_Cell,R
153573,KCab-m,KCab-m_R,Kenyon_Cell,R
153584,KCab-p,KCab-p_L,Kenyon_Cell,L
153593,KCab-c,KCab-c_R,Kenyon_Cell,R
153635,KCg-m,KCg-m_L,Kenyon_Cell,L
153672,KCa'b'-ap2,KCa'b'-ap2_R,Kenyon_Cell,R
153695,KCab-c,KCab-c_R,Kenyon_Cell,R
153703,KCab-c,KCab-c_L,Kenyon_Cell,L
153774,KCa'b'-m,KCa'b'-m_L,Kenyon_Cell,L
153817,KCg-m,KCg-m_L,Kenyon_Cell,L
154046,KCg-m,KCg-m_L,Kenyon_Cell,L
154400,KCa'b'-m,KCa'b'-m_L,Kenyon_Cell,L
154433,KCg-m,KCg-m_R,Kenyon_Cell,R
154465,KCg-m,KCg-m_L,Kenyon_Cell,L
154495,KCab-m,KCab-m_L,Kenyon_Cell,L
154509,KCab-c,KCab-c_L,Kenyon_Cell,L
154716,KCab-c,KCab-c_L,Kenyon_Cell,L
154739,KCg-m,KCg-m_L,Kenyon_Cell,L
154837,KCab-c,KCab-c_R,Kenyon_Cell,R
154959,KCab-c,KCab-c_L,Kenyon_Cell,L
155022,KCab-s,KCab-s_L,Kenyon_Cell,L
155118,KCab-c,KCab-c_R,Kenyon_Cell,R
155190,KCab-s,KCab-s_L,Kenyon_Cell,L
155211,KCa'b'-m,KCa'b'-m_L,Kenyon_Cell,L
155297,KCab-c,KCab-c_L,Kenyon_Cell,L
155312,KCg-m,KCg-m_L,Kenyon_Cell,L
155692,KCab-s,KCab-s_R,Kenyon_Cell,R
155708,KCab-c,KCab-c_R,Kenyon_Cell,R
155716,KCab-p,KCab-p_L,Kenyon_Cell,L
155793,KCa'b'-ap1,KCa'b'-ap1_R,Kenyon_Cell,R
155871,KCab-m,KCab-m_L,Kenyon_Cell,L
155937,KCab-s,KCab-s_L,Kenyon_Cell,L
155996,KCg-d,KCg-d_L,Kenyon_Cell,L
156345,KCab-c,KCab-c_R,Kenyon_Cell,R
156435,KCab-m,KCab-m_L,Kenyon_Cell,L
156450,KCg-m,KCg-m_L,Kenyon_Cell,L
156528,KCg-m,KCg-m_L,Kenyon_Cell,L
156554,KCab-s,KCab-s_L,Kenyon_Cell,L
156598,KCab-s,KCab-s_R,Kenyon_Cell,R
156664,KCg-m,KCg-m_L,Kenyon_Cell,L
156785,KCg-d,KCg-d_L,Kenyon_Cell,L
157037,KCab-m,KCab-m_R,Kenyon_Cell,R
157166,KCab-s,KCab-s_R,Kenyon_Cell,R
157213,KCab-s,KCab-s_L,Kenyon_Cell,L
157281,KCab-s,KCab-s_R,Kenyon_Cell,R
157325,KCg-d,KCg-d_R,Kenyon_Cell,R
157389,KCab-s,KCab-s_L,Kenyon_Cell,L
157588,KCab-s,KCab-s_R,Kenyon_Cell,R
157610,KCab-m,KCab-m_R,Kenyon_Cell,R
157675,KCab-c,KCab-c_L,Kenyon_Cell,L
157751,KCa'b'-ap2,KCa'b'-ap2_R,Kenyon_Cell,R
157864,KCg-m,KCg-m_R,Kenyon_Cell,R
158007,KCab-s,KCab-s_L,Kenyon_Cell,L
158126,KCab-s,KCab-s_L,Kenyon_Cell,L
158169,KCab-c,KCab-c_L,Kenyon_Cell,L
158246,KCab-c,KCab-c_R,Kenyon_Cell,R
158263,KCab-p,KCab-p_L,Kenyon_Cell,L
158276,KCab-c,KCab-c_R,Kenyon_Cell,R
158328,KCg-m,KCg-m_L,Kenyon_Cell,L
158344,KCab-m,KCab-m_R,Kenyon_Cell,R
158368,KCab-m,KCab-m_L,Kenyon_Cell,L
158447,KCg-d,KCg-d_L,Kenyon_Cell,L
158470,KCab-m,KCab-m_L,Kenyon_Cell,L
158500,KCab-c,KCab-c_L,Kenyon_Cell,L
158676,KCg-m,KCg-m_L,Kenyon_Cell,L
158857,KCab-c,KCab-c_R,Kenyon_Cell,R
158869,KCa'b'-ap2,KCa'b'-ap2_R,Kenyon_Cell,R
158876,KCab-m,KCab-m_L,Kenyon_Cell,L
159261,KCg-m,KCg-m_L,Kenyon_Cell,L
159286,KCab-m,KCab-m_L,Kenyon_Cell,L
159347,KCab-m,KCab-m_L,Kenyon_Cell,L
159383,KCab-m,KCab-m_L,Kenyon_Cell,L
159580,KCg-d,KCg-d_R,Kenyon_Cell,R
159654,KCab-m,KCab-m_L,Kenyon_Cell,L
159665,KCab-m,KCab-m_L,Kenyon_Cell,L
159667,KCab-c,KCab-c_L,Kenyon_Cell,L
159685,KCab-m,KCab-m_L,Kenyon_Cell,L
159692,KCab-c,KCab-c_R,Kenyon_Cell,R
159764,KCab-m,KCab-m_L,Kenyon_Cell,L
160320,MBON25-like,MBON25-like(y2)_L,MBON,L
160400,KCab-s,KCab-s_L,Kenyon_Cell,L
160407,KCab-s,KCab-s_L,Kenyon_Cell,L
160563,KCab-c,KCab-c_L,Kenyon_Cell,L
160568,KCab-c,KCab-c_L,Kenyon_Cell,L
160681,KCab-m,KCab-m_L,Kenyon_Cell,L
160745,KCab-c,KCab-c_L,Kenyon_Cell,L
160748,KCab-c,KCab-c_L,Kenyon_Cell,L
160750,KCab-m,KCab-m_L,Kenyon_Cell,L
160878,KCg-m,KCg-m_R,Kenyon_Cell,R
160885,KCab-s,KCab-s_R,Kenyon_Cell,R
160889,KCab-m,KCab-m_R,Kenyon_Cell,R
161026,KCa'b'-ap2,KCa'b'-ap2_R,Kenyon_Cell,R
161163,KCab-s,KCab-s_L,Kenyon_Cell,L
161200,KCab-c,KCab-c_L,Kenyon_Cell,L
161302,KCa'b'-m,KCa'b'-m_R,Kenyon_Cell,R
161418,KCab-c,KCab-c_L,Kenyon_Cell,L
161432,KCab-m,KCab-m_R,Kenyon_Cell,R
161517,KCab-c,KCab-c_R,Kenyon_Cell,R
161529,KCab-m,KCab-m_R,Kenyon_Cell,R
161552,KCab-s,KCab-s_R,Kenyon_Cell,R
161627,KCab-m,KCab-m_L,Kenyon_Cell,L
161648,KCab-c,KCab-c_R,Kenyon_Cell,R
161706,KCg-m,KCg-m_L,Kenyon_Cell,L
161786,KCab-m,KCab-m_R,Kenyon_Cell,R
161865,KCab-c,KCab-c_L,Kenyon_Cell,L
161970,KCab-c,KCab-c_L,Kenyon_Cell,L
162004,KCab-c,KCab-c_L,Kenyon_Cell,L
162048,KCab-s,KCab-s_L,Kenyon_Cell,L
162392,KCab-s,KCab-s_R,Kenyon_Cell,R
162399,KCab-s,KCab-s_L,Kenyon_Cell,L
162527,KCab-c,KCab-c_L,Kenyon_Cell,L
162607,KCab-m,KCab-m_L,Kenyon_Cell,L
162619,KCab-c,KCab-c_L,Kenyon_Cell,L
162655,KCab-m,KCab-m_L,Kenyon_Cell,L
162674,KCab-c,KCab-c_R,Kenyon_Cell,R
162822,KCab-c,KCab-c_L,Kenyon_Cell,L
162951,KCab-p,KCab-p_L,Kenyon_Cell,L
162966,KCab-c,KCab-c_L,Kenyon_Cell,L
163102,KCa'b'-ap1,KCa'b'-ap1_R,Kenyon_Cell,R
163235,KCab-c,KCab-c_L,Kenyon_Cell,L
163251,KCab-s,KCab-s_L,Kenyon_Cell,L
163371,KCab-c,KCab-c_L,Kenyon_Cell,L
163450,KCab-m,KCab-m_L,Kenyon_Cell,L
163490,KCab-c,KCab-c_L,Kenyon_Cell,L
163500,KCab-m,KCab-m_L,Kenyon_Cell,L
163516,KCg-m,KCg-m_R,Kenyon_Cell,R
163698,KCg-m,KCg-m_L,Kenyon_Cell,L
163735,KCg-m,KCg-m_L,Kenyon_Cell,L
163739,KCab-m,KCab-m_L,Kenyon_Cell,L
163808,KCab-s,KCab-s_L,Kenyon_Cell,L
163889,KCab-m,KCab-m_L,Kenyon_Cell,L
163971,KCg-m,KCg-m_R,Kenyon_Cell,R
163974,KCab-c,KCab-c_L,Kenyon_Cell,L
164099,KCab-m,KCab-m_L,Kenyon_Cell,L
164103,KCg-m,KCg-m_R,Kenyon_Cell,R
164216,KCab-c,KCab-c_R,Kenyon_Cell,R
164355,KCab-s,KCab-s_L,Kenyon_Cell,L
164412,KCab-m,KCab-m_L,Kenyon_Cell,L
164534,KCab-s,KCab-s_R,Kenyon_Cell,R
164590,KCab-c,KCab-c_L,Kenyon_Cell,L
164607,KCab-c,KCab-c_L,Kenyon_Cell,L
164966,KCab-m,KCab-m_L,Kenyon_Cell,L
165036,KCg-m,KCg-m_R,Kenyon_Cell,R
165105,KCab-s,KCab-s_L,Kenyon_Cell,L
165176,KCab-m,KCab-m_L,Kenyon_Cell,L
165180,KCab-c,KCab-c_R,Kenyon_Cell,R
165240,KCab-s,KCab-s_R,Kenyon_Cell,R
165260,KCab-m,KCab-m_L,Kenyon_Cell,L
165307,KCab-s,KCab-s_R,Kenyon_Cell,R
165355,KCab-m,KCab-m_L,Kenyon_Cell,L
165359,KCab-m,KCab-m_L,Kenyon_Cell,L
165459,KCab-c,KCab-c_L,Kenyon_Cell,L
165660,KCab-m,KCab-m_L,Kenyon_Cell,L
166005,KCab-m,KCab-m_R,Kenyon_Cell,R
166049,KCab-m,KCab-m_L,Kenyon_Cell,L
166057,KCab-s,KCab-s_R,Kenyon_Cell,R
166075,KCab-c,KCab-c_L,Kenyon_Cell,L
166081,KCab-p,KCab-p_L,Kenyon_Cell,L
166119,KCab-s,KCab-s_L,Kenyon_Cell,L
166153,KCab-s,KCab-s_L,Kenyon_Cell,L
166283,KCab-m,KCab-m_L,Kenyon_Cell,L
166289,KCab-m,KCab-m_L,Kenyon_Cell,L
166321,KCab-c,KCab-c_L,Kenyon_Cell,L
166385,KCab-s,KCab-s_L,Kenyon_Cell,L
166386,KCg-m,KCg-m_L,Kenyon_Cell,L
166533,KCab-c,KCab-c_L,Kenyon_Cell,L
166544,KCab-c,KCab-c_L,Kenyon_Cell,L
166581,KCab-s,KCab-s_R,Kenyon_Cell,R
166617,KCab-s,KCab-s_L,Kenyon_Cell,L
166687,KCg-m,KCg-m_L,Kenyon_Cell,L
166699,KCab-m,KCab-m_L,Kenyon_Cell,L
166749,KCab-m,KCab-m_L,Kenyon_Cell,L
166876,KCab-m,KCab-m_L,Kenyon_Cell,L
166885,KCab-c,KCab-c_L,Kenyon_Cell,L
166914,KCab-m,KCab-m_R,Kenyon_Cell,R
166918,KCab-c,KCab-c_L,Kenyon_Cell,L
166957,KCab-m,KCab-m_L,Kenyon_Cell,L
167039,KCab-c,KCab-c_L,Kenyon_Cell,L
167187,KCab-m,KCab-m_L,Kenyon_Cell,L
167201,KCab-m,KCab-m_L,Kenyon_Cell,L
167235,KCab-m,KCab-m_L,Kenyon_Cell,L
167289,KCab-c,KCab-c_L,Kenyon_Cell,L
167297,KCab-c,KCab-c_L,Kenyon_Cell,L
167305,KCab-m,KCab-m_L,Kenyon_Cell,L
167406,KCab-s,KCab-s_L,Kenyon_Cell,L
167413,KCab-c,KCab-c_L,Kenyon_Cell,L
167474,KCg-m,KCg-m_L,Kenyon_Cell,L
167484,KCab-s,KCab-s_L,Kenyon_Cell,L
167708,KCab-s,KCab-s_R,Kenyon_Cell,R
167780,KCab-s,KCab-s_R,Kenyon_Cell,R
167793,KCab-c,KCab-c_R,Kenyon_Cell,R
168006,KCab-c,KCab-c_L,Kenyon_Cell,L
168059,KCab-c,KCab-c_L,Kenyon_Cell,L
168123,KCab-c,KCab-c_L,Kenyon_Cell,L
168234,KCab-m,KCab-m_L,Kenyon_Cell,L
168306,KCg-m,KCg-m_R,Kenyon_Cell,R
168315,KCab-m,KCab-m_L,Kenyon_Cell,L
168405,KCab-c,KCab-c_R,Kenyon_Cell,R
168433,KCab-s,KCab-s_R,Kenyon_Cell,R
168459,KCab-m,KCab-m_L,Kenyon_Cell,L
168522,KCa'b'-m,KCa'b'-m_L,Kenyon_Cell,L
168564,KCab-c,KCab-c_L,Kenyon_Cell,L
168771,KCab-s,KCab-s_L,Kenyon_Cell,L
168795,KCab-c,KCab-c_L,Kenyon_Cell,L
168916,KCab-m,KCab-m_L,Kenyon_Cell,L
169034,KCab-s,KCab-s_L,Kenyon_Cell,L
169141,KCab-m,KCab-m_R,Kenyon_Cell,R
169369,KCab-c,KCab-c_L,Kenyon_Cell,L
169403,KCab-c,KCab-c_L,Kenyon_Cell,L
169420,KCab-m,KCab-m_L,Kenyon_Cell,L
169484,KCab-m,KCab-m_L,Kenyon_Cell,L
169639,KCab-c,KCab-c_L,Kenyon_Cell,L
169734,KCab-c,KCab-c_L,Kenyon_Cell,L
169933,KCab-c,KCab-c_L,Kenyon_Cell,L
170005,KCab-s,KCab-s_L,Kenyon_Cell,L
170040,KCab-s,KCab-s_R,Kenyon_Cell,R
170179,KCab-p,KCab-p_L,Kenyon_Cell,L
170237,KCab-c,KCab-c_L,Kenyon_Cell,L
170293,KCab-p,KCab-p_L,Kenyon_Cell,L
170365,KCab-c,KCab-c_L,Kenyon_Cell,L
170366,KCab-c,KCab-c_L,Kenyon_Cell,L
170466,KCab-m,KCab-m_R,Kenyon_Cell,R
170474,KCab-m,KCab-m_L,Kenyon_Cell,L
170719,KCa'b'-ap2,KCa'b'-ap2_R,Kenyon_Cell,R
170870,KCab-c,KCab-c_R,Kenyon_Cell,R
170919,KCab-s,KCab-s_L,Kenyon_Cell,L
171000,KCab-c,KCab-c_L,Kenyon_Cell,L
171048,KCab-p,KCab-p_R,Kenyon_Cell,R
171163,KCg-m,KCg-m_R,Kenyon_Cell,R
171283,KCg-m,KCg-m_L,Kenyon_Cell,L
171292,KCab-c,KCab-c_L,Kenyon_Cell,L
171306,KCab-s,KCab-s_R,Kenyon_Cell,R
171340,KCab-m,KCab-m_L,Kenyon_Cell,L
171464,KCab-c,KCab-c_L,Kenyon_Cell,L
171985,KCg-m,KCg-m_L,Kenyon_Cell,L
172017,KCab-c,KCab-c_L,Kenyon_Cell,L
172084,KCg-m,KCg-m_R,Kenyon_Cell,R
172186,KCab-m,KCab-m_R,Kenyon_Cell,R
172224,KCab-c,KCab-c_L,Kenyon_Cell,L
172273,KCab-c,KCab-c_L,Kenyon_Cell,L
172288,KCab-m,KCab-m_L,Kenyon_Cell,L
172298,KCg-m,KCg-m_L,Kenyon_Cell,L
172324,KCab-c,KCab-c_L,Kenyon_Cell,L
172355,KCab-c,KCab-c_L,Kenyon_Cell,L
172379,KCab-m,KCab-m_L,Kenyon_Cell,L
172492,KCg-m,KCg-m_L,Kenyon_Cell,L
172635,KCab-m,KCab-m_R,Kenyon_Cell,R
172748,KCab-c,KCab-c_L,Kenyon_Cell,L
172801,KCab-c,KCab-c_L,Kenyon_Cell,L
173081,KCab-c,KCab-c_L,Kenyon_Cell,L
173082,KCab-c,KCab-c_L,Kenyon_Cell,L
173137,KCab-c,KCab-c_L,Kenyon_Cell,L
173157,KCab-m,KCab-m_R,Kenyon_Cell,R
173188,KCab-s,KCab-s_R,Kenyon_Cell,R
173322,KCg-m,KCg-m_R,Kenyon_Cell,R
173332,KCab-c,KCab-c_L,Kenyon_Cell,L
173472,KCab-c,KCab-c_L,Kenyon_Cell,L
173570,KCab-c,KCab-c_L,Kenyon_Cell,L
173573,KCab-c,KCab-c_R,Kenyon_Cell,R
173781,KCab-m,KCab-m_L,Kenyon_Cell,L
173807,KCab-s,KCab-s_R,Kenyon_Cell,R
173882,KCab-s,KCab-s_R,Kenyon_Cell,R
173951,KCab-s,KCab-s_L,Kenyon_Cell,L
173970,KCab-c,KCab-c_L,Kenyon_Cell,L
174029,KCab-m,KCab-m_L,Kenyon_Cell,L
174047,KCab-s,KCab-s_L,Kenyon_Cell,L
174060,KCab-c,KCab-c_R,Kenyon_Cell,R
174127,KCa'b'-m,KCa'b'-m_L,Kenyon_Cell,L
174181,KCab-s,KCab-s_L,Kenyon_Cell,L
174185,KCab-m,KCab-m_L,Kenyon_Cell,L
174194,KCab-c,KCab-c_L,Kenyon_Cell,L
174546,KCab-p,KCab-p_L,Kenyon_Cell,L
174587,KCab-m,KCab-m_R,Kenyon_Cell,R
174608,KCab-c,KCab-c_L,Kenyon_Cell,L
174813,KCab-c,KCab-c_L,Kenyon_Cell,L
175168,KCab-s,KCab-s_L,Kenyon_Cell,L
175308,KCab-c,KCab-c_L,Kenyon_Cell,L
175328,KCab-c,KCab-c_L,Kenyon_Cell,L
175490,KCab-c,KCab-c_L,Kenyon_Cell,L
175745,KCab-m,KCab-m_L,Kenyon_Cell,L
175766,KCab-c,KCab-c_R,Kenyon_Cell,R
175767,KCg-m,KCg-m_L,Kenyon_Cell,L
175807,KCab-s,KCab-s_L,Kenyon_Cell,L
175918,KCg-m,KCg-m_L,Kenyon_Cell,L
175976,KCab-c,KCab-c_R,Kenyon_Cell,R
176147,KCab-m,KCab-m_L,Kenyon_Cell,L
176169,KCab-c,KCab-c_L,Kenyon_Cell,L
176320,KCab-c,KCab-c_R,Kenyon_Cell,R
176508,KCab-m,KCab-m_L,Kenyon_Cell,L
176770,KCg-m,KCg-m_R,Kenyon_Cell,R
176984,KCab-m,KCab-m_L,Kenyon_Cell,L
177010,KCab-m,KCab-m_L,Kenyon_Cell,L
177085,KCab-m,KCab-m_L,Kenyon_Cell,L
177383,KCab-c,KCab-c_R,Kenyon_Cell,R
177799,KCab-c,KCab-c_L,Kenyon_Cell,L
177835,KCab-m,KCab-m_L,Kenyon_Cell,L
178189,KCab-m,KCab-m_L,Kenyon_Cell,L
178307,KCab-c,KCab-c_R,Kenyon_Cell,R
178377,KCab-c,KCab-c_L,Kenyon_Cell,L
178476,KCab-s,KCab-s_R,Kenyon_Cell,R
178768,KCab-c,KCab-c_L,Kenyon_Cell,L
178810,KCab-m,KCab-m_R,Kenyon_Cell,R
178917,KCab-m,KCab-m_L,Kenyon_Cell,L
179084,KCab-s,KCab-s_L,Kenyon_Cell,L
179219,KCab-s,KCab-s_R,Kenyon_Cell,R
179398,KCg-m,KCg-m_L,Kenyon_Cell,L
179489,KCab-c,KCab-c_R,Kenyon_Cell,R
179529,KCab-m,KCab-m_L,Kenyon_Cell,L
179669,KCab-m,KCab-m_L,Kenyon_Cell,L
179774,KCab-c,KCab-c_L,Kenyon_Cell,L
179899,KCab-c,KCab-c_L,Kenyon_Cell,L
180332,KCa'b'-m,KCa'b'-m_R,Kenyon_Cell,R
180422,KCab-c,KCab-c_R,Kenyon_Cell,R
180494,KCg-m,KCg-m_L,Kenyon_Cell,L
180588,KCg-m,KCg-m_R,Kenyon_Cell,R
180728,KCa'b'-ap2,KCa'b'-ap2_R,Kenyon_Cell,R
180757,KCg-m,KCg-m_L,Kenyon_Cell,L
180812,KCg-m,KCg-m_R,Kenyon_Cell,R
180859,KCab-s,KCab-s_L,Kenyon_Cell,L
180876,KCab-s,KCab-s_L,Kenyon_Cell,L
180905,KCg-m,KCg-m_R,Kenyon_Cell,R
180920,KCab-s,KCab-s_R,Kenyon_Cell,R
180939,KCab-s,KCab-s_R,Kenyon_Cell,R
181180,KCab-c,KCab-c_R,Kenyon_Cell,R
181464,KCab-m,KCab-m_R,Kenyon_Cell,R
181516,KCab-c,KCab-c_L,Kenyon_Cell,L
181795,KCab-c,KCab-c_L,Kenyon_Cell,L
181884,KCab-m,KCab-m_L,Kenyon_Cell,L
182596,KCab-s,KCab-s_R,Kenyon_Cell,R
182674,KCab-c,KCab-c_L,Kenyon_Cell,L
182702,KCa'b'-ap1,KCa'b'-ap1_R,Kenyon_Cell,R
182780,KCab-c,KCab-c_L,Kenyon_Cell,L
182857,KCab-c,KCab-c_L,Kenyon_Cell,L
183527,KCab-c,KCab-c_L,Kenyon_Cell,L
183652,KCab-c,KCab-c_L,Kenyon_Cell,L
183659,KCab-s,KCab-s_L,Kenyon_Cell,L
183749,KCab-c,KCab-c_L,Kenyon_Cell,L
184536,KCab-p,KCab-p_R,Kenyon_Cell,R
184619,KCg-m,KCg-m_L,Kenyon_Cell,L
185076,KCab-c,KCab-c_L,Kenyon_Cell,L
185154,KCab-s,KCab-s_L,Kenyon_Cell,L
185386,KCg-m,KCg-m_L,Kenyon_Cell,L
185506,KCab-c,KCab-c_L,Kenyon_Cell,L
185639,KCg-m,KCg-m_L,Kenyon_Cell,L
185655,KCab-s,KCab-s_L,Kenyon_Cell,L
185892,KCab-m,KCab-m_L,Kenyon_Cell,L
186043,KCab-m,KCab-m_R,Kenyon_Cell,R
186170,KCab-m,KCab-m_L,Kenyon_Cell,L
186305,KCa'b'-ap2,KCa'b'-ap2_R,Kenyon_Cell,R
186613,KCab-c,KCab-c_R,Kenyon_Cell,R
186833,KCab-m,KCab-m_R,Kenyon_Cell,R
186977,KCa'b'-m,KCa'b'-m_R,Kenyon_Cell,R
187266,KCab-s,KCab-s_R,Kenyon_Cell,R
187741,MBON15-like,MBON15-like(a'1a'2)_R,MBON,R
187909,KCab-c,KCab-c_L,Kenyon_Cell,L
188103,KCab-c,KCab-c_L,Kenyon_Cell,L
188114,KCab-m,KCab-m_L,Kenyon_Cell,L
188198,KCg-m,KCg-m_L,Kenyon_Cell,L
188253,KCab-s,KCab-s_R,Kenyon_Cell,R
188606,KCab-c,KCab-c_R,Kenyon_Cell,R
189047,KCg-m,KCg-m_R,Kenyon_Cell,R
189068,KCab-m,KCab-m_R,Kenyon_Cell,R
189744,KCab-s,KCab-s_R,Kenyon_Cell,R
189868,KCab-c,KCab-c_L,Kenyon_Cell,L
190056,KCab-p,KCab-p_L,Kenyon_Cell,L
190256,KCab-c,KCab-c_L,Kenyon_Cell,L
190302,KCab-s,KCab-s_R,Kenyon_Cell,R
190305,KCab-c,KCab-c_L,Kenyon_Cell,L
191629,KCg-m,KCg-m_L,Kenyon_Cell,L
191728,KCab-m,KCab-m_L,Kenyon_Cell,L
191843,KCab-c,KCab-c_L,Kenyon_Cell,L
191928,KCab-s,KCab-s_R,Kenyon_Cell,R
191936,KCab-c,KCab-c_R,Kenyon_Cell,R
192097,KCab-s,KCab-s_L,Kenyon_Cell,L
192146,KCab-m,KCab-m_L,Kenyon_Cell,L
192421,KCab-p,KCab-p_R,Kenyon_Cell,R
192762,KCab-s,KCab-s_R,Kenyon_Cell,R
193578,KCab-s,KCab-s_L,Kenyon_Cell,L
193963,KCab-m,KCab-m_L,Kenyon_Cell,L
194148,KCab-c,KCab-c_L,Kenyon_Cell,L
194483,KCg-m,KCg-m_R,Kenyon_Cell,R
194600,KCab-s,KCab-s_L,Kenyon_Cell,L
194678,KCa'b'-m,KCa'b'-m_R,Kenyon_Cell,R
194889,KCab-c,KCab-c_L,Kenyon_Cell,L
194990,KCa'b'-m,KCa'b'-m_L,Kenyon_Cell,L
195206,KCab-m,KCab-m_R,Kenyon_Cell,R
195279,KCg-m,KCg-m_R,Kenyon_Cell,R
195297,KCa'b'-m,KCa'b'-m_R,Kenyon_Cell,R
195397,KCab-m,KCab-m_L,Kenyon_Cell,L
196049,KCab-c,KCab-c_L,Kenyon_Cell,L
196065,KCab-s,KCab-s_L,Kenyon_Cell,L
196228,KCab-c,KCab-c_L,Kenyon_Cell,L
196369,KCab-s,KCab-s_R,Kenyon_Cell,R
197319,KCab-m,KCab-m_R,Kenyon_Cell,R
197363,KCab-p,KCab-p_R,Kenyon_Cell,R
197895,KCg-m,KCg-m_L,Kenyon_Cell,L
198145,KCab-m,KCab-m_L,Kenyon_Cell,L
198408,KCab-c,KCab-c_L,Kenyon_Cell,L
198431,KCab-s,KCab-s_R,Kenyon_Cell,R
199291,KCab-c,KCab-c_L,Kenyon_Cell,L
200482,KCg-m,KCg-m_R,Kenyon_Cell,R
200566,KCab-s,KCab-s_L,Kenyon_Cell,L
200684,KCab-s,KCab-s_R,Kenyon_Cell,R
200908,KCa'b'-ap2,KCa'b'-ap2_R,Kenyon_Cell,R
201756,KCab-s,KCab-s_L,Kenyon_Cell,L
202242,KCg-m,KCg-m_L,Kenyon_Cell,L
202642,KCab-c,KCab-c_L,Kenyon_Cell,L
203037,KCab-c,KCab-c_L,Kenyon_Cell,L
203543,KCa'b'-m,KCa'b'-m_R,Kenyon_Cell,R
205250,KCab-m,KCab-m_L,Kenyon_Cell,L
205480,KCab-c,KCab-c_L,Kenyon_Cell,L
205561,KCab-c,KCab-c_L,Kenyon_Cell,L
205908,KCg-m,KCg-m_R,Kenyon_Cell,R
206188,KCab-s,KCab-s_L,Kenyon_Cell,L
206455,KCab-c,KCab-c_L,Kenyon_Cell,L
206739,KCg-s4,KCg-s4_L,Kenyon_Cell,L
207353,KCab-m,KCab-m_L,Kenyon_Cell,L
208043,KCab-c,KCab-c_L,Kenyon_Cell,L
208566,MBON34,MBON34(y2)_L,MBON,L
209674,KCab-c,KCab-c_L,Kenyon_Cell,L
209949,KCab-c,KCab-c_R,Kenyon_Cell,R
210440,KCab-s,KCab-s_R,Kenyon_Cell,R
210806,KCab-m,KCab-m_L,Kenyon_Cell,L
211087,KCab-c,KCab-c_L,Kenyon_Cell,L
211474,KCab-m,KCab-m_R,Kenyon_Cell,R
212154,KCg-m,KCg-m_R,Kenyon_Cell,R
212767,KCg-m,KCg-m_R,Kenyon_Cell,R
213934,KCab-m,KCab-m_R,Kenyon_Cell,R
213996,KCab-p,KCab-p_R,Kenyon_Cell,R
214044,KCab-m,KCab-m_R,Kenyon_Cell,R
214511,KCab-c,KCab-c_L,Kenyon_Cell,L
216580,KCg-d,KCg-d_L,Kenyon_Cell,L
218356,KCab-m,KCab-m_R,Kenyon_Cell,R
218942,KCg-m,KCg-m_R,Kenyon_Cell,R
221876,KCg-m,KCg-m_R,Kenyon_Cell,R
222128,KCab-c,KCab-c_L,Kenyon_Cell,L
222130,KCab-s,KCab-s_R,Kenyon_Cell,R
223880,KCab-m,KCab-m_R,Kenyon_Cell,R
224662,KCab-c,KCab-c_L,Kenyon_Cell,L
226379,KCab-s,KCab-s_R,Kenyon_Cell,R
228917,KCab-p,KCab-p_R,Kenyon_Cell,R
236035,KCg-m,KCg-m_L,Kenyon_Cell,L
237109,KCab-s,KCab-s_R,Kenyon_Cell,R
237248,KCab-m,KCab-m_L,Kenyon_Cell,L
241948,KCab-s,KCab-s_L,Kenyon_Cell,L
242401,KCab-s,KCab-s_R,Kenyon_Cell,R
243735,KCg-m,KCg-m_R,Kenyon_Cell,R
245271,KCab-s,KCab-s_R,Kenyon_Cell,R
245416,KCab-c,KCab-c_L,Kenyon_Cell,L
247098,KCa'b'-m,KCa'b'-m_R,Kenyon_Cell,R
248072,KCab-c,KCab-c_L,Kenyon_Cell,L
248678,KCab-s,KCab-s_R,Kenyon_Cell,R
252837,KCab-c,KCab-c_L,Kenyon_Cell,L
257083,KCab-m,KCab-m_L,Kenyon_Cell,L
261849,KCab-m,KCab-m_R,Kenyon_Cell,R
262117,KCab-m,KCab-m_R,Kenyon_Cell,R
263358,KCab-m,KCab-m_R,Kenyon_Cell,R
263886,KCab-s,KCab-s_R,Kenyon_Cell,R
264746,KCab-m,KCab-m_R,Kenyon_Cell,R
265747,KCab-c,KCab-c_L,Kenyon_Cell,L
266449,KCab-s,KCab-s_R,Kenyon_Cell,R
268292,KCab-m,KCab-m_R,Kenyon_Cell,R
268907,KCab-c,KCab-c_L,Kenyon_Cell,L
272106,KCab-m,KCab-m_R,Kenyon_Cell,R
286505,KCab-c,KCab-c_L,Kenyon_Cell,L
287798,KCab-s,KCab-s_R,Kenyon_Cell,R
294758,KCab-c,KCab-c_R,Kenyon_Cell,R
303093,KCab-s,KCab-s_R,Kenyon_Cell,R
365046,KCab-s,KCab-s_R,Kenyon_Cell,R
374700,KCab-p,KCab-p_R,Kenyon_Cell,R
375168,KCab-c,KCab-c_R,Kenyon_Cell,R
394860,MBON25,MBON25(y1y2)_R,MBON,R
500003,KCab-s,KCab-s_R,Kenyon_Cell,R
500140,KCab-s,KCab-s_R,Kenyon_Cell,R
500143,KCab-s,KCab-s_R,Kenyon_Cell,R
500161,KCab-s,KCab-s_R,Kenyon_Cell,R
508595,MBON35,MBON35(y2)_R,MBON,R
512788,MBON18,MBON18(a2sc)_L,MBON,L
512789,MBON23,MBON23(a2sp)_L,MBON,L
513174,MBON30,MBON30(y1y2y3)_L,MBON,L
513175,KCg-m,KCg-m_L,Kenyon_Cell,L
513387,MBON17-like,MBON17-like(a'2a'3)_L,MBON,L
513391,MBON17-like,MBON17-like(a'2a'3)_R,MBON,R
514004,KCg-m,KCg-m_L,Kenyon_Cell,L
514066,KCa'b'-ap2,KCa'b'-ap2_R,Kenyon_Cell,R
514853,MBON13,MBON13(a'2)_R,MBON,R
515015,MBON30,MBON30(y1y2y3)_R,MBON,R
515034,MBON27,MBON27(y5d)_R,MBON,R
515338,MBON07,MBON07(a1)_R,MBON,R
518333,KCa'b'-ap1,KCa'b'-ap1_R,Kenyon_Cell,R
518554,KCab-s,KCab-s_R,Kenyon_Cell,R
518555,KCg-m,KCg-m_R,Kenyon_Cell,R
518959,KCab-s,KCab-s_R,Kenyon_Cell,R
519128,MBON27,MBON27(y5d)_L,MBON,L
519131,MBON32,MBON32(y2)_R,MBON,R
519368,MBON12,MBON12(y2a'1)_R,MBON,R
519371,MBON05,MBON05(y4>y1y2)_L,MBON,L
519373,MBON03,MBON03(B'2mp)_L,MBON,L
519619,MBON29,MBON29(y4y5)_L,MBON,L
519854,KCg-m,KCg-m_R,Kenyon_Cell,R
519857,KCg-m,KCg-m_R,Kenyon_Cell,R
520151,MBON01,MBON01(y5B'2a)_L,MBON,L
520183,KCab-s,KCab-s_R,Kenyon_Cell,R
520185,KCa'b'-ap2,KCa'b'-ap2_L,Kenyon_Cell,L
520186,MBON16,MBON16(a'3ap)_L,MBON,L
520204,KCg-d,KCg-d_R,Kenyon_Cell,R
520206,KCg-d,KCg-d_R,Kenyon_Cell,R
520395,MBON15,MBON15(a'1)_L,MBON,L
520823,KCab-s,KCab-s_R,Kenyon_Cell,R
521086,MBON12,MBON12(y2a'1)_R,MBON,R
521384,KCg-m,KCg-m_R,Kenyon_Cell,R
521526,MBON03,MBON03(B'2mp)_R,MBON,R
521781,KCab-s,KCab-s_R,Kenyon_Cell,R
522444,MBON02,MBON02(B2B'2a)_R,MBON,R
522749,MBON02,MBON02(B2B'2a)_L,MBON,L
522981,KCg-m,KCg-m_L,Kenyon_Cell,L
523043,MBON33,MBON33(y2y3)_R,MBON,R
523057,KCg-m,KCg-m_R,Kenyon_Cell,R
523060,MBON09,MBON09(y3B'1)_R,MBON,R
523358,KCg-m,KCg-m_R,Kenyon_Cell,R
523628,MBON21,MBON21(y4y5)_R,MBON,R
523630,KCg-m,KCg-m_R,Kenyon_Cell,R
523987,MBON29,MBON29(y4y5)_R,MBON,R
524455,KCg-d,KCg-d_L,Kenyon_Cell,L
524733,MBON10,MBON10(B'1)_L,MBON,L
524809,KCg-m,KCg-m_R,Kenyon_Cell,R
524851,KCg-m,KCg-m_R,Kenyon_Cell,R
524893,MBON26,MBON26(b'2d)_L,MBON,L
525305,KCg-m,KCg-m_R,Kenyon_Cell,R
525662,KCa'b'-m,KCa'b'-m_R,Kenyon_Cell,R
525780,MBON04,MBON04(B'2mp_bilateral)_R,MBON,R
526670,KCg-m,KCg-m_R,Kenyon_Cell,R
526720,KCa'b'-ap2,KCa'b'-ap2_R,Kenyon_Cell,R
526724,KCa'b'-ap1,KCa'b'-ap1_R,Kenyon_Cell,R
526900,KCg-d,KCg-d_R,Kenyon_Cell,R
527209,KCg-m,KCg-m_R,Kenyon_Cell,R
527211,KCg-m,KCg-m_R,Kenyon_Cell,R
529039,KCab-c,KCab-c_R,Kenyon_Cell,R
529041,KCab-s,KCab-s_R,Kenyon_Cell,R
529371,KCg-m,KCg-m_L,Kenyon_Cell,L
529490,KCa'b'-ap1,KCa'b'-ap1_L,Kenyon_Cell,L
530565,KCa'b'-ap2,KCa'b'-ap2_L,Kenyon_Cell,L
530875,MBON04,MBON04(B'2mp_bilateral)_L,MBON,L
531096,KCab-p,KCab-p_L,Kenyon_Cell,L
531346,KCg-m,KCg-m_L,Kenyon_Cell,L
531428,KCg-d,KCg-d_R,Kenyon_Cell,R
531829,MBON10,MBON10(B'1)_L,MBON,L
532284,KCg-m,KCg-m_L,Kenyon_Cell,L
532287,KCab-s,KCab-s_R,Kenyon_Cell,R
532290,KCab-s,KCab-s_R,Kenyon_Cell,R
532544,KCg-m,KCg-m_R,Kenyon_Cell,R
533081,KCab-s,KCab-s_R,Kenyon_Cell,R
533201,KCg-m,KCg-m_R,Kenyon_Cell,R
533211,KCab-p,KCab-p_R,Kenyon_Cell,R
533220,KCg-d,KCg-d_R,Kenyon_Cell,R
533345,KCg-d,KCg-d_R,Kenyon_Cell,R
533346,KCg-m,KCg-m_R,Kenyon_Cell,R
533371,KCg-m,KCg-m_R,Kenyon_Cell,R
533585,KCg-m,KCg-m_R,Kenyon_Cell,R
534136,KCa'b'-ap1,KCa'b'-ap1_L,Kenyon_Cell,L
534428,KCg-m,KCg-m_R,Kenyon_Cell,R
534582,KCg-m,KCg-m_L,Kenyon_Cell,L
534786,KCg-d,KCg-d_R,Kenyon_Cell,R
534983,KCab-s,KCab-s_R,Kenyon_Cell,R
535357,KCg-m,KCg-m_R,Kenyon_Cell,R
535720,KCg-d,KCg-d_R,Kenyon_Cell,R
535795,KCg-d,KCg-d_L,Kenyon_Cell,L
535798,KCa'b'-ap1,KCa'b'-ap1_L,Kenyon_Cell,L
536046,KCg-m,KCg-m_L,Kenyon_Cell,L
536289,KCab-s,KCab-s_R,Kenyon_Cell,R
536292,KCg-m,KCg-m_R,Kenyon_Cell,R
536363,KCg-d,KCg-d_R,Kenyon_Cell,R
537061,KCab-s,KCab-s_R,Kenyon_Cell,R
537082,KCg-m,KCg-m_R,Kenyon_Cell,R
537090,KCg-d,KCg-d_L,Kenyon_Cell,L
537099,KCg-m,KCg-m_L,Kenyon_Cell,L
537458,KCg-m,KCg-m_L,Kenyon_Cell,L
537652,KCg-m,KCg-m_R,Kenyon_Cell,R
537759,KCg-m,KCg-m_R,Kenyon_Cell,R
538096,KCg-m,KCg-m_L,Kenyon_Cell,L
539245,KCg-m,KCg-m_L,Kenyon_Cell,L
539249,KCg-m,KCg-m_R,Kenyon_Cell,R
539367,KCa'b'-m,KCa'b'-m_R,Kenyon_Cell,R
539381,KCab-s,KCab-s_R,Kenyon_Cell,R
539583,KCa'b'-ap1,KCa'b'-ap1_L,Kenyon_Cell,L
539948,KCg-m,KCg-m_L,Kenyon_Cell,L
540383,MBON10,MBON10(B'1)_R,MBON,R
540535,KCg-m,KCg-m_L,Kenyon_Cell,L
541683,KCg-m,KCg-m_R,Kenyon_Cell,R
541716,KCg-m,KCg-m_R,Kenyon_Cell,R
541882,KCa'b'-ap1,KCa'b'-ap1_R,Kenyon_Cell,R
542101,KCa'b'-ap2,KCa'b'-ap2_R,Kenyon_Cell,R
542106,KCa'b'-m,KCa'b'-m_R,Kenyon_Cell,R
542818,KCg-d,KCg-d_L,Kenyon_Cell,L
543037,KCg-m,KCg-m_L,Kenyon_Cell,L
543571,KCg-m,KCg-m_L,Kenyon_Cell,L
543605,KCg-m,KCg-m_R,Kenyon_Cell,R
543682,KCg-m,KCg-m_R,Kenyon_Cell,R
543948,KCg-m,KCg-m_R,Kenyon_Cell,R
544476,KCab-s,KCab-s_R,Kenyon_Cell,R
544634,KCg-m,KCg-m_L,Kenyon_Cell,L
544736,KCg-m,KCg-m_R,Kenyon_Cell,R
544813,KCab-m,KCab-m_L,Kenyon_Cell,L
545066,KCab-m,KCab-m_R,Kenyon_Cell,R
545415,KCab-s,KCab-s_L,Kenyon_Cell,L
545597,KCa'b'-ap2,KCa'b'-ap2_R,Kenyon_Cell,R
545674,KCg-m,KCg-m_L,Kenyon_Cell,L
545809,KCab-s,KCab-s_R,Kenyon_Cell,R
546275,KCab-p,KCab-p_L,Kenyon_Cell,L
546905,KCab-p,KCab-p_R,Kenyon_Cell,R
546981,KCg-m,KCg-m_L,Kenyon_Cell,L
547275,KCg-m,KCg-m_R,Kenyon_Cell,R
547276,KCg-m,KCg-m_R,Kenyon_Cell,R
547293,KCa'b'-m,KCa'b'-m_R,Kenyon_Cell,R
547586,KCab-c,KCab-c_R,Kenyon_Cell,R
548340,KCab-m,KCab-m_L,Kenyon_Cell,L
548435,KCa'b'-m,KCa'b'-m_L,Kenyon_Cell,L
548595,KCg-m,KCg-m_L,Kenyon_Cell,L
548654,KCa'b'-ap2,KCa'b'-ap2_R,Kenyon_Cell,R
549323,KCab-m,KCab-m_L,Kenyon_Cell,L
549344,KCa'b'-ap2,KCa'b'-ap2_R,Kenyon_Cell,R
550362,KCab-s,KCab-s_R,Kenyon_Cell,R
550365,KCab-m,KCab-m_L,Kenyon_Cell,L
550378,KCab-s,KCab-s_L,Kenyon_Cell,L
550403,KCab-s,KCab-s_R,Kenyon_Cell,R
550530,KCab-m,KCab-m_L,Kenyon_Cell,L
550557,KCab-c,KCab-c_L,Kenyon_Cell,L
550598,KCab-s,KCab-s_R,Kenyon_Cell,R
550671,KCab-c,KCab-c_L,Kenyon_Cell,L
550753,KCab-m,KCab-m_R,Kenyon_Cell,R
550775,KCab-m,KCab-m_R,Kenyon_Cell,R
550868,KCg-m,KCg-m_R,Kenyon_Cell,R
550950,KCab-s,KCab-s_R,Kenyon_Cell,R
551264,KCab-s,KCab-s_L,Kenyon_Cell,L
551434,KCa'b'-m,KCa'b'-m_R,Kenyon_Cell,R
551436,KCa'b'-ap2,KCa'b'-ap2_R,Kenyon_Cell,R
551561,KCab-s,KCab-s_R,Kenyon_Cell,R
551700,KCab-s,KCab-s_L,Kenyon_Cell,L
552080,KCa'b'-ap2,KCa'b'-ap2_R,Kenyon_Cell,R
552118,KCg-m,KCg-m_L,Kenyon_Cell,L
552335,KCab-c,KCab-c_L,Kenyon_Cell,L
552553,KCab-p,KCab-p_R,Kenyon_Cell,R
552693,KCg-m,KCg-m_R,Kenyon_Cell,R
552867,KCg-m,KCg-m_R,Kenyon_Cell,R
553058,KCab-c,KCab-c_L,Kenyon_Cell,L
553483,KCg-d,KCg-d_L,Kenyon_Cell,L
553756,KCa'b'-ap1,KCa'b'-ap1_R,Kenyon_Cell,R
556005,KCg-d,KCg-d_L,Kenyon_Cell,L
556300,MBON25-like,MBON25-like(y1y2)_R,MBON,R
558665,MBON10,MBON10(B'1)_R,MBON,R
561474,KCa'b'-ap1,KCa'b'-ap1_L,Kenyon_Cell,L
562782,MBON16,MBON16(a'3ap)_R,MBON,R
562916,KCa'b'-ap1,KCa'b'-ap1_R,Kenyon_Cell,R
564952,KCa'b'-m,KCa'b'-m_R,Kenyon_Cell,R
566092,KCg-m,KCg-m_R,Kenyon_Cell,R
566095,KCg-m,KCg-m_R,Kenyon_Cell,R
566096,KCg-m,KCg-m_R,Kenyon_Cell,R
567586,KCa'b'-m,KCa'b'-m_R,Kenyon_Cell,R
567978,KCg-m,KCg-m_L,Kenyon_Cell,L
568673,KCab-m,KCab-m_L,Kenyon_Cell,L
569213,KCg-m,KCg-m_R,Kenyon_Cell,R
569417,KCab-s,KCab-s_R,Kenyon_Cell,R
569775,KCg-m,KCg-m_R,Kenyon_Cell,R
570453,KCa'b'-ap2,KCa'b'-ap2_L,Kenyon_Cell,L
570526,KCg-m,KCg-m_L,Kenyon_Cell,L
570566,KCab-m,KCab-m_L,Kenyon_Cell,L
570938,KCab-m,KCab-m_R,Kenyon_Cell,R
571903,KCab-p,KCab-p_L,Kenyon_Cell,L
575249,KCa'b'-ap2,KCa'b'-ap2_R,Kenyon_Cell,R
575260,KCab-c,KCab-c_R,Kenyon_Cell,R
575369,KCab-s,KCab-s_L,Kenyon_Cell,L
579717,KCg-m,KCg-m_R,Kenyon_Cell,R
579919,MBON10,MBON10(B'1)_R,MBON,R
579941,KCab-c,KCab-c_L,Kenyon_Cell,L
579942,KCab-m,KCab-m_L,Kenyon_Cell,L
580088,KCab-s,KCab-s_L,Kenyon_Cell,L
580215,KCg-m,KCg-m_L,Kenyon_Cell,L
580386,KCab-m,KCab-m_L,Kenyon_Cell,L
580421,KCa'b'-ap2,KCa'b'-ap2_L,Kenyon_Cell,L
580598,KCab-c,KCab-c_L,Kenyon_Cell,L
580622,KCg-m,KCg-m_L,Kenyon_Cell,L
580641,KCg-m,KCg-m_L,Kenyon_Cell,L
580809,KCab-m,KCab-m_L,Kenyon_Cell,L
581043,KCg-m,KCg-m_L,Kenyon_Cell,L
581228,KCab-c,KCab-c_L,Kenyon_Cell,L
581328,KCg-m,KCg-m_L,Kenyon_Cell,L
581393,KCab-m,KCab-m_L,Kenyon_Cell,L
583848,KCg-m,KCg-m_R,Kenyon_Cell,R
583851,KCa'b'-ap2,KCa'b'-ap2_R,Kenyon_Cell,R
583883,KCg-m,KCg-m_R,Kenyon_Cell,R
591438,KCg-m,KCg-m_R,Kenyon_Cell,R
901937,KCab-p,KCab-p_L,Kenyon_Cell,L
915829,KCab-m,KCab-m_L,Kenyon_Cell,L
915893,KCab-p,KCab-p_L,Kenyon_Cell,L
918516,KCab-s,KCab-s_R,Kenyon_Cell,R
919290,KCab-c,KCab-c_L,Kenyon_Cell,L
923406,KCab-s,KCab-s_R,Kenyon_Cell,R
945591,KCab-m,KCab-m_L,Kenyon_Cell,L
946152,KCab-s,KCab-s_R,Kenyon_Cell,R
953362,KCab-m,KCab-m_L,Kenyon_Cell,L
